known_device,location_anomaly,time_anomaly,network_risk,frequency_anomaly,compromise_indicator,risk_score,risk_level
1,0,0,0,0,0,-0.14,Low
0,0,0,0,0,0,1.41,Low
1,0,0,1,0,0,1.31,Low
1,0,0,0,0,0,-0.71,Low
1,0,0,0,0,0,-0.66,Low
1,1,0,0,0,0,1.39,Low
1,0,1,0,0,0,1.32,Low
0,0,0,0,0,0,0.43,Low
1,0,0,0,0,0,-0.56,Low
1,0,0,0,0,0,-0.08,Low
1,1,0,0,1,1,8.92,High
0,1,0,1,1,0,7.8,High
0,1,0,1,0,0,5.88,High
1,0,0,0,1,0,1.93,Low
1,0,0,0,0,0,-1.46,Low
1,0,1,0,0,0,1.53,Low
1,0,0,0,0,0,0.49,Low
1,0,1,0,0,0,1.65,Low
1,0,0,0,0,0,2.0,Low
1,0,0,0,0,0,-1.04,Low
1,0,0,1,0,0,0.81,Low
1,0,0,0,1,0,2.56,Medium
1,1,0,0,0,0,1.73,Low
1,0,0,0,0,0,-0.79,Low
1,0,0,0,0,0,-0.23,Low
0,1,0,0,0,0,3.51,Medium
1,1,0,0,0,0,3.38,Medium
1,1,0,0,0,0,3.81,Medium
1,0,0,0,0,0,-1.31,Low
1,0,0,0,0,0,-1.18,Low
1,0,0,0,0,0,-0.61,Low
1,1,0,0,0,0,1.45,Low
1,1,0,1,0,0,3.38,Medium
0,1,0,0,0,0,3.84,Medium
0,1,0,1,0,0,5.64,High
0,0,1,0,0,0,1.92,Low
1,1,0,1,0,0,3.18,Medium
1,0,0,0,1,0,3.24,Medium
1,0,1,0,0,0,0.71,Low
1,0,0,0,0,0,-0.33,Low
1,1,0,0,0,0,0.78,Low
1,0,0,0,0,0,-0.37,Low
1,0,0,0,0,0,0.77,Low
0,0,0,0,0,0,2.48,Low
1,0,0,0,0,0,0.65,Low
1,0,1,0,1,0,2.04,Low
1,0,0,0,0,0,-0.98,Low
1,0,0,0,0,0,0.91,Low
1,0,0,0,0,0,0.66,Low
1,1,1,1,0,0,4.79,Medium
0,1,0,0,0,0,4.68,Medium
0,0,0,1,1,0,5.04,Medium
0,1,0,0,1,0,5.0,Medium
0,0,0,1,1,0,4.71,Medium
1,0,0,0,0,0,0.29,Low
0,1,1,0,0,0,5.17,Medium
1,0,0,0,0,0,-0.42,Low
1,0,0,0,0,0,-0.62,Low
1,0,1,0,0,0,2.93,Medium
1,0,0,0,0,0,-0.21,Low
1,0,0,0,0,0,1.11,Low
1,0,0,0,0,0,-0.12,Low
0,0,0,0,0,0,1.6,Low
1,0,0,0,0,0,1.13,Low
1,0,1,0,0,0,1.63,Low
1,0,0,0,1,0,1.98,Low
1,0,0,0,0,1,4.91,Medium
0,0,0,0,0,1,8.02,High
1,0,0,0,0,0,-0.59,Low
0,1,0,1,1,1,12.38,High
0,1,0,0,0,0,3.67,Medium
1,0,0,0,0,0,-0.75,Low
1,0,0,0,1,0,1.23,Low
0,0,0,0,0,0,3.27,Medium
1,1,0,0,1,0,2.54,Medium
1,0,0,0,0,0,0.41,Low
0,1,0,0,0,0,3.34,Medium
1,0,0,0,0,0,1.42,Low
1,0,0,0,0,0,-0.22,Low
1,1,0,0,1,1,7.71,High
0,1,0,0,0,0,5.26,Medium
1,0,0,1,1,0,4.7,Medium
1,0,0,0,0,0,0.44,Low
1,0,0,0,0,0,0.64,Low
1,0,0,0,0,0,-0.87,Low
1,0,0,0,0,0,0.59,Low
1,0,0,0,0,0,-0.16,Low
1,0,0,0,0,0,0.29,Low
0,0,0,1,0,1,8.39,High
1,0,0,0,0,0,-0.89,Low
1,0,0,0,0,0,0.48,Low
1,0,0,0,0,0,-0.15,Low
0,0,0,0,0,0,1.01,Low
1,0,0,0,0,0,-0.12,Low
0,0,0,1,1,0,6.02,High
1,0,0,1,0,0,2.47,Low
1,0,0,0,0,0,-1.91,Low
1,0,0,0,0,0,0.31,Low
1,0,1,0,0,0,0.59,Low
1,0,0,0,0,1,4.65,Medium
1,1,1,0,0,0,3.0,Medium
1,0,0,0,0,0,-0.27,Low
1,1,0,0,0,0,1.86,Low
1,0,0,0,0,0,0.27,Low
0,0,0,0,0,0,2.73,Medium
1,0,0,0,0,0,-0.71,Low
1,0,1,0,0,0,0.73,Low
0,1,1,0,0,0,6.18,High
1,0,0,0,1,0,1.71,Low
1,0,0,0,1,0,2.29,Low
1,0,1,0,0,0,0.01,Low
1,0,1,0,0,0,-0.37,Low
0,0,0,0,0,0,1.17,Low
0,0,0,0,0,0,1.45,Low
1,0,0,0,0,0,0.83,Low
0,0,0,0,0,0,2.92,Medium
0,1,0,0,1,0,4.46,Medium
1,0,0,0,1,0,1.57,Low
0,1,0,0,0,0,4.56,Medium
1,0,0,0,1,0,1.92,Low
0,0,0,0,0,0,3.2,Medium
0,0,1,0,0,0,3.54,Medium
1,1,1,0,0,0,2.79,Medium
1,0,0,0,0,0,-0.14,Low
1,0,0,0,1,0,1.95,Low
1,0,0,0,0,0,-0.68,Low
0,0,0,0,0,0,2.75,Medium
0,0,0,0,0,0,2.59,Medium
1,0,0,0,1,0,2.36,Low
1,0,0,0,1,0,2.19,Low
1,1,0,0,0,0,1.19,Low
1,0,0,0,0,0,0.4,Low
1,0,1,1,1,0,5.1,Medium
1,0,0,0,0,0,1.6,Low
0,1,0,1,1,0,6.97,High
1,0,0,0,0,0,-0.58,Low
1,0,0,1,1,0,2.73,Medium
1,0,0,1,0,0,1.83,Low
1,0,0,1,1,0,2.61,Medium
0,0,0,0,0,0,2.95,Medium
0,0,1,0,0,0,3.87,Medium
1,0,0,1,1,0,3.87,Medium
1,1,0,0,1,0,3.19,Medium
1,0,0,0,0,0,-1.22,Low
1,0,0,0,0,0,-0.56,Low
1,0,0,0,0,0,0.5,Low
1,0,1,0,0,0,0.37,Low
1,0,0,0,0,0,1.53,Low
1,1,0,0,1,0,5.19,Medium
1,0,1,0,0,0,1.0,Low
0,1,0,0,0,0,3.63,Medium
1,0,0,0,0,0,-0.46,Low
1,0,0,0,0,0,1.28,Low
1,0,0,0,0,0,-0.53,Low
0,0,0,0,1,0,4.75,Medium
1,0,0,0,0,0,0.02,Low
1,0,0,0,0,0,0.57,Low
0,0,0,0,0,0,1.34,Low
1,1,0,0,0,0,1.73,Low
1,0,0,0,0,0,-0.02,Low
1,0,0,0,0,0,-0.51,Low
1,0,1,0,1,0,4.0,Medium
1,0,0,1,0,0,1.39,Low
1,0,0,0,0,0,-0.46,Low
1,1,0,0,0,1,7.09,High
0,0,0,1,1,1,10.93,High
1,0,0,0,0,0,1.27,Low
1,0,1,0,0,0,-0.53,Low
1,0,0,0,0,0,0.16,Low
1,0,1,0,0,1,5.07,Medium
1,0,1,1,1,0,4.55,Medium
1,0,0,1,1,0,4.26,Medium
1,0,0,0,0,0,-0.26,Low
1,0,0,0,0,0,0.13,Low
1,0,0,0,0,0,2.72,Medium
1,0,0,0,0,0,0.25,Low
1,0,1,0,0,0,1.29,Low
1,0,0,0,0,0,0.66,Low
0,1,0,0,0,0,4.14,Medium
1,0,0,0,0,0,-0.88,Low
1,0,1,0,0,0,-0.32,Low
1,0,0,0,0,0,-0.02,Low
0,0,1,0,0,0,2.78,Medium
0,1,1,0,0,0,3.43,Medium
1,0,0,0,0,0,1.3,Low
1,0,0,0,1,0,2.09,Low
0,0,0,0,0,0,3.15,Medium
1,1,0,0,0,0,0.21,Low
1,0,0,0,0,0,1.17,Low
1,0,0,0,0,0,-0.39,Low
1,0,0,0,0,0,1.01,Low
0,0,0,0,0,0,2.17,Low
0,1,0,0,0,0,4.36,Medium
1,1,0,1,1,0,6.36,High
1,0,0,0,1,0,1.66,Low
1,1,1,0,0,0,2.48,Low
1,0,0,0,0,0,-0.29,Low
0,0,0,0,0,0,0.82,Low
0,0,0,1,1,0,5.62,High
0,1,1,0,0,0,4.44,Medium
1,0,0,1,1,0,2.8,Medium
1,0,0,0,0,0,0.37,Low
1,0,0,1,1,0,4.01,Medium
0,0,0,0,0,0,2.2,Low
1,0,1,0,0,0,1.56,Low
1,0,0,0,0,0,-0.19,Low
1,0,0,0,0,0,-0.75,Low
1,0,0,0,0,0,0.24,Low
1,0,0,0,1,0,-0.34,Low
1,0,0,0,0,0,-0.09,Low
1,1,0,0,0,0,2.61,Medium
1,0,0,0,0,0,0.84,Low
1,0,0,0,1,0,1.58,Low
1,0,0,0,0,0,-1.79,Low
1,1,1,0,0,0,0.89,Low
1,0,0,0,0,0,0.51,Low
1,0,0,0,0,0,-0.28,Low
1,0,0,0,0,0,1.61,Low
1,0,0,0,0,0,-1.13,Low
0,1,1,0,0,0,5.27,Medium
1,0,0,0,0,1,5.33,Medium
1,0,1,0,0,0,1.17,Low
1,1,0,0,0,0,0.73,Low
1,0,1,0,0,0,3.22,Medium
1,0,0,0,0,0,1.26,Low
1,0,0,0,0,0,-0.18,Low
0,0,0,0,0,0,2.66,Medium
1,0,0,0,0,0,0.66,Low
0,1,0,0,0,0,4.51,Medium
1,0,1,0,0,0,-0.11,Low
0,1,0,0,0,0,4.26,Medium
1,0,0,0,0,0,1.17,Low
1,1,1,0,0,0,3.4,Medium
1,0,0,0,1,0,2.32,Low
1,0,0,0,1,0,1.57,Low
1,0,0,0,0,0,-0.72,Low
1,0,0,0,0,0,-1.26,Low
1,0,1,0,1,0,3.61,Medium
1,0,1,0,1,0,2.82,Medium
1,0,0,0,0,0,-1.07,Low
0,1,0,1,1,0,8.78,High
0,0,0,0,0,0,1.53,Low
0,0,1,0,0,0,2.31,Low
1,0,0,1,0,0,1.6,Low
1,0,0,1,0,0,1.85,Low
0,1,0,1,0,0,6.37,High
1,0,0,1,0,0,1.3,Low
0,1,0,0,0,0,4.81,Medium
0,1,1,0,0,0,5.39,Medium
0,0,0,0,0,0,1.59,Low
1,0,1,0,0,0,0.87,Low
1,0,0,0,0,0,-0.34,Low
0,0,1,0,0,0,3.05,Medium
1,0,0,0,0,0,1.22,Low
1,1,0,0,0,0,1.65,Low
1,0,0,0,0,0,0.15,Low
0,0,0,0,0,1,5.44,Medium
1,0,1,0,0,0,1.43,Low
1,1,0,0,0,0,2.22,Low
1,0,0,1,1,0,5.06,Medium
1,0,1,0,0,0,0.34,Low
0,0,1,0,0,0,3.55,Medium
1,0,0,0,0,0,1.01,Low
1,1,1,0,0,0,2.65,Medium
0,0,0,0,0,0,1.9,Low
1,0,0,0,0,0,0.15,Low
1,0,0,0,0,0,-0.19,Low
1,0,0,0,0,0,0.14,Low
1,0,0,0,0,0,0.54,Low
1,0,0,0,0,0,-0.09,Low
0,0,0,0,0,0,1.9,Low
0,1,1,0,0,0,5.21,Medium
0,1,0,0,0,0,3.68,Medium
0,1,1,1,0,0,6.72,High
1,1,0,0,0,1,5.28,Medium
1,0,0,1,0,0,1.97,Low
0,0,0,0,0,0,2.36,Low
1,0,0,0,0,0,-0.22,Low
1,0,1,0,1,0,2.38,Low
0,0,0,0,0,0,1.92,Low
0,0,0,0,0,0,2.32,Low
1,0,1,0,0,0,1.1,Low
1,1,0,0,0,0,3.78,Medium
1,0,0,0,0,0,-0.53,Low
1,0,0,0,0,0,-0.12,Low
1,0,1,0,0,1,5.62,High
1,0,1,0,0,0,0.44,Low
1,0,0,0,0,0,1.54,Low
1,0,0,0,0,0,0.0,Low
1,0,1,0,1,0,3.45,Medium
1,0,0,0,0,0,0.02,Low
1,0,1,0,0,0,1.81,Low
0,0,0,0,0,0,1.15,Low
1,0,1,1,0,0,4.26,Medium
1,0,0,1,0,0,2.19,Low
1,1,0,1,1,0,6.53,High
0,1,0,0,0,0,3.41,Medium
1,0,0,0,0,0,0.27,Low
1,0,1,0,0,0,0.23,Low
1,0,0,0,0,0,0.94,Low
1,1,1,0,0,0,1.97,Low
1,0,0,0,0,0,0.12,Low
1,0,0,0,0,0,-0.31,Low
1,1,0,0,0,0,0.75,Low
1,0,0,0,0,0,-0.75,Low
0,1,0,0,1,0,6.36,High
1,1,0,0,0,0,1.28,Low
1,0,0,1,0,0,1.46,Low
0,1,0,0,1,0,6.3,High
1,0,1,0,1,0,3.73,Medium
1,1,0,0,0,0,2.53,Medium
1,0,0,0,1,0,1.96,Low
1,1,0,0,0,0,2.17,Low
0,1,1,0,0,0,5.09,Medium
0,0,0,0,0,0,1.17,Low
1,0,0,0,0,1,4.22,Medium
1,0,0,0,0,0,-0.84,Low
1,0,0,0,0,0,0.49,Low
1,0,0,0,0,0,0.11,Low
1,0,1,1,1,0,3.27,Medium
1,0,0,0,0,0,0.78,Low
1,0,0,1,1,0,3.58,Medium
1,1,0,0,1,0,3.52,Medium
1,0,1,0,0,0,1.76,Low
0,0,0,0,0,0,1.87,Low
1,0,0,1,1,0,4.48,Medium
1,0,0,0,0,0,-0.52,Low
1,0,0,1,1,0,4.64,Medium
1,0,0,0,0,0,0.16,Low
1,1,0,0,0,0,2.32,Low
1,0,0,0,0,0,-0.14,Low
0,0,0,0,1,0,5.3,Medium
1,0,0,0,1,0,3.5,Medium
1,0,0,0,0,0,-1.76,Low
1,0,1,0,0,0,1.74,Low
1,0,0,0,0,0,-0.86,Low
0,1,0,0,0,0,4.41,Medium
1,0,0,0,0,0,-1.42,Low
1,0,0,0,0,0,0.32,Low
1,1,1,0,0,1,6.33,High
1,0,1,0,1,0,2.63,Medium
1,0,0,1,0,0,1.65,Low
1,0,0,0,1,0,1.41,Low
1,0,0,1,1,0,3.43,Medium
1,1,1,0,0,0,2.68,Medium
1,0,0,0,0,0,-0.12,Low
1,0,0,0,1,0,2.26,Low
1,1,0,0,0,0,3.49,Medium
1,0,1,0,0,0,0.24,Low
1,0,0,0,0,0,0.1,Low
1,0,0,0,0,1,4.62,Medium
0,0,0,0,0,0,1.43,Low
1,0,0,0,0,0,-1.81,Low
1,0,0,0,0,1,2.47,Low
1,0,1,0,0,0,-0.78,Low
1,0,1,1,0,0,4.23,Medium
1,0,0,0,1,0,2.49,Low
1,0,1,0,0,0,1.6,Low
0,0,0,0,0,0,2.79,Medium
1,0,0,0,0,0,-0.46,Low
1,1,1,0,0,0,4.84,Medium
1,1,0,0,0,0,2.27,Low
1,1,0,0,0,0,1.94,Low
1,1,1,0,1,0,5.89,High
0,1,0,0,1,0,6.53,High
1,0,0,0,0,0,1.07,Low
0,1,1,0,0,0,6.12,High
0,0,0,0,0,0,1.72,Low
1,0,0,0,0,0,0.15,Low
1,0,0,0,0,0,-0.73,Low
1,0,0,0,0,0,-1.3,Low
1,1,0,0,0,0,2.67,Medium
1,0,0,0,0,0,0.77,Low
1,0,0,0,0,0,-1.59,Low
1,1,0,0,0,0,1.43,Low
1,0,0,0,0,0,0.04,Low
0,0,0,0,0,0,2.12,Low
1,0,1,0,0,0,2.64,Medium
0,0,0,0,0,0,1.5,Low
1,0,1,0,0,0,0.86,Low
1,0,0,0,0,0,0.52,Low
1,0,0,0,0,0,-0.28,Low
1,0,0,1,0,0,1.6,Low
0,1,0,1,0,0,5.53,High
1,1,0,0,0,0,2.19,Low
0,1,0,0,0,0,3.86,Medium
1,0,1,0,0,0,1.55,Low
1,1,0,0,0,0,2.29,Low
0,1,1,0,0,0,2.67,Medium
0,1,0,1,1,0,6.6,High
0,1,0,0,0,0,3.6,Medium
1,0,0,1,0,0,2.78,Medium
1,0,0,0,0,0,-0.52,Low
0,0,1,0,0,0,3.3,Medium
1,0,0,0,0,0,0.48,Low
0,0,0,0,0,0,2.43,Low
0,0,0,0,0,0,1.56,Low
1,0,0,0,0,0,-0.92,Low
0,0,1,0,0,0,1.95,Low
0,0,0,1,0,0,6.38,High
1,0,0,1,1,0,4.36,Medium
0,0,0,0,0,0,3.47,Medium
1,0,1,0,1,0,2.33,Low
0,0,0,0,0,0,3.0,Medium
1,1,0,0,0,0,1.62,Low
0,0,0,0,0,0,1.98,Low
1,0,1,0,0,0,0.77,Low
1,0,0,0,1,0,1.3,Low
0,0,0,0,0,0,1.31,Low
1,0,0,0,0,0,-0.03,Low
1,0,0,0,0,0,-0.47,Low
0,0,0,0,0,0,2.1,Low
0,0,0,0,1,0,3.33,Medium
1,0,0,1,1,0,4.57,Medium
1,1,0,0,0,0,1.63,Low
1,0,0,0,0,0,1.31,Low
1,0,0,0,1,0,1.96,Low
1,0,1,0,0,0,0.92,Low
1,0,1,0,0,0,2.28,Low
0,1,0,0,0,0,3.6,Medium
0,0,0,1,0,0,3.67,Medium
0,0,1,0,0,0,2.44,Low
1,0,0,0,0,0,0.16,Low
1,0,0,0,0,0,-0.59,Low
1,0,1,0,0,0,1.62,Low
1,0,0,0,0,0,-0.04,Low
1,0,0,1,0,0,2.67,Medium
0,0,0,0,0,0,2.58,Medium
1,0,0,0,0,0,-0.41,Low
1,0,0,0,0,0,-0.59,Low
1,0,1,0,0,0,0.74,Low
0,1,0,0,0,0,4.01,Medium
1,0,0,0,0,1,4.27,Medium
1,0,1,0,0,0,1.36,Low
1,1,0,1,1,0,5.97,High
1,0,0,1,0,0,1.46,Low
1,0,0,0,0,0,-0.47,Low
0,0,1,0,0,0,3.41,Medium
1,0,0,0,1,1,5.48,Medium
1,0,0,0,0,1,4.45,Medium
1,0,0,0,0,0,0.47,Low
0,0,0,0,0,0,3.23,Medium
1,1,0,0,0,0,1.62,Low
1,1,0,0,0,0,1.74,Low
0,0,0,0,0,0,0.15,Low
0,0,0,1,0,0,3.25,Medium
0,0,0,0,0,0,1.24,Low
0,0,0,0,0,0,2.4,Low
1,0,0,0,1,0,3.45,Medium
1,1,1,0,0,0,3.46,Medium
0,0,1,0,0,0,3.79,Medium
1,1,1,0,1,0,4.43,Medium
1,0,0,0,0,0,-0.96,Low
0,1,0,1,0,0,5.81,High
1,0,0,0,0,0,-0.5,Low
1,0,0,0,0,0,-0.69,Low
1,0,0,0,0,0,0.17,Low
1,0,0,0,0,0,-0.95,Low
1,0,0,1,0,0,2.66,Medium
1,0,0,0,0,0,-0.32,Low
1,0,0,0,0,0,-0.04,Low
1,0,0,0,0,0,0.08,Low
1,1,0,0,0,0,1.63,Low
1,1,0,0,0,0,3.01,Medium
0,0,1,0,1,0,3.72,Medium
1,0,0,0,0,0,1.03,Low
1,0,0,0,0,0,-0.28,Low
0,1,1,0,0,0,5.74,High
1,0,0,0,0,1,4.16,Medium
0,1,0,1,1,0,8.68,High
1,0,0,0,0,0,-0.09,Low
0,1,0,0,1,0,6.19,High
1,0,0,0,0,0,0.88,Low
0,0,0,0,0,0,2.08,Low
1,0,0,0,0,0,1.06,Low
0,1,1,0,0,0,5.28,Medium
1,0,0,1,1,0,3.41,Medium
1,0,0,0,1,0,1.72,Low
0,0,0,0,0,0,2.71,Medium
1,0,0,0,0,0,-0.99,Low
1,0,1,0,0,0,1.63,Low
1,0,0,0,0,0,-0.29,Low
1,0,1,0,0,0,-0.03,Low
1,0,0,0,1,0,2.17,Low
1,0,1,0,1,1,6.44,High
0,1,0,0,0,0,3.54,Medium
1,0,0,0,0,0,-0.5,Low
1,1,0,0,0,0,2.09,Low
0,0,0,0,0,0,1.69,Low
0,0,0,0,0,0,2.31,Low
1,0,1,0,0,0,1.81,Low
1,0,0,0,0,0,0.43,Low
1,0,0,0,0,0,1.44,Low
1,0,0,0,0,0,1.64,Low
1,0,0,0,0,0,-0.23,Low
1,0,1,0,1,0,2.08,Low
1,0,0,0,0,0,-0.23,Low
1,0,0,0,1,0,2.09,Low
0,0,0,0,0,0,3.78,Medium
0,0,0,0,0,0,1.7,Low
1,0,0,1,1,0,4.22,Medium
1,0,0,0,0,1,3.46,Medium
1,0,0,0,0,0,-0.28,Low
0,0,0,1,0,0,3.03,Medium
1,0,0,0,0,0,-1.17,Low
1,0,0,0,1,0,3.09,Medium
0,0,0,0,0,0,2.85,Medium
0,0,0,0,0,0,1.7,Low
0,0,0,0,0,0,2.85,Medium
1,0,0,0,0,0,-1.05,Low
1,0,0,0,0,0,-0.14,Low
1,0,0,0,0,0,0.14,Low
0,0,1,0,0,0,4.01,Medium
0,1,0,0,0,0,4.16,Medium
1,0,0,0,0,0,0.44,Low
1,0,0,0,0,0,-0.38,Low
1,0,0,0,1,0,2.21,Low
0,0,1,1,1,0,8.01,High
0,0,1,0,0,0,1.71,Low
1,0,0,0,0,0,0.91,Low
1,0,0,0,0,0,-0.17,Low
1,0,0,0,0,0,-1.12,Low
0,1,0,0,0,0,3.79,Medium
0,1,0,0,0,0,5.03,Medium
0,0,1,0,0,0,2.61,Medium
1,0,0,0,1,0,2.24,Low
1,0,1,0,0,0,-0.29,Low
1,0,1,0,0,0,-0.46,Low
1,1,1,0,0,0,2.14,Low
0,0,0,0,0,0,2.81,Medium
0,0,0,0,0,0,1.96,Low
0,0,0,0,0,0,2.88,Medium
0,1,0,0,0,0,4.93,Medium
1,0,0,0,0,0,-0.61,Low
0,1,0,1,0,0,7.25,High
0,0,0,0,0,0,1.56,Low
0,0,0,0,0,0,2.8,Medium
1,0,0,0,0,0,0.77,Low
1,0,0,0,0,0,0.05,Low
1,0,0,0,0,0,0.05,Low
0,1,0,1,0,0,6.26,High
1,0,0,0,0,0,0.09,Low
1,0,1,0,0,1,4.69,Medium
1,0,0,0,0,0,-0.38,Low
1,1,0,0,0,0,1.69,Low
1,0,0,0,0,1,4.97,Medium
1,1,0,0,0,0,0.73,Low
1,1,0,1,1,0,5.6,High
1,0,1,0,1,0,2.74,Medium
0,0,1,1,1,0,6.82,High
1,0,0,0,0,0,0.24,Low
0,1,0,1,0,0,4.92,Medium
1,0,0,0,0,0,0.82,Low
1,0,0,0,0,0,0.71,Low
0,1,0,0,0,0,4.54,Medium
1,0,0,0,0,0,-0.17,Low
1,0,0,0,0,0,-0.59,Low
1,1,0,0,0,0,1.74,Low
0,0,0,0,1,0,4.05,Medium
1,1,0,0,0,0,2.53,Medium
1,0,0,0,0,1,3.93,Medium
1,1,0,0,0,0,2.29,Low
1,0,0,0,0,0,-0.35,Low
1,0,0,0,0,0,0.23,Low
1,0,0,0,0,0,-0.2,Low
1,0,0,0,0,0,0.21,Low
1,1,0,1,1,0,4.59,Medium
1,0,0,0,0,0,0.39,Low
0,1,0,0,0,0,4.43,Medium
1,0,0,0,0,0,0.42,Low
1,0,0,0,0,0,-0.79,Low
0,0,0,0,0,0,1.43,Low
1,0,0,0,0,0,-0.69,Low
1,0,0,0,0,0,0.26,Low
0,1,1,0,0,0,5.53,High
0,1,0,0,0,0,3.44,Medium
1,1,0,0,0,0,3.05,Medium
0,1,0,0,1,0,7.04,High
1,0,0,0,0,0,0.11,Low
1,0,0,0,0,0,0.3,Low
1,0,1,0,0,0,-0.34,Low
0,1,0,1,0,0,5.58,High
1,0,0,0,0,0,-1.0,Low
1,0,0,1,0,0,1.27,Low
1,0,0,1,0,0,2.41,Low
1,0,1,0,0,0,1.6,Low
1,0,0,0,0,0,0.64,Low
1,1,0,0,0,0,2.19,Low
1,0,1,0,0,0,1.42,Low
1,0,0,0,0,0,-1.27,Low
1,0,0,0,0,0,-1.03,Low
1,0,1,0,0,0,0.83,Low
1,0,0,0,0,0,0.48,Low
1,0,0,0,0,0,-0.36,Low
0,1,0,0,0,0,2.91,Medium
1,0,0,0,0,0,-0.55,Low
1,0,0,0,0,0,-0.75,Low
1,0,0,0,0,0,-1.38,Low
1,0,1,0,0,0,2.78,Medium
1,0,1,0,0,0,1.99,Low
1,0,1,0,0,0,-0.58,Low
1,0,0,1,0,0,0.46,Low
1,0,1,0,0,0,0.36,Low
1,1,0,0,0,0,0.81,Low
1,0,0,0,0,0,1.91,Low
1,0,0,0,0,0,-0.64,Low
1,0,0,0,0,0,0.29,Low
1,1,0,0,0,0,1.6,Low
1,0,1,0,0,0,0.07,Low
1,1,0,0,0,0,2.84,Medium
1,0,0,1,1,0,4.52,Medium
0,1,0,0,0,0,3.95,Medium
1,0,1,0,0,0,2.91,Medium
1,0,0,0,0,0,0.19,Low
0,0,0,1,0,0,3.63,Medium
0,0,0,0,0,0,3.53,Medium
1,1,0,0,0,0,2.32,Low
1,1,1,0,0,0,4.3,Medium
0,0,0,0,0,0,1.97,Low
1,0,0,0,0,0,-2.41,Low
1,0,0,0,0,1,2.75,Medium
1,0,1,0,0,0,1.87,Low
1,0,0,1,1,0,3.53,Medium
1,1,0,0,0,0,2.2,Low
1,1,0,0,0,0,2.91,Medium
1,0,0,0,0,0,0.14,Low
1,0,1,0,0,0,0.31,Low
1,0,1,0,1,0,2.99,Medium
1,0,1,0,0,0,1.09,Low
1,0,1,0,0,0,0.67,Low
1,0,1,0,0,0,-0.11,Low
0,0,0,0,0,0,1.72,Low
1,0,1,0,0,0,0.93,Low
1,0,0,0,0,0,-1.15,Low
1,0,0,0,0,0,-0.73,Low
1,1,0,1,0,0,3.43,Medium
1,0,1,1,1,0,3.51,Medium
1,0,0,0,0,0,0.1,Low
1,0,1,0,0,1,5.19,Medium
1,0,0,0,0,0,-0.44,Low
1,0,0,1,0,0,0.91,Low
1,1,0,0,0,0,2.33,Low
1,0,0,0,0,0,0.44,Low
1,1,0,0,0,0,2.08,Low
1,0,0,0,0,0,0.03,Low
0,0,1,0,0,0,3.48,Medium
1,1,0,0,0,0,1.92,Low
1,0,0,0,1,0,1.27,Low
0,1,0,0,0,0,3.94,Medium
1,0,0,0,0,0,-0.31,Low
1,1,0,0,1,0,3.94,Medium
1,0,0,0,0,0,0.71,Low
1,0,0,0,0,0,-0.96,Low
1,0,0,0,0,0,0.14,Low
1,0,0,0,0,0,-1.0,Low
1,1,1,0,0,0,2.27,Low
1,0,0,0,0,0,1.26,Low
1,0,0,0,1,0,2.37,Low
1,0,0,0,0,0,0.13,Low
1,0,0,0,0,0,-1.33,Low
1,0,0,1,0,0,1.81,Low
0,0,0,0,0,0,0.34,Low
1,1,0,1,1,0,6.03,High
1,0,0,0,0,0,-1.0,Low
1,0,1,0,0,0,1.45,Low
1,0,1,1,1,0,5.13,Medium
1,0,1,0,0,0,0.03,Low
1,0,0,0,0,0,0.31,Low
1,0,0,0,0,0,1.67,Low
1,0,0,0,0,0,-0.16,Low
1,1,0,0,0,0,2.7,Medium
0,1,0,0,0,0,2.32,Low
1,0,0,0,1,0,2.37,Low
1,0,0,0,0,0,-0.46,Low
1,0,1,0,0,0,0.78,Low
0,0,0,0,1,0,4.48,Medium
1,1,0,1,1,0,5.81,High
1,0,0,0,0,0,-1.29,Low
0,1,0,0,0,0,5.22,Medium
0,0,0,0,0,0,0.84,Low
0,0,0,0,1,0,3.33,Medium
1,1,0,0,0,0,2.1,Low
1,0,0,1,0,0,2.11,Low
1,0,0,0,0,0,0.34,Low
0,0,0,0,0,0,2.11,Low
1,0,0,1,1,0,4.92,Medium
1,0,0,1,0,1,6.39,High
1,0,0,0,1,0,1.05,Low
0,0,1,0,0,0,0.92,Low
1,0,0,0,0,0,0.12,Low
1,0,0,0,0,0,1.17,Low
1,0,1,0,0,0,-0.0,Low
1,1,1,0,0,0,2.16,Low
1,0,1,0,0,0,1.28,Low
1,1,0,0,0,0,2.39,Low
1,0,0,0,0,0,0.9,Low
1,1,0,1,0,0,5.31,Medium
1,0,0,0,1,0,2.19,Low
1,0,1,0,0,0,0.26,Low
1,0,0,0,0,0,-0.72,Low
1,0,1,0,0,0,0.57,Low
1,0,0,1,1,0,4.82,Medium
1,0,0,0,1,0,1.6,Low
1,1,1,0,1,0,5.77,High
1,0,0,1,1,0,2.78,Medium
0,0,1,1,1,0,7.23,High
1,0,0,0,0,0,-0.6,Low
0,0,0,0,1,0,4.42,Medium
1,0,0,0,0,0,-0.21,Low
1,0,1,0,0,0,1.64,Low
0,0,0,1,1,0,5.65,High
1,0,0,0,0,0,-0.02,Low
1,1,0,0,0,0,2.65,Medium
1,0,0,0,0,0,-0.08,Low
1,1,0,0,0,0,2.05,Low
0,0,0,0,0,0,2.61,Medium
0,1,0,0,0,0,3.94,Medium
0,1,0,0,0,0,2.73,Medium
1,0,1,1,0,0,2.54,Medium
1,0,0,0,0,0,-1.54,Low
0,0,1,0,0,0,2.8,Medium
1,0,0,0,0,0,0.38,Low
1,0,1,0,0,1,5.1,Medium
1,1,0,0,0,0,3.12,Medium
1,0,0,0,1,0,3.03,Medium
0,0,1,0,0,0,3.21,Medium
1,0,0,0,0,0,-1.91,Low
0,0,0,0,0,0,2.54,Medium
1,0,1,0,0,0,0.38,Low
1,0,0,0,0,0,0.7,Low
1,0,1,0,0,0,1.25,Low
0,1,0,0,0,0,4.52,Medium
1,0,0,0,0,0,0.4,Low
1,0,0,0,0,0,1.91,Low
1,0,0,0,0,0,0.42,Low
0,1,0,0,0,1,6.98,High
1,0,0,0,0,0,0.86,Low
0,0,0,0,0,0,1.66,Low
1,0,0,0,0,0,1.08,Low
1,0,0,0,0,0,1.23,Low
1,0,1,0,0,0,1.5,Low
1,0,0,0,0,0,-1.02,Low
1,0,0,0,0,0,-0.37,Low
1,0,1,0,0,0,2.07,Low
1,0,0,0,0,0,1.6,Low
0,0,1,1,1,1,11.05,High
1,1,0,0,1,0,3.78,Medium
1,1,0,0,0,0,1.06,Low
0,1,0,0,0,0,3.07,Medium
1,0,0,0,0,0,0.19,Low
1,0,1,0,0,0,1.56,Low
0,0,0,0,0,0,0.81,Low
1,0,0,0,0,0,0.66,Low
1,0,0,0,0,0,1.1,Low
1,0,0,0,0,0,0.5,Low
0,0,0,1,0,0,5.32,Medium
1,0,0,0,1,0,2.28,Low
1,0,1,1,0,0,3.29,Medium
0,0,1,0,0,0,3.28,Medium
0,0,0,0,0,0,3.09,Medium
1,0,0,1,1,0,4.43,Medium
1,0,0,0,0,0,-0.42,Low
1,0,0,0,1,0,2.34,Low
1,0,0,0,0,0,0.35,Low
1,0,0,0,0,0,-0.17,Low
1,0,0,1,1,0,4.82,Medium
0,0,1,0,0,0,3.07,Medium
0,0,1,0,0,0,3.56,Medium
1,0,0,0,0,0,0.41,Low
0,0,0,0,0,0,1.42,Low
1,0,0,0,0,1,3.22,Medium
0,0,0,0,0,0,1.43,Low
1,0,0,0,1,0,1.94,Low
1,0,0,0,0,0,1.27,Low
0,0,1,0,0,0,2.96,Medium
1,0,1,0,0,0,1.3,Low
1,0,0,0,0,0,0.7,Low
1,0,0,0,0,0,-0.29,Low
1,0,0,1,0,1,5.67,High
1,0,1,0,0,0,1.84,Low
1,1,1,0,0,0,3.45,Medium
1,0,0,0,0,0,-0.45,Low
1,1,0,0,0,0,1.67,Low
1,0,0,0,0,0,0.07,Low
1,0,0,0,0,0,0.26,Low
0,0,0,0,0,0,3.0,Medium
1,0,0,0,0,0,0.43,Low
1,0,0,1,1,0,3.21,Medium
1,0,0,0,0,0,-0.63,Low
0,0,1,1,0,0,5.25,Medium
1,0,0,0,0,0,0.11,Low
1,0,0,0,0,0,-0.68,Low
1,0,0,0,0,0,0.84,Low
1,0,0,0,0,0,-1.8,Low
1,0,0,0,1,0,2.27,Low
0,1,0,1,1,0,6.76,High
0,0,1,0,0,0,3.7,Medium
1,0,0,0,0,0,-0.21,Low
1,0,0,0,0,0,0.6,Low
0,1,0,0,0,1,7.69,High
1,0,0,0,0,0,1.06,Low
1,0,1,0,0,0,-0.49,Low
1,0,0,0,0,0,0.7,Low
1,1,0,0,0,0,1.51,Low
1,1,0,1,1,0,6.3,High
1,0,0,0,0,0,0.33,Low
0,0,1,0,0,0,1.89,Low
0,0,0,0,0,0,2.8,Medium
1,0,0,0,0,0,0.31,Low
1,0,1,0,0,0,1.09,Low
0,0,0,0,0,0,2.31,Low
0,0,0,1,0,0,4.1,Medium
1,0,0,0,0,0,0.67,Low
0,0,0,0,0,0,1.62,Low
0,0,0,1,0,0,4.67,Medium
1,0,0,0,0,0,0.46,Low
1,1,0,0,0,0,1.86,Low
1,0,0,0,0,0,1.48,Low
1,0,0,0,0,0,0.36,Low
1,0,0,0,0,0,0.16,Low
0,1,1,0,0,0,5.46,Medium
1,0,0,0,0,0,-0.08,Low
1,1,1,0,0,0,3.96,Medium
1,0,0,0,0,0,-0.02,Low
1,0,0,0,0,0,0.66,Low
0,1,0,0,0,0,3.15,Medium
1,0,1,0,0,0,-0.44,Low
1,1,0,1,0,0,4.32,Medium
1,1,0,0,0,0,1.69,Low
1,0,1,0,0,0,0.85,Low
1,0,1,1,1,0,3.13,Medium
1,0,0,0,0,0,1.36,Low
1,0,1,1,1,0,5.08,Medium
1,0,0,0,0,0,1.07,Low
1,0,0,0,0,0,-1.11,Low
1,1,0,0,0,0,2.08,Low
0,1,0,0,0,0,4.33,Medium
1,1,0,0,0,0,2.11,Low
1,0,0,0,0,0,0.19,Low
1,0,0,0,0,0,-1.11,Low
1,1,0,0,0,0,2.25,Low
1,0,1,0,0,0,0.33,Low
1,1,0,0,0,0,1.51,Low
0,1,1,0,0,0,5.01,Medium
1,0,1,1,0,0,2.72,Medium
1,1,1,0,0,0,2.76,Medium
1,0,1,0,0,0,1.9,Low
0,1,0,0,0,0,3.88,Medium
1,1,0,0,0,0,1.68,Low
1,0,0,0,0,0,-0.1,Low
1,0,0,0,0,0,-0.89,Low
1,0,0,0,0,0,0.13,Low
1,0,0,1,0,0,2.58,Medium
0,0,1,0,0,0,3.25,Medium
1,0,1,0,0,0,1.03,Low
1,0,0,0,0,0,0.48,Low
1,0,0,0,0,0,-0.44,Low
1,0,0,0,0,0,0.03,Low
1,0,1,0,0,0,2.12,Low
1,0,0,0,0,0,-0.24,Low
0,1,0,0,0,0,4.49,Medium
1,0,0,0,0,0,0.51,Low
1,0,0,0,0,0,-0.61,Low
1,0,1,0,0,0,1.55,Low
1,0,0,0,0,0,-0.49,Low
1,1,0,0,1,0,4.34,Medium
1,0,1,0,0,0,0.5,Low
1,0,1,0,0,0,1.22,Low
0,0,1,0,0,0,3.1,Medium
0,0,0,0,0,0,2.09,Low
1,0,0,0,0,0,0.22,Low
1,0,0,0,0,0,-0.42,Low
1,0,0,0,0,0,-0.93,Low
1,0,0,0,0,0,0.07,Low
1,1,0,0,1,0,4.88,Medium
1,0,0,0,0,0,0.47,Low
1,0,1,0,0,0,1.36,Low
1,0,0,0,0,0,-0.41,Low
1,0,1,1,0,0,3.15,Medium
1,1,0,0,0,0,1.34,Low
1,0,0,0,1,0,1.66,Low
1,0,0,1,1,0,4.29,Medium
1,0,0,0,0,1,2.55,Medium
1,0,0,0,0,0,1.38,Low
0,1,1,0,0,0,3.93,Medium
1,0,0,0,0,0,1.51,Low
1,0,1,0,0,0,0.33,Low
1,0,0,0,0,0,-0.68,Low
1,0,1,0,0,0,0.68,Low
1,0,0,0,0,0,-0.35,Low
1,1,1,0,0,0,2.52,Medium
0,0,0,0,1,0,3.7,Medium
0,0,0,0,0,0,2.07,Low
1,0,1,0,0,0,0.28,Low
1,0,0,0,0,1,4.67,Medium
1,0,0,0,0,0,1.13,Low
1,0,1,0,1,0,1.44,Low
0,0,0,0,1,0,5.48,Medium
1,0,0,0,1,0,2.62,Medium
1,0,0,0,0,0,0.21,Low
1,0,1,0,0,0,0.54,Low
1,0,0,0,0,0,0.13,Low
1,0,0,0,0,0,0.72,Low
1,0,0,1,0,0,4.09,Medium
1,0,1,1,1,0,6.75,High
0,0,1,0,0,0,1.78,Low
0,0,0,0,0,0,1.83,Low
1,0,0,0,0,0,0.06,Low
1,0,0,0,0,0,1.07,Low
1,0,0,1,0,0,1.93,Low
1,0,0,0,0,0,-0.6,Low
1,0,1,0,1,0,3.04,Medium
1,0,0,0,0,0,-0.31,Low
1,1,0,0,0,0,2.79,Medium
1,1,0,0,0,0,3.91,Medium
1,0,0,0,0,1,4.73,Medium
1,0,0,0,0,0,0.76,Low
0,1,0,0,0,0,4.99,Medium
0,1,0,0,0,0,4.36,Medium
1,0,0,1,1,0,3.68,Medium
0,0,1,0,0,0,2.76,Medium
1,0,0,0,0,0,0.88,Low
0,0,0,0,0,0,2.23,Low
0,0,0,0,0,0,1.21,Low
1,0,1,0,0,0,2.05,Low
1,0,1,0,0,0,0.38,Low
1,0,0,1,0,0,1.1,Low
1,0,0,0,0,0,-0.7,Low
1,0,0,0,1,0,2.25,Low
1,1,0,0,0,0,2.78,Medium
1,1,0,0,0,0,2.2,Low
0,0,0,0,0,0,1.55,Low
0,0,0,1,1,0,5.35,Medium
1,0,0,0,0,0,0.62,Low
1,0,0,0,0,0,-0.07,Low
1,0,0,0,1,0,2.27,Low
1,1,0,0,0,0,1.89,Low
0,0,0,1,0,0,4.24,Medium
1,0,0,0,0,0,0.31,Low
1,0,0,0,0,0,1.94,Low
1,0,1,0,0,0,1.32,Low
1,0,0,0,0,0,-0.31,Low
1,0,1,0,0,0,1.14,Low
0,0,0,0,0,0,1.24,Low
1,0,0,0,0,0,-0.77,Low
1,0,0,0,0,0,1.0,Low
1,0,1,0,0,0,1.24,Low
0,1,0,0,0,0,4.9,Medium
0,0,0,0,0,0,0.7,Low
1,1,0,0,0,0,1.22,Low
1,0,1,0,0,1,5.24,Medium
1,0,1,0,1,0,2.34,Low
1,0,0,0,0,0,-1.14,Low
0,0,0,0,0,0,1.14,Low
1,1,0,0,1,0,3.74,Medium
1,1,1,0,0,0,3.33,Medium
1,0,0,0,0,0,1.37,Low
1,0,1,0,0,0,0.16,Low
1,0,0,0,0,0,-0.8,Low
1,1,0,0,0,0,0.84,Low
1,0,1,0,0,0,1.46,Low
1,0,0,0,0,0,0.1,Low
1,0,1,0,0,0,0.23,Low
1,0,0,0,0,0,-0.66,Low
1,1,1,0,0,0,2.9,Medium
1,0,0,0,0,0,-0.05,Low
1,0,0,0,0,0,-0.83,Low
1,0,0,0,0,0,0.14,Low
1,0,0,0,1,0,0.9,Low
1,0,0,0,0,0,0.04,Low
1,0,1,0,0,0,0.86,Low
0,1,0,0,0,0,4.32,Medium
1,0,0,0,0,0,0.97,Low
1,0,1,0,0,0,0.7,Low
1,0,0,0,1,0,2.0,Low
1,0,0,0,0,0,-1.58,Low
1,1,0,0,0,0,3.58,Medium
1,0,1,0,0,0,-0.49,Low
1,0,0,0,0,0,-0.07,Low
1,0,0,0,0,1,1.96,Low
1,0,1,0,0,0,0.34,Low
0,0,1,1,0,0,6.39,High
1,1,0,0,0,0,2.92,Medium
1,0,0,0,0,0,0.79,Low
1,0,1,0,0,0,0.85,Low
1,0,0,0,0,0,1.32,Low
1,0,1,0,0,0,1.21,Low
1,0,0,0,0,0,0.55,Low
1,1,0,0,0,0,4.12,Medium
0,0,0,1,1,0,6.87,High
0,0,0,0,0,0,1.95,Low
1,0,0,1,1,0,4.41,Medium
1,0,0,0,1,0,3.12,Medium
1,0,0,1,1,0,4.5,Medium
1,1,0,1,1,0,6.63,High
1,0,0,0,0,0,1.03,Low
0,1,1,0,0,1,11.02,High
1,0,0,0,0,0,-0.75,Low
0,1,0,0,0,0,4.56,Medium
1,0,0,1,1,0,4.37,Medium
1,0,0,0,1,0,1.69,Low
1,0,0,0,0,0,-0.52,Low
0,0,0,0,0,0,3.32,Medium
1,0,0,0,0,0,-0.82,Low
0,0,0,0,0,0,0.87,Low
1,1,0,0,1,0,3.55,Medium
1,0,1,0,0,0,-0.43,Low
0,1,0,0,0,0,3.32,Medium
1,0,0,1,0,0,1.16,Low
1,0,0,0,0,0,0.07,Low
1,0,0,0,0,0,1.16,Low
0,1,0,0,0,0,3.53,Medium
0,1,1,0,0,0,5.69,High
1,0,0,0,1,0,2.6,Medium
1,1,0,0,0,0,0.22,Low
0,1,0,0,0,0,3.56,Medium
1,0,0,0,0,0,-0.3,Low
1,1,0,0,0,1,6.31,High
0,0,0,0,0,0,2.46,Low
1,1,1,0,0,0,3.26,Medium
1,0,0,0,0,0,-0.72,Low
1,0,0,0,1,0,1.49,Low
0,1,0,0,0,0,2.8,Medium
0,1,0,1,0,0,6.05,High
0,1,1,0,1,0,6.71,High
1,0,1,1,0,0,3.43,Medium
0,0,0,0,0,0,2.56,Medium
0,0,0,0,0,0,1.73,Low
1,0,0,0,1,0,2.23,Low
0,0,0,1,1,0,5.83,High
1,0,0,0,0,0,-0.89,Low
1,0,1,1,0,0,2.36,Low
1,0,0,0,0,0,-1.82,Low
1,0,0,0,1,0,1.68,Low
1,0,0,0,0,0,-0.47,Low
1,1,0,0,0,0,1.12,Low
1,0,0,0,0,0,0.66,Low
1,0,0,0,0,0,0.42,Low
1,1,0,0,0,0,2.44,Low
1,0,0,0,0,0,0.55,Low
1,0,0,0,0,0,-0.0,Low
0,0,0,0,1,0,3.99,Medium
1,1,1,1,1,0,7.66,High
1,0,1,0,0,0,1.53,Low
0,0,1,0,0,0,3.82,Medium
1,0,0,0,0,0,-0.03,Low
1,0,0,0,0,0,-0.79,Low
1,0,0,0,0,0,0.19,Low
0,0,1,0,1,0,4.54,Medium
1,0,0,0,1,0,2.52,Medium
0,1,0,0,0,0,4.23,Medium
1,0,0,0,0,0,0.04,Low
0,1,0,1,1,0,7.69,High
0,1,0,0,0,0,4.8,Medium
0,1,0,0,0,0,4.74,Medium
1,0,0,1,0,0,1.55,Low
0,0,1,0,0,0,2.02,Low
1,1,0,0,0,0,2.14,Low
1,0,1,0,1,1,7.95,High
1,0,0,0,1,0,0.99,Low
0,0,0,0,0,1,6.38,High
0,0,0,1,1,0,5.34,Medium
0,1,0,0,1,0,5.19,Medium
1,0,0,0,0,0,0.74,Low
1,0,0,1,0,0,2.52,Medium
1,0,0,1,1,0,3.88,Medium
1,0,0,0,0,0,0.63,Low
1,0,0,0,0,0,0.55,Low
1,0,0,0,0,0,-1.19,Low
1,0,0,0,1,0,2.07,Low
1,0,0,0,1,0,3.13,Medium
1,1,0,0,0,0,2.38,Low
1,0,0,0,0,0,-2.09,Low
1,0,0,0,0,0,-0.86,Low
0,0,0,0,0,0,2.8,Medium
1,0,0,0,0,0,-0.45,Low
1,0,0,0,0,0,0.9,Low
1,0,0,1,0,0,3.64,Medium
1,0,0,0,0,0,-0.19,Low
0,0,0,0,1,0,3.51,Medium
0,1,1,1,0,0,6.2,High
1,0,0,0,0,0,0.61,Low
1,0,0,0,0,0,-0.48,Low
0,0,1,0,0,1,6.68,High
0,1,0,0,0,0,3.11,Medium
1,0,0,0,0,0,-0.35,Low
1,1,1,1,0,0,4.43,Medium
1,0,1,0,0,0,-0.59,Low
0,0,0,0,0,0,1.33,Low
1,0,0,0,0,0,0.6,Low
0,1,0,0,0,0,5.08,Medium
1,0,0,0,0,0,-0.09,Low
1,0,0,0,0,0,0.03,Low
1,0,0,0,0,0,0.23,Low
1,0,1,0,0,0,2.57,Medium
1,0,0,0,1,0,1.19,Low
1,0,0,1,0,0,0.99,Low
1,0,0,0,0,0,-0.04,Low
0,1,0,0,0,0,4.32,Medium
1,1,0,0,0,0,1.97,Low
1,0,0,0,0,0,-1.09,Low
0,1,0,0,0,0,4.71,Medium
0,1,0,0,0,0,3.89,Medium
0,1,0,1,0,0,6.44,High
0,0,0,0,0,0,3.24,Medium
1,0,0,1,0,0,0.83,Low
1,0,0,1,1,0,2.63,Medium
0,1,0,0,0,0,4.45,Medium
1,0,0,0,0,0,-1.63,Low
1,0,0,0,0,0,-0.32,Low
0,0,1,0,0,0,2.54,Medium
1,0,0,0,0,0,0.29,Low
1,0,0,0,0,0,-0.53,Low
1,0,0,0,0,0,0.39,Low
1,0,0,0,0,0,-0.85,Low
1,1,0,0,0,0,1.01,Low
1,1,0,0,0,0,2.02,Low
0,0,1,0,0,0,3.08,Medium
1,0,0,0,0,0,0.24,Low
1,0,0,0,0,0,1.18,Low
0,0,0,1,1,0,7.02,High
0,0,0,0,0,0,2.36,Low
0,0,0,1,1,0,6.65,High
0,0,0,0,0,0,2.21,Low
1,0,1,0,0,0,1.94,Low
1,0,1,0,0,0,1.29,Low
1,0,0,0,0,0,-0.44,Low
1,0,0,0,0,0,-0.6,Low
1,0,0,0,0,0,0.92,Low
1,1,0,1,0,0,3.85,Medium
1,0,1,0,1,0,4.53,Medium
1,0,0,1,1,0,3.12,Medium
1,0,0,0,0,0,1.0,Low
1,0,0,1,0,0,1.66,Low
1,0,0,0,0,0,0.33,Low
1,0,0,0,0,0,-1.04,Low
0,0,1,0,0,0,1.53,Low
1,1,0,1,0,1,9.18,High
1,0,0,0,0,0,-0.35,Low
1,1,0,0,0,0,2.79,Medium
0,0,0,0,0,0,1.47,Low
1,1,0,0,0,0,2.79,Medium
1,0,0,0,0,0,-0.34,Low
1,0,0,0,0,0,-0.97,Low
1,0,0,0,0,0,0.52,Low
0,0,0,0,0,0,2.76,Medium
0,1,0,1,0,0,6.51,High
1,0,0,1,1,0,3.88,Medium
0,1,1,0,0,0,3.6,Medium
0,1,0,0,0,0,3.14,Medium
1,0,0,0,0,0,-0.56,Low
0,0,1,0,0,0,2.79,Medium
1,0,0,0,0,0,0.9,Low
1,0,0,0,1,0,1.91,Low
1,0,0,0,0,0,-1.69,Low
0,0,0,0,0,0,-0.07,Low
1,1,0,0,0,0,1.44,Low
0,0,0,0,0,0,1.59,Low
0,0,1,0,0,0,3.28,Medium
1,0,0,0,0,0,-1.16,Low
0,0,0,0,0,0,0.89,Low
1,0,0,0,0,0,0.36,Low
1,0,0,1,1,0,5.07,Medium
1,0,0,0,1,0,0.43,Low
1,0,0,0,0,0,-0.62,Low
0,0,0,0,0,0,2.89,Medium
0,1,0,0,0,1,8.75,High
1,0,0,0,0,0,-0.74,Low
1,0,1,0,0,0,1.93,Low
1,0,0,0,0,0,0.04,Low
1,0,1,0,0,0,1.53,Low
0,0,0,1,1,0,5.44,Medium
1,1,0,0,0,0,2.23,Low
1,0,0,0,0,1,3.07,Medium
1,1,1,0,0,0,2.56,Medium
1,0,0,0,1,0,1.76,Low
0,0,0,0,0,0,2.11,Low
1,1,0,0,0,0,3.93,Medium
0,0,0,0,0,0,4.05,Medium
1,0,0,0,0,0,-0.31,Low
0,0,0,0,0,0,3.18,Medium
1,1,1,0,0,0,2.11,Low
1,0,0,0,0,0,0.32,Low
0,1,0,0,0,0,3.45,Medium
1,0,0,0,0,0,-0.36,Low
0,1,0,0,0,0,6.13,High
1,0,0,0,0,0,-0.31,Low
1,0,0,1,0,0,1.48,Low
1,0,0,0,0,0,-0.8,Low
1,0,1,0,0,0,0.38,Low
1,0,0,0,0,0,-1.14,Low
1,0,0,0,0,0,0.18,Low
1,0,0,0,0,0,0.16,Low
1,0,0,0,1,0,2.27,Low
1,0,1,0,0,0,0.99,Low
0,1,0,0,0,0,3.55,Medium
0,0,1,0,0,0,2.47,Low
0,1,0,0,0,0,4.13,Medium
1,0,0,0,0,0,-0.04,Low
1,1,0,0,0,0,1.49,Low
0,0,0,0,0,0,1.77,Low
1,0,0,0,0,0,1.23,Low
1,0,1,1,1,0,6.58,High
1,0,0,1,1,0,3.82,Medium
1,1,0,0,0,0,1.41,Low
0,1,0,0,0,0,3.97,Medium
1,0,0,0,0,0,0.91,Low
1,0,0,0,0,0,-0.03,Low
1,0,0,0,0,0,0.28,Low
0,0,0,0,0,0,1.47,Low
1,0,0,0,1,0,1.07,Low
1,0,0,0,0,0,0.61,Low
1,0,0,0,1,0,2.16,Low
0,1,1,0,0,0,5.52,High
1,0,0,0,0,0,-1.37,Low
1,0,0,0,0,0,1.47,Low
1,0,0,0,0,0,0.2,Low
1,0,1,0,0,0,-0.45,Low
1,0,1,0,0,0,1.79,Low
1,0,1,0,1,0,2.7,Medium
0,0,0,0,0,0,2.02,Low
1,0,0,0,0,0,-0.38,Low
1,0,1,1,1,0,4.92,Medium
0,1,0,0,0,0,3.96,Medium
1,0,0,0,0,0,-1.34,Low
1,0,1,0,0,0,1.69,Low
1,0,0,0,0,0,0.09,Low
1,1,0,0,0,0,2.36,Low
0,0,0,1,0,0,4.65,Medium
1,0,0,0,0,0,0.1,Low
0,0,0,0,0,0,2.26,Low
1,0,0,0,0,0,-1.18,Low
1,0,0,0,0,0,-0.66,Low
1,0,0,1,1,0,4.07,Medium
1,0,0,0,0,0,0.15,Low
1,0,0,0,0,0,0.32,Low
0,1,0,0,0,0,5.12,Medium
1,1,0,0,0,0,1.92,Low
0,0,0,0,0,0,2.29,Low
1,0,0,0,0,0,0.05,Low
0,1,1,0,0,0,4.8,Medium
0,1,0,0,0,0,3.83,Medium
0,0,0,0,1,0,3.37,Medium
0,0,0,1,1,0,5.91,High
0,1,0,0,0,0,3.82,Medium
1,0,1,0,0,0,0.88,Low
1,0,1,0,0,0,-0.39,Low
1,0,0,0,0,0,-0.08,Low
0,0,0,0,1,0,3.3,Medium
1,1,0,0,0,0,1.95,Low
0,0,0,0,0,0,1.12,Low
1,0,0,0,1,1,6.04,High
1,1,0,0,0,0,1.76,Low
1,1,0,0,0,0,1.5,Low
1,0,0,0,0,0,0.23,Low
1,1,0,0,0,0,2.3,Low
1,0,0,0,0,0,-0.04,Low
1,0,0,0,0,0,0.46,Low
1,1,0,0,0,0,1.67,Low
1,0,1,0,0,0,1.32,Low
1,0,0,0,0,0,-0.03,Low
0,0,0,0,0,0,1.2,Low
1,0,1,0,0,0,0.36,Low
1,0,1,0,0,0,1.93,Low
1,0,0,0,0,0,1.26,Low
1,1,0,1,0,0,4.57,Medium
1,0,0,0,0,0,-0.47,Low
1,0,0,0,0,0,1.14,Low
1,1,1,0,0,0,3.49,Medium
1,0,0,0,0,0,0.27,Low
1,0,0,0,0,0,1.47,Low
0,0,0,0,0,0,1.31,Low
0,0,0,0,0,1,6.62,High
1,0,0,0,0,0,-0.65,Low
1,0,0,0,1,0,1.51,Low
1,0,0,1,0,0,4.08,Medium
1,0,0,0,0,0,0.4,Low
0,0,0,0,0,0,3.48,Medium
1,0,0,0,0,0,0.43,Low
1,0,0,1,0,0,2.32,Low
1,0,0,0,1,0,1.5,Low
1,0,0,0,0,0,0.78,Low
1,1,0,0,0,0,2.02,Low
1,0,1,0,0,0,1.06,Low
1,1,0,0,1,0,3.79,Medium
1,0,1,0,0,0,0.92,Low
1,1,0,0,0,0,2.02,Low
1,0,0,0,0,0,0.1,Low
1,0,0,0,0,0,-0.04,Low
1,0,0,0,1,0,0.75,Low
1,0,1,0,0,0,1.43,Low
1,0,0,0,0,0,-0.1,Low
1,0,0,1,0,0,-0.65,Low
1,0,0,0,0,0,-1.27,Low
0,1,1,0,0,0,4.62,Medium
1,0,0,0,0,0,1.02,Low
1,0,0,0,0,0,0.49,Low
1,0,0,0,0,0,-0.55,Low
1,0,0,0,0,0,-0.15,Low
1,0,0,0,0,0,0.88,Low
1,0,0,0,0,0,-0.49,Low
0,0,1,1,0,0,4.13,Medium
1,0,1,0,1,0,3.7,Medium
1,0,0,0,0,0,0.89,Low
1,0,0,0,0,0,-0.48,Low
0,0,0,0,0,0,2.39,Low
1,1,0,0,0,0,1.97,Low
0,1,0,0,0,0,3.53,Medium
1,0,1,0,0,0,1.93,Low
0,0,1,0,0,0,2.47,Low
1,0,0,0,0,0,0.6,Low
0,0,1,1,1,0,7.05,High
1,0,1,0,0,0,0.86,Low
0,1,0,0,0,0,3.56,Medium
1,1,0,1,0,0,3.21,Medium
1,0,0,0,0,0,-0.2,Low
1,0,0,0,1,0,1.59,Low
1,0,0,0,0,0,0.07,Low
1,0,0,0,0,0,-0.96,Low
1,1,0,0,0,0,1.88,Low
1,0,0,0,0,0,0.32,Low
1,0,0,0,0,0,-0.54,Low
0,0,0,0,1,1,8.59,High
1,0,1,0,0,0,1.68,Low
0,1,0,0,1,0,5.03,Medium
1,0,0,0,1,0,1.39,Low
1,0,1,0,0,0,-0.07,Low
0,1,1,0,0,0,5.34,Medium
1,0,0,0,0,0,0.1,Low
1,0,1,0,0,0,-0.28,Low
1,0,0,0,0,0,-0.52,Low
1,0,0,0,0,0,0.25,Low
1,1,0,0,0,0,2.09,Low
0,1,0,0,1,0,6.97,High
0,0,0,0,1,0,3.08,Medium
1,0,0,0,0,1,3.99,Medium
1,0,0,0,0,0,-0.8,Low
1,0,0,0,0,1,4.09,Medium
1,1,0,1,0,0,3.86,Medium
1,0,0,0,0,0,0.22,Low
1,0,0,1,1,0,3.67,Medium
1,0,0,0,0,0,0.61,Low
0,1,0,0,0,0,3.43,Medium
1,1,0,0,0,0,1.19,Low
1,0,0,0,0,0,0.18,Low
1,1,0,0,0,0,3.48,Medium
1,1,1,0,0,0,1.78,Low
1,0,1,0,0,0,0.08,Low
0,0,1,0,0,0,3.19,Medium
1,1,0,0,0,0,2.9,Medium
0,0,0,0,1,0,4.25,Medium
1,0,0,1,0,0,1.51,Low
1,0,1,0,0,0,1.34,Low
1,0,0,0,0,0,0.41,Low
1,0,0,0,0,0,-0.54,Low
0,0,0,1,1,0,6.66,High
0,1,0,0,0,0,3.97,Medium
1,1,0,0,0,0,0.6,Low
1,0,0,0,0,0,-0.11,Low
1,0,1,0,0,0,0.54,Low
0,0,0,1,0,0,5.04,Medium
1,0,0,0,1,0,0.94,Low
1,0,0,0,0,0,-0.39,Low
1,0,0,0,0,0,0.21,Low
1,0,0,0,0,0,1.94,Low
1,0,0,1,0,0,3.56,Medium
1,0,0,1,0,0,1.96,Low
0,1,0,0,0,0,4.28,Medium
1,0,0,0,0,0,0.48,Low
1,1,0,0,0,0,1.19,Low
0,1,0,0,0,0,4.01,Medium
1,0,1,0,0,0,2.08,Low
0,1,0,0,0,1,8.11,High
1,0,0,0,0,0,1.56,Low
1,1,0,0,0,0,1.64,Low
0,0,0,0,0,0,1.93,Low
1,0,0,1,0,1,5.94,High
1,0,0,0,0,0,-1.04,Low
1,0,0,0,1,0,2.88,Medium
1,0,1,0,0,0,0.73,Low
1,0,0,0,0,0,0.21,Low
1,0,0,0,0,0,-0.48,Low
0,0,0,0,0,0,3.38,Medium
1,0,0,0,0,0,0.99,Low
1,0,0,0,0,0,0.05,Low
1,0,0,1,1,0,3.02,Medium
0,0,1,1,0,0,5.6,High
1,0,0,0,0,1,4.87,Medium
0,1,0,0,0,0,3.26,Medium
1,0,0,1,0,0,1.89,Low
1,0,0,0,0,0,0.06,Low
1,0,0,0,0,0,0.87,Low
1,0,1,0,0,0,0.88,Low
1,0,1,1,0,0,3.77,Medium
1,0,1,0,0,0,0.38,Low
0,0,0,0,0,0,1.16,Low
1,0,0,0,0,0,1.47,Low
1,0,0,0,0,0,-1.05,Low
1,0,1,0,0,0,0.4,Low
1,0,0,1,0,0,2.63,Medium
1,0,0,0,0,0,-0.42,Low
1,0,0,0,0,0,-0.45,Low
1,1,0,1,0,0,3.84,Medium
1,0,0,0,0,1,2.28,Low
1,0,0,0,0,0,0.9,Low
1,0,1,0,1,0,3.14,Medium
0,0,1,0,0,0,2.35,Low
0,0,0,0,0,0,0.63,Low
1,0,1,1,0,0,1.91,Low
0,0,0,0,0,0,0.72,Low
1,0,1,0,0,0,1.18,Low
1,0,0,0,0,0,0.19,Low
1,0,0,0,0,0,0.49,Low
1,0,0,0,0,0,0.59,Low
1,0,0,1,0,0,2.5,Medium
0,0,0,0,0,0,3.23,Medium
1,1,0,0,0,0,2.96,Medium
1,0,1,0,0,0,1.77,Low
1,0,0,0,0,0,0.19,Low
0,0,0,0,0,0,2.58,Medium
1,0,0,0,0,0,-0.33,Low
1,0,0,0,0,0,-0.18,Low
1,1,0,0,0,0,3.38,Medium
1,0,0,0,1,0,1.55,Low
0,1,0,0,0,0,3.5,Medium
0,0,0,0,0,0,1.71,Low
1,0,0,0,0,0,-0.44,Low
0,1,0,0,0,0,3.63,Medium
1,0,0,1,0,0,2.19,Low
0,0,0,0,0,0,2.22,Low
1,0,1,0,0,0,1.73,Low
1,0,1,0,0,0,2.75,Medium
1,1,0,0,0,0,1.71,Low
1,0,0,0,1,0,1.95,Low
1,0,0,0,0,0,-1.47,Low
1,0,0,0,0,0,-1.03,Low
1,0,0,0,0,1,3.88,Medium
1,1,1,0,0,0,3.37,Medium
1,1,0,0,0,0,2.39,Low
1,0,0,0,0,0,0.49,Low
0,0,0,0,0,0,3.01,Medium
1,0,0,0,0,0,1.36,Low
1,0,0,0,0,0,-0.19,Low
1,0,0,0,0,0,-0.64,Low
0,0,0,0,0,0,2.52,Medium
1,0,0,0,0,0,0.75,Low
1,1,1,0,0,0,3.11,Medium
0,1,0,1,0,0,5.86,High
0,0,1,0,0,0,2.6,Medium
1,1,0,0,0,0,1.97,Low
1,0,1,0,0,0,1.55,Low
1,0,0,1,0,0,1.47,Low
0,1,0,0,0,0,3.36,Medium
1,0,1,0,1,0,3.48,Medium
1,1,0,0,1,0,3.32,Medium
0,1,0,1,1,0,8.12,High
1,0,0,0,0,0,0.08,Low
1,0,0,0,0,1,4.0,Medium
1,1,0,0,0,0,1.49,Low
1,1,0,0,0,0,3.39,Medium
1,0,0,0,0,0,0.32,Low
1,0,0,0,0,0,-0.41,Low
1,0,0,1,1,0,4.26,Medium
1,0,0,0,0,0,1.47,Low
0,1,0,0,0,0,4.07,Medium
1,0,1,0,0,0,2.23,Low
0,0,0,1,0,0,3.08,Medium
1,0,0,1,1,0,3.32,Medium
0,0,0,0,0,0,0.29,Low
0,1,0,0,0,0,5.58,High
1,0,0,0,0,0,-1.36,Low
1,0,0,0,0,1,4.14,Medium
0,1,0,0,0,0,5.39,Medium
1,0,1,0,0,0,1.78,Low
1,0,0,0,0,0,0.3,Low
1,0,0,0,0,0,1.03,Low
0,0,0,0,0,0,1.47,Low
0,0,0,0,0,0,2.41,Low
0,0,0,0,0,0,1.91,Low
1,0,0,1,1,0,3.89,Medium
0,0,0,0,0,0,2.15,Low
1,0,0,1,0,0,2.94,Medium
1,0,0,0,0,0,1.25,Low
1,0,0,0,1,0,1.79,Low
1,0,1,0,0,0,0.13,Low
1,0,1,0,1,0,2.34,Low
1,0,0,0,0,0,1.56,Low
1,0,0,0,0,0,1.18,Low
1,0,0,1,0,0,1.13,Low
1,0,0,0,0,1,5.33,Medium
1,1,0,0,0,0,1.43,Low
1,0,0,0,0,0,0.53,Low
1,0,0,0,0,0,-0.57,Low
1,0,1,0,0,0,2.73,Medium
1,0,0,0,0,0,-0.46,Low
1,0,0,0,0,0,-0.84,Low
1,0,0,0,0,0,-0.37,Low
1,0,1,0,0,0,3.1,Medium
1,0,0,0,0,0,0.21,Low
0,1,1,0,0,0,4.18,Medium
1,0,0,0,0,0,-0.63,Low
1,1,0,1,0,0,2.6,Medium
1,0,1,0,0,0,1.43,Low
1,0,0,0,0,0,-1.0,Low
1,0,1,1,0,0,3.88,Medium
1,0,0,0,0,0,0.63,Low
1,1,1,0,0,0,2.92,Medium
1,0,0,0,0,0,0.99,Low
1,0,0,0,0,0,0.74,Low
0,1,0,0,0,0,4.13,Medium
0,0,0,0,0,0,1.39,Low
1,0,1,0,0,0,1.33,Low
0,1,0,0,0,0,4.33,Medium
1,0,0,0,0,0,0.39,Low
1,0,0,0,0,0,0.06,Low
1,0,0,0,0,0,0.26,Low
1,0,0,0,0,0,0.24,Low
0,1,0,0,0,0,5.09,Medium
1,0,0,0,0,0,-1.02,Low
0,1,1,0,0,0,4.2,Medium
1,0,0,0,1,0,2.06,Low
0,1,1,0,0,0,4.39,Medium
1,0,0,0,0,0,0.17,Low
1,0,0,0,0,0,-0.89,Low
1,0,0,0,0,0,-0.76,Low
1,0,0,0,0,0,1.65,Low
1,0,0,1,0,0,1.82,Low
1,0,1,0,0,0,0.06,Low
0,0,0,0,0,0,1.91,Low
1,0,0,0,0,0,0.83,Low
1,1,0,0,0,0,2.96,Medium
1,0,0,0,0,1,2.83,Medium
1,1,0,0,0,0,1.39,Low
1,0,1,1,0,0,3.18,Medium
1,0,0,1,1,0,3.97,Medium
1,1,1,0,0,0,1.72,Low
1,1,0,0,0,0,0.85,Low
1,0,0,0,0,0,-0.85,Low
1,0,0,0,0,0,-1.42,Low
1,0,1,0,0,0,0.63,Low
1,0,0,0,0,0,0.96,Low
1,0,0,0,0,0,-0.53,Low
1,0,1,0,0,0,1.87,Low
1,0,0,1,0,0,2.02,Low
0,1,1,0,0,0,4.85,Medium
1,0,1,0,0,0,-0.33,Low
0,1,0,0,0,0,4.94,Medium
1,1,1,0,0,0,3.09,Medium
1,0,0,0,0,0,-1.28,Low
1,1,0,0,0,0,2.31,Low
0,1,0,1,1,0,7.53,High
1,0,0,0,0,0,0.05,Low
0,1,0,0,0,0,4.19,Medium
0,0,0,0,0,0,2.97,Medium
1,0,0,0,0,1,3.1,Medium
1,0,0,0,0,0,0.46,Low
1,1,0,0,0,0,3.06,Medium
1,0,0,0,0,0,2.02,Low
0,0,1,0,0,0,3.84,Medium
0,0,0,0,0,0,2.29,Low
1,0,0,0,0,0,0.22,Low
1,0,0,0,0,0,1.24,Low
0,1,0,0,0,0,3.77,Medium
1,0,0,0,0,0,0.64,Low
0,1,0,1,1,0,9.76,High
1,0,0,0,0,0,-0.09,Low
1,0,0,0,0,0,-1.61,Low
1,0,0,0,0,0,-0.69,Low
1,0,0,1,1,0,4.23,Medium
1,0,1,0,0,0,0.33,Low
1,0,0,0,0,0,-0.28,Low
1,0,0,0,0,0,-0.24,Low
1,0,0,1,0,0,2.45,Low
0,0,0,0,0,0,1.24,Low
1,0,1,1,0,0,2.53,Medium
1,0,0,0,0,0,1.13,Low
1,0,0,1,1,0,3.61,Medium
1,1,0,0,0,0,2.58,Medium
1,0,0,0,0,0,0.01,Low
1,0,0,0,0,0,-0.02,Low
1,0,1,0,0,0,1.59,Low
1,0,0,0,0,1,2.51,Medium
1,1,0,0,1,0,4.35,Medium
1,0,0,0,0,1,4.44,Medium
0,0,0,1,0,0,4.68,Medium
1,0,0,0,0,0,-0.3,Low
1,0,0,0,0,0,0.0,Low
1,0,0,0,0,0,-1.96,Low
1,0,0,0,0,0,-0.54,Low
1,0,0,0,0,0,0.14,Low
1,0,0,1,0,0,3.18,Medium
0,1,0,0,0,0,5.48,Medium
1,0,0,0,0,0,-0.27,Low
1,0,0,1,1,0,4.7,Medium
1,1,0,0,0,0,1.88,Low
1,0,1,0,0,0,-0.29,Low
1,0,1,0,0,0,1.48,Low
1,0,1,0,1,0,4.47,Medium
1,0,1,0,0,0,0.69,Low
0,0,0,0,0,0,1.27,Low
1,0,1,0,1,0,3.05,Medium
1,0,1,0,0,0,0.9,Low
1,1,0,0,0,1,8.09,High
1,0,0,0,1,0,2.8,Medium
1,0,0,0,0,0,0.1,Low
1,0,1,1,0,0,0.68,Low
1,0,0,0,0,0,-0.11,Low
0,0,1,0,0,0,4.48,Medium
1,0,0,0,0,0,0.06,Low
1,0,0,0,0,0,0.66,Low
0,1,0,0,0,0,4.31,Medium
1,0,1,0,0,0,0.61,Low
1,0,0,0,0,0,1.35,Low
1,1,1,0,0,0,3.15,Medium
1,0,0,0,0,0,-0.57,Low
1,0,0,0,0,0,0.02,Low
0,0,0,0,0,0,3.14,Medium
1,0,0,0,0,0,-1.18,Low
1,1,0,0,0,0,2.22,Low
1,0,0,0,0,0,0.06,Low
1,0,0,0,1,0,0.77,Low
1,0,0,1,0,0,2.61,Medium
1,0,1,0,0,0,1.21,Low
0,1,0,0,0,0,4.7,Medium
1,0,0,1,0,0,2.91,Medium
1,0,0,0,0,0,-0.04,Low
1,0,1,0,0,1,4.56,Medium
1,0,1,0,0,0,-0.14,Low
1,0,0,0,0,0,-0.52,Low
1,0,1,0,0,0,1.01,Low
0,1,1,0,0,0,4.23,Medium
1,1,0,0,0,0,2.47,Low
1,0,0,0,0,0,-0.72,Low
0,1,0,1,1,0,6.59,High
0,0,0,1,0,0,3.54,Medium
1,0,0,1,1,0,4.15,Medium
1,0,0,0,0,0,-1.01,Low
1,0,0,0,0,0,-0.71,Low
0,0,1,0,0,0,2.5,Low
0,0,0,0,0,0,1.6,Low
1,1,1,1,0,0,5.24,Medium
0,0,0,0,0,0,2.51,Medium
1,0,0,0,0,0,-0.38,Low
1,0,0,1,1,0,3.17,Medium
1,0,0,0,0,0,0.11,Low
0,0,1,0,0,0,3.41,Medium
1,0,1,0,0,0,2.29,Low
0,1,0,0,0,0,4.92,Medium
0,0,1,0,0,0,1.99,Low
1,0,0,0,0,0,-0.11,Low
1,0,0,1,1,0,4.36,Medium
1,0,0,0,0,0,-0.68,Low
1,0,0,0,0,0,-0.28,Low
1,0,0,0,0,0,0.54,Low
1,1,0,0,0,0,2.2,Low
0,0,0,0,0,0,2.0,Low
1,1,0,0,0,0,1.48,Low
1,1,0,0,0,0,0.84,Low
1,0,1,0,0,0,0.75,Low
1,0,0,0,0,0,-0.07,Low
1,1,0,0,0,0,0.83,Low
1,1,0,0,0,0,2.04,Low
0,0,0,0,0,0,2.31,Low
1,0,0,0,0,0,-0.55,Low
0,0,0,0,0,0,2.32,Low
0,0,1,0,0,0,3.22,Medium
1,0,1,0,0,0,0.76,Low
0,0,0,1,1,0,5.67,High
1,0,0,0,0,0,-0.27,Low
0,0,0,1,0,0,3.32,Medium
1,0,0,0,0,0,0.28,Low
0,0,0,0,0,0,1.32,Low
0,0,0,0,0,0,1.38,Low
0,1,0,0,0,0,4.4,Medium
0,0,0,1,1,0,5.81,High
1,0,1,1,1,0,5.05,Medium
1,0,0,0,0,0,-1.37,Low
1,0,0,1,1,1,7.58,High
1,0,0,0,0,0,1.34,Low
1,0,0,0,0,0,-1.42,Low
1,0,0,0,0,0,1.4,Low
0,0,1,0,1,0,5.21,Medium
1,0,0,0,0,0,-0.43,Low
0,0,0,0,0,0,1.84,Low
1,1,0,0,0,0,2.98,Medium
0,0,0,0,0,0,0.18,Low
0,1,0,0,0,0,5.13,Medium
1,0,1,0,0,1,5.21,Medium
1,0,0,0,0,0,0.81,Low
0,1,0,0,0,0,2.6,Medium
1,0,1,0,0,0,0.82,Low
1,0,0,0,0,0,-1.86,Low
1,0,0,0,0,0,0.96,Low
1,1,0,0,0,0,1.21,Low
1,0,0,0,1,0,1.2,Low
1,0,1,0,0,0,-0.55,Low
1,0,0,0,0,0,0.36,Low
1,1,1,1,0,0,5.06,Medium
0,1,0,0,0,0,3.4,Medium
1,0,1,0,0,0,1.21,Low
0,0,0,0,0,0,1.38,Low
1,0,1,0,1,0,1.59,Low
1,0,1,0,0,0,0.71,Low
1,0,0,0,0,0,1.32,Low
1,0,0,0,0,0,0.78,Low
1,0,0,1,0,0,2.36,Low
1,1,1,0,0,0,3.2,Medium
1,1,0,0,0,0,1.71,Low
1,0,0,0,0,0,0.59,Low
1,0,1,0,0,0,1.45,Low
1,1,0,0,0,0,1.93,Low
1,0,0,1,1,1,8.16,High
0,1,1,0,0,0,3.72,Medium
1,0,0,0,0,0,-0.38,Low
1,0,0,0,0,0,-0.95,Low
0,0,0,0,0,0,1.03,Low
1,0,0,0,0,0,0.38,Low
1,0,0,0,0,0,-1.01,Low
0,1,0,0,0,0,4.61,Medium
1,0,0,0,0,0,0.83,Low
1,0,0,0,0,0,-0.05,Low
1,1,0,0,0,0,1.52,Low
1,0,0,0,0,0,0.82,Low
1,0,0,0,0,0,0.44,Low
1,0,0,0,0,0,0.96,Low
1,0,0,1,0,0,1.13,Low
1,0,0,0,0,0,-0.21,Low
0,0,1,0,0,0,2.83,Medium
0,0,0,1,0,0,4.17,Medium
1,0,0,0,0,0,0.5,Low
1,0,1,0,1,0,3.11,Medium
1,0,1,0,0,0,2.07,Low
1,0,0,0,0,0,-0.3,Low
1,0,1,1,0,0,2.16,Low
1,0,0,0,0,0,-0.53,Low
0,0,0,0,0,0,1.37,Low
1,0,0,1,0,0,1.64,Low
1,0,0,0,0,0,-0.22,Low
1,0,0,0,0,0,-0.18,Low
1,0,0,0,0,0,0.19,Low
0,1,0,0,1,0,5.63,High
1,0,0,0,0,0,0.84,Low
0,1,0,0,0,0,2.45,Low
1,1,0,1,1,0,4.22,Medium
1,0,0,0,0,0,0.8,Low
1,0,1,0,0,0,1.74,Low
1,0,0,0,1,0,2.99,Medium
1,0,0,0,0,0,0.51,Low
0,1,0,0,0,0,4.0,Medium
1,0,0,1,1,0,3.79,Medium
1,0,0,0,0,0,-1.28,Low
1,1,0,0,0,0,2.12,Low
1,0,0,0,0,0,-1.15,Low
1,0,0,0,0,0,1.97,Low
0,0,0,0,0,0,1.17,Low
0,0,0,0,0,0,1.94,Low
0,0,1,0,0,0,4.21,Medium
1,0,0,0,0,0,-0.29,Low
1,1,0,0,0,0,1.71,Low
1,0,0,0,0,0,-2.07,Low
1,0,1,1,1,0,3.95,Medium
0,1,0,1,0,0,6.45,High
1,0,0,0,0,0,1.34,Low
1,0,0,1,0,0,1.29,Low
1,0,0,0,0,0,0.16,Low
1,0,1,0,1,0,5.17,Medium
1,0,1,0,0,0,1.45,Low
1,0,0,0,0,0,0.78,Low
1,0,0,0,1,0,1.39,Low
1,0,0,0,0,0,1.24,Low
1,0,0,0,0,0,-0.55,Low
0,0,1,0,0,0,2.31,Low
0,0,0,0,0,0,3.18,Medium
0,0,0,0,0,0,1.49,Low
0,1,0,1,0,0,6.0,High
1,0,0,0,0,0,1.3,Low
1,0,1,0,1,0,2.27,Low
1,0,0,0,0,0,-0.19,Low
1,1,0,0,0,0,1.51,Low
0,1,0,0,0,0,3.74,Medium
1,0,0,0,0,0,0.03,Low
0,0,1,0,1,0,6.07,High
1,0,1,0,0,0,2.31,Low
1,0,1,0,0,0,1.12,Low
1,0,0,0,0,0,-0.58,Low
0,1,0,1,1,0,8.54,High
1,1,0,0,0,0,2.0,Low
1,0,0,0,0,0,0.03,Low
1,0,0,1,0,0,1.17,Low
1,0,0,0,0,0,-1.29,Low
1,0,0,0,0,0,-0.02,Low
1,0,0,0,0,0,-0.86,Low
1,1,0,0,0,0,1.58,Low
1,0,1,0,1,0,4.19,Medium
1,0,1,0,1,0,2.94,Medium
1,1,0,0,0,0,2.89,Medium
1,0,0,0,0,0,0.24,Low
1,0,1,0,0,0,1.47,Low
1,0,0,0,0,0,-0.44,Low
1,0,0,1,0,0,2.92,Medium
0,1,0,0,0,0,4.25,Medium
1,0,0,0,0,0,-0.21,Low
1,0,0,0,0,0,0.25,Low
1,1,1,0,0,0,2.43,Low
1,1,0,0,0,0,1.77,Low
0,0,0,0,0,0,1.96,Low
1,0,0,0,0,0,-0.42,Low
1,0,0,1,0,0,3.25,Medium
1,0,0,0,0,0,-0.33,Low
1,0,0,0,0,0,1.67,Low
1,1,0,0,0,0,2.05,Low
0,1,0,0,0,0,3.81,Medium
1,0,0,0,0,0,-0.4,Low
1,0,0,0,0,0,0.34,Low
1,0,0,0,0,0,0.72,Low
0,0,0,0,0,0,-0.03,Low
1,0,0,0,1,0,2.0,Low
0,1,0,1,0,0,4.41,Medium
1,0,1,0,0,0,1.79,Low
1,0,1,0,0,0,1.8,Low
1,1,0,0,0,0,2.03,Low
1,0,0,0,0,0,0.17,Low
1,0,0,0,0,0,-1.14,Low
0,0,0,0,0,0,1.56,Low
1,0,0,0,0,0,-0.49,Low
1,0,0,0,0,0,-0.36,Low
1,0,0,0,0,0,0.7,Low
0,1,0,0,0,0,5.03,Medium
0,1,0,0,0,0,4.49,Medium
1,0,0,0,0,0,-0.26,Low
0,0,0,0,0,0,1.4,Low
1,0,0,0,1,0,2.07,Low
1,0,0,0,0,0,0.24,Low
1,1,1,0,0,0,2.82,Medium
0,0,0,0,0,0,1.47,Low
1,0,1,0,0,0,1.49,Low
1,0,0,0,0,0,0.57,Low
1,0,0,1,0,0,0.95,Low
0,0,0,0,0,0,1.69,Low
1,0,0,0,0,0,0.62,Low
1,0,0,0,1,0,2.79,Medium
1,0,1,0,0,0,1.05,Low
1,1,0,1,1,0,6.29,High
1,0,0,0,0,0,0.2,Low
0,1,0,0,1,0,6.76,High
1,0,1,0,0,0,0.11,Low
1,1,0,0,0,0,2.21,Low
1,0,0,0,0,0,-0.71,Low
0,1,0,0,0,0,4.87,Medium
1,1,0,0,0,0,1.15,Low
1,0,0,1,1,0,4.33,Medium
0,1,0,1,1,0,7.29,High
0,1,0,0,0,0,4.6,Medium
0,0,0,0,0,0,2.35,Low
0,1,0,1,1,0,8.19,High
1,0,1,0,0,0,2.57,Medium
0,0,0,0,0,0,1.44,Low
1,0,0,1,1,0,4.74,Medium
0,0,0,0,0,0,2.94,Medium
1,0,0,1,1,0,4.74,Medium
0,1,0,0,0,0,3.46,Medium
1,0,0,0,0,0,-0.19,Low
1,0,0,0,0,0,-0.48,Low
1,1,1,0,0,0,2.76,Medium
0,1,0,0,0,0,3.33,Medium
0,1,1,0,0,0,4.71,Medium
1,0,0,0,0,0,1.17,Low
1,0,0,0,0,0,-0.26,Low
1,0,0,0,0,0,0.08,Low
1,0,0,0,0,0,-0.58,Low
0,1,0,0,0,0,3.99,Medium
1,0,0,0,0,0,0.66,Low
1,0,0,0,0,0,0.39,Low
0,1,0,0,0,0,5.13,Medium
1,0,0,0,0,0,-0.97,Low
1,1,0,1,1,0,5.39,Medium
1,0,0,0,0,1,3.67,Medium
1,0,0,0,0,0,1.22,Low
1,0,1,0,0,0,1.24,Low
1,1,0,0,0,0,0.87,Low
1,0,0,0,0,0,0.87,Low
0,0,0,0,0,0,2.09,Low
1,0,1,0,0,0,1.71,Low
0,0,0,1,0,0,5.27,Medium
1,0,0,1,1,0,3.22,Medium
1,0,0,0,0,1,5.27,Medium
1,0,0,0,0,0,-0.06,Low
1,0,0,0,0,0,-0.33,Low
1,0,1,0,0,0,1.12,Low
0,0,0,0,1,0,3.05,Medium
1,0,1,0,0,0,0.98,Low
1,0,0,0,0,0,-0.19,Low
0,0,1,0,0,0,2.25,Low
1,0,1,1,0,0,2.48,Low
1,0,0,1,0,0,2.91,Medium
1,0,0,0,0,0,-0.14,Low
1,0,0,0,0,0,-0.78,Low
1,1,0,0,0,0,2.36,Low
1,0,0,0,0,0,0.61,Low
0,1,0,1,1,0,8.0,High
1,0,0,0,0,0,-0.99,Low
1,1,0,0,0,0,-0.04,Low
0,1,1,0,0,0,4.28,Medium
1,0,0,1,0,0,2.84,Medium
1,0,0,0,0,0,0.77,Low
1,0,0,0,0,0,-0.64,Low
0,1,0,1,0,0,5.81,High
1,0,0,0,0,0,0.56,Low
1,0,0,0,0,0,-0.11,Low
1,0,0,0,0,0,0.75,Low
1,1,0,1,1,0,5.92,High
0,0,0,0,0,0,2.39,Low
0,0,1,0,0,0,2.74,Medium
1,1,0,0,0,0,1.37,Low
1,1,0,0,0,0,2.93,Medium
1,1,0,0,0,0,0.8,Low
0,1,0,0,0,0,3.52,Medium
1,1,1,0,0,0,2.92,Medium
1,0,0,0,0,0,0.69,Low
1,0,0,1,1,0,3.3,Medium
1,0,0,0,0,0,0.1,Low
1,0,1,0,0,0,-0.11,Low
1,0,0,0,0,0,0.35,Low
1,1,0,0,0,0,3.46,Medium
0,0,0,0,0,0,0.43,Low
1,1,0,0,0,0,1.42,Low
1,0,0,0,0,0,0.67,Low
1,0,1,1,0,0,5.35,Medium
1,0,0,0,0,0,0.47,Low
1,0,0,0,0,0,-0.58,Low
1,0,0,0,0,0,-0.12,Low
1,0,1,0,0,0,0.02,Low
1,0,0,0,0,0,0.64,Low
1,0,0,0,0,0,0.84,Low
1,0,0,1,0,0,3.13,Medium
0,1,0,0,0,0,3.74,Medium
1,0,0,0,0,0,-0.65,Low
0,0,0,0,0,0,3.2,Medium
1,0,0,0,0,0,1.1,Low
1,0,1,0,0,0,0.21,Low
1,0,0,0,0,1,3.7,Medium
1,0,1,1,1,0,5.63,High
0,0,0,0,0,0,1.8,Low
1,1,0,0,1,0,4.03,Medium
0,1,0,0,0,0,2.82,Medium
1,0,0,0,0,0,-0.9,Low
1,0,1,0,0,0,0.93,Low
1,0,0,0,0,0,-0.56,Low
1,0,0,0,0,0,-0.92,Low
1,0,0,0,0,0,-0.25,Low
1,1,0,0,0,0,1.3,Low
1,0,1,0,0,0,1.02,Low
1,0,0,0,0,0,0.79,Low
1,0,1,0,0,0,0.76,Low
0,0,0,0,0,0,1.66,Low
0,0,0,0,0,0,2.86,Medium
1,0,1,0,0,0,1.59,Low
1,1,0,0,0,0,2.64,Medium
1,0,0,0,0,0,-2.02,Low
0,1,1,0,0,0,4.64,Medium
1,1,0,0,0,0,1.54,Low
1,0,0,0,0,0,-0.66,Low
0,0,0,0,0,0,2.84,Medium
1,0,0,0,0,0,-0.43,Low
1,0,1,0,0,0,-0.11,Low
1,0,1,0,0,0,1.2,Low
1,1,0,0,0,0,1.99,Low
1,0,0,1,0,0,1.26,Low
1,0,1,1,0,0,3.81,Medium
1,0,0,0,0,0,0.42,Low
1,0,0,0,0,0,0.42,Low
0,0,0,0,0,0,2.39,Low
1,0,1,0,0,0,1.87,Low
1,0,1,0,1,0,2.88,Medium
1,0,0,0,0,0,-0.99,Low
0,1,1,0,0,0,4.83,Medium
1,0,0,0,0,0,-1.32,Low
1,1,0,0,1,0,3.15,Medium
0,1,1,0,0,0,6.3,High
0,0,0,0,0,0,1.12,Low
1,0,0,0,0,0,-0.94,Low
0,0,0,0,0,0,2.54,Medium
1,0,0,1,0,0,2.69,Medium
1,0,0,0,0,0,-1.33,Low
1,0,0,0,0,0,0.2,Low
1,0,1,0,0,0,0.56,Low
1,0,1,1,1,0,5.26,Medium
1,0,0,0,0,0,-0.24,Low
1,0,0,0,0,0,-1.09,Low
1,1,0,0,0,0,1.61,Low
0,1,0,0,0,0,4.5,Medium
1,0,0,0,0,0,1.55,Low
1,1,0,0,0,0,2.31,Low
1,0,0,0,0,0,-0.31,Low
0,1,0,0,0,0,3.06,Medium
1,0,0,0,0,0,-0.13,Low
0,1,0,0,0,0,3.7,Medium
1,0,0,0,0,0,0.24,Low
1,1,0,0,0,0,1.95,Low
1,0,0,0,0,0,0.38,Low
1,0,0,0,1,0,1.71,Low
1,0,0,0,0,0,1.37,Low
0,0,0,0,0,0,2.47,Low
1,0,0,0,0,0,-0.57,Low
1,0,0,1,1,0,4.8,Medium
0,1,0,0,0,0,3.08,Medium
1,0,0,0,1,0,1.32,Low
0,1,1,0,0,0,4.36,Medium
1,0,0,1,0,0,3.06,Medium
1,1,0,1,1,0,5.86,High
1,1,1,0,0,0,2.5,Low
1,0,0,0,0,0,0.13,Low
0,1,0,0,0,0,4.43,Medium
1,0,0,0,0,0,1.27,Low
1,0,0,0,1,0,0.8,Low
1,0,0,0,0,0,1.01,Low
1,0,0,0,0,0,-1.65,Low
0,0,0,0,0,0,2.73,Medium
1,0,1,1,0,0,3.93,Medium
1,0,0,0,0,0,0.97,Low
0,0,0,0,0,0,2.46,Low
1,0,0,0,0,0,-0.85,Low
0,1,0,0,0,0,4.6,Medium
1,1,1,0,0,0,2.15,Low
1,0,0,0,0,0,-0.75,Low
1,0,0,0,0,0,-0.37,Low
1,0,0,0,0,0,-0.29,Low
0,1,0,0,0,0,4.19,Medium
1,0,0,0,0,0,-0.56,Low
1,0,1,1,0,0,3.26,Medium
1,0,0,0,1,0,0.9,Low
1,0,0,1,0,0,2.03,Low
1,0,0,0,0,0,-0.22,Low
0,1,1,0,0,0,5.81,High
1,1,1,0,0,0,3.89,Medium
1,0,0,0,1,0,1.86,Low
1,0,0,0,0,0,-1.57,Low
1,1,0,0,0,0,0.82,Low
1,0,0,0,0,0,0.9,Low
1,0,0,0,0,0,-0.11,Low
0,0,0,0,0,0,3.4,Medium
1,0,0,0,0,0,0.72,Low
1,0,0,0,0,0,0.2,Low
1,0,0,0,0,0,0.1,Low
0,1,0,1,0,0,5.08,Medium
1,0,0,0,1,0,1.49,Low
1,0,0,0,0,0,0.33,Low
1,1,0,1,1,0,5.72,High
1,0,1,0,0,0,1.37,Low
1,0,0,0,1,0,2.82,Medium
1,0,1,0,0,0,0.86,Low
1,0,0,0,0,0,-0.35,Low
1,0,0,0,0,0,-0.72,Low
0,1,1,0,0,0,5.67,High
0,1,0,0,0,0,4.6,Medium
1,0,0,0,0,0,1.75,Low
1,0,0,0,0,0,0.14,Low
1,0,1,0,0,0,0.92,Low
1,0,0,0,0,0,0.37,Low
1,0,0,0,0,0,-0.23,Low
1,1,0,0,1,0,3.29,Medium
1,0,0,0,0,0,0.07,Low
0,0,0,0,0,0,2.37,Low
1,0,0,0,0,0,0.42,Low
1,1,0,0,0,0,2.36,Low
0,0,0,0,0,0,2.85,Medium
1,0,0,0,0,0,0.42,Low
1,1,1,0,0,0,3.22,Medium
1,1,1,0,0,0,1.99,Low
1,0,0,0,0,0,0.2,Low
0,0,0,0,0,0,1.86,Low
1,0,1,0,0,1,4.1,Medium
1,0,0,0,0,0,0.4,Low
0,1,0,1,0,1,10.41,High
0,0,1,0,0,0,3.34,Medium
0,1,0,0,0,0,4.44,Medium
1,0,0,0,0,0,0.1,Low
1,0,0,1,0,0,1.8,Low
0,0,1,0,0,0,4.42,Medium
0,0,0,0,0,0,2.12,Low
1,0,1,0,0,0,-1.03,Low
1,0,0,1,0,0,0.06,Low
1,0,0,0,1,0,2.96,Medium
0,1,0,0,0,0,2.53,Medium
1,0,0,0,0,0,-0.44,Low
1,0,0,0,0,0,-0.97,Low
1,0,0,0,0,1,3.76,Medium
1,0,1,0,0,0,1.31,Low
0,0,0,0,0,0,1.47,Low
1,0,0,0,1,0,1.35,Low
0,1,0,0,0,0,4.58,Medium
0,1,0,1,1,0,10.11,High
1,0,0,1,0,0,2.43,Low
1,0,0,0,0,0,-0.73,Low
1,0,1,0,1,0,3.7,Medium
0,0,0,0,0,0,3.4,Medium
1,0,0,0,0,0,0.85,Low
1,1,0,0,0,0,0.77,Low
0,0,0,0,0,0,2.42,Low
1,0,0,0,0,0,-0.37,Low
0,0,0,0,0,0,2.04,Low
1,0,1,0,0,0,0.7,Low
1,1,0,0,0,0,2.59,Medium
1,0,0,0,0,0,-0.28,Low
0,0,0,0,0,0,3.13,Medium
1,0,0,0,0,0,-0.0,Low
0,0,0,0,0,0,1.82,Low
0,0,0,1,1,0,6.46,High
1,0,0,0,0,0,0.29,Low
0,0,0,0,0,0,2.48,Low
1,0,0,0,0,0,-0.11,Low
1,0,1,0,0,0,2.07,Low
1,0,0,0,0,0,0.79,Low
0,0,1,0,0,0,2.99,Medium
1,1,1,1,0,0,5.66,High
1,0,1,0,0,0,0.79,Low
1,0,1,0,0,0,1.46,Low
1,0,0,0,0,0,0.66,Low
1,0,1,0,1,0,3.2,Medium
0,0,1,0,0,0,2.34,Low
0,1,1,0,0,0,4.05,Medium
1,0,0,0,0,0,0.23,Low
0,0,1,0,0,1,6.42,High
1,1,0,0,0,0,2.84,Medium
0,0,0,0,0,0,0.79,Low
1,1,0,0,0,0,3.05,Medium
1,0,0,0,0,0,0.04,Low
1,1,1,0,0,0,2.32,Low
0,0,0,0,0,0,1.64,Low
1,0,0,0,0,0,-0.16,Low
1,0,1,0,0,0,1.39,Low
1,0,0,0,1,0,1.02,Low
1,0,0,0,0,0,-0.77,Low
1,0,0,0,0,0,-0.26,Low
1,0,0,0,0,1,3.98,Medium
0,0,0,0,0,1,6.57,High
1,0,0,0,0,0,0.22,Low
1,0,0,0,0,0,-0.31,Low
1,0,0,1,1,0,4.19,Medium
0,1,1,0,0,0,5.13,Medium
0,0,0,0,1,0,3.8,Medium
1,1,0,0,0,0,2.09,Low
1,0,0,0,0,0,-1.72,Low
1,0,1,0,1,0,3.75,Medium
1,0,1,0,0,0,1.44,Low
0,1,0,0,0,0,5.2,Medium
1,0,0,1,0,0,1.35,Low
1,0,0,0,1,0,2.46,Low
1,0,0,0,0,0,-1.52,Low
0,0,0,0,0,0,0.59,Low
1,0,0,0,0,0,-0.19,Low
1,0,0,0,0,0,-0.46,Low
1,0,1,0,0,0,1.84,Low
0,0,0,1,1,0,6.94,High
1,0,1,0,0,0,2.03,Low
1,0,0,1,0,0,2.48,Low
1,0,0,0,0,0,0.51,Low
1,0,0,0,0,0,-1.03,Low
1,0,0,0,0,0,1.12,Low
1,0,0,0,0,0,1.0,Low
1,0,0,0,0,0,-1.1,Low
1,0,0,0,0,0,0.37,Low
1,0,0,0,1,0,1.56,Low
0,0,0,0,0,0,3.48,Medium
1,0,0,1,0,0,1.22,Low
0,0,1,0,1,0,5.07,Medium
1,1,0,0,0,0,2.15,Low
1,0,0,0,0,0,-0.04,Low
1,0,0,0,0,0,1.72,Low
1,0,0,0,0,0,1.35,Low
1,0,0,0,0,0,-1.31,Low
1,1,0,0,0,0,2.39,Low
1,0,0,0,0,0,-0.01,Low
0,1,0,0,0,0,4.67,Medium
1,0,0,0,0,0,0.17,Low
0,1,0,0,0,0,3.35,Medium
1,0,0,0,0,0,-0.83,Low
1,0,0,0,0,0,-0.32,Low
1,0,1,0,0,0,0.9,Low
1,0,0,0,0,0,0.16,Low
1,0,1,0,0,0,0.54,Low
1,1,0,0,0,0,3.36,Medium
1,0,0,0,0,0,0.43,Low
1,0,0,0,0,0,0.7,Low
1,0,1,0,0,0,0.89,Low
0,0,0,0,0,0,1.17,Low
0,0,0,0,0,0,2.71,Medium
0,0,0,1,0,0,3.21,Medium
0,0,1,0,0,0,1.38,Low
1,0,0,0,0,0,0.45,Low
1,0,0,0,1,0,1.4,Low
0,0,0,0,0,0,1.73,Low
1,1,0,0,0,0,2.56,Medium
1,0,0,0,0,0,-0.74,Low
1,0,0,0,0,0,-1.28,Low
1,0,0,0,0,0,0.98,Low
1,0,0,0,0,0,-0.05,Low
0,0,0,0,0,0,3.01,Medium
1,0,0,0,1,0,2.5,Medium
1,0,0,0,0,0,0.52,Low
0,0,0,1,1,0,6.13,High
1,0,0,0,0,0,0.13,Low
1,0,0,1,0,0,2.91,Medium
1,0,1,0,0,1,5.65,High
1,0,0,0,0,0,-0.47,Low
0,0,0,0,0,0,2.39,Low
1,1,0,1,0,0,3.5,Medium
0,0,0,0,0,0,1.75,Low
1,0,0,0,0,0,0.45,Low
0,0,0,0,0,0,1.49,Low
0,1,0,0,0,0,4.12,Medium
0,0,0,0,0,0,2.3,Low
1,1,0,0,0,0,1.73,Low
0,1,0,0,1,0,6.58,High
1,0,1,0,0,0,0.65,Low
1,0,1,1,0,0,3.75,Medium
0,0,0,0,0,0,2.1,Low
1,0,0,0,0,0,0.14,Low
0,0,0,1,0,0,3.28,Medium
1,0,1,0,1,0,2.81,Medium
1,0,0,0,0,0,0.16,Low
1,0,0,0,0,0,0.82,Low
1,0,0,0,0,0,-0.26,Low
1,0,0,0,0,0,0.82,Low
1,0,0,0,0,0,-0.6,Low
1,0,0,0,0,0,0.27,Low
1,0,1,0,0,0,0.59,Low
1,0,0,0,0,0,1.24,Low
1,0,0,0,1,0,3.09,Medium
1,0,0,0,0,0,0.23,Low
1,0,0,0,0,0,-0.43,Low
1,1,0,0,0,0,0.79,Low
0,1,0,0,0,0,4.3,Medium
0,0,1,0,0,0,3.17,Medium
1,0,0,0,0,0,0.69,Low
1,1,0,0,0,0,0.83,Low
0,0,1,0,1,0,5.11,Medium
1,1,1,0,0,0,3.34,Medium
1,0,0,0,0,0,-0.72,Low
1,1,0,0,1,0,4.09,Medium
0,0,1,0,0,0,2.42,Low
1,0,0,0,0,0,-0.66,Low
1,1,1,0,0,0,2.58,Medium
0,1,0,1,0,0,5.79,High
0,0,0,0,0,0,2.99,Medium
1,0,0,0,0,0,-0.26,Low
1,0,0,1,0,0,1.32,Low
0,0,1,0,0,0,3.65,Medium
1,0,1,0,0,0,1.82,Low
1,1,0,0,0,0,2.66,Medium
1,0,1,0,0,0,2.1,Low
0,0,0,0,0,0,2.15,Low
1,0,0,0,0,0,0.12,Low
0,0,0,0,0,0,1.44,Low
0,1,0,0,0,0,5.12,Medium
1,0,0,0,0,0,-0.07,Low
1,0,0,0,0,0,-0.24,Low
1,0,0,0,0,0,-0.31,Low
1,0,0,0,0,0,0.51,Low
1,0,0,0,0,0,0.07,Low
0,1,1,0,0,0,5.15,Medium
1,0,0,0,1,0,1.74,Low
0,0,0,0,0,0,1.84,Low
1,0,0,0,1,0,1.88,Low
1,0,0,0,0,0,1.14,Low
1,0,0,0,0,0,-1.44,Low
1,0,0,0,0,0,0.36,Low
1,0,1,0,0,0,1.87,Low
1,0,0,0,0,0,-1.47,Low
1,0,0,0,0,1,3.94,Medium
1,1,1,0,0,0,3.79,Medium
1,0,0,0,0,0,-0.6,Low
1,1,0,1,0,0,4.21,Medium
1,0,1,0,1,0,2.25,Low
0,1,1,0,0,0,5.03,Medium
1,0,0,0,0,0,1.02,Low
1,0,0,0,0,1,5.36,Medium
1,0,1,0,0,1,5.2,Medium
1,0,0,0,0,0,-1.02,Low
1,0,0,0,0,0,-0.25,Low
1,0,0,0,0,0,-1.45,Low
1,1,0,0,0,0,1.76,Low
1,0,1,1,1,0,5.77,High
1,0,0,0,0,0,-1.09,Low
1,0,1,0,0,0,0.83,Low
1,0,1,0,0,0,0.35,Low
0,0,1,0,0,0,4.43,Medium
1,0,0,0,0,0,0.32,Low
1,0,1,0,0,0,1.68,Low
1,0,0,1,0,0,2.23,Low
1,0,0,0,0,0,0.61,Low
1,0,1,0,0,0,1.86,Low
1,1,0,0,0,0,2.03,Low
1,0,0,0,0,0,-0.42,Low
1,0,0,0,0,0,-0.75,Low
1,1,0,0,0,0,3.41,Medium
1,0,0,0,0,0,0.66,Low
1,0,0,0,0,0,-1.78,Low
1,0,0,0,0,0,-0.2,Low
1,0,1,0,0,0,1.33,Low
0,1,0,0,0,0,5.34,Medium
1,0,0,0,0,0,-0.88,Low
1,0,0,1,0,0,2.34,Low
1,0,0,0,0,0,-0.32,Low
0,1,0,0,0,0,3.04,Medium
1,0,0,0,0,0,1.08,Low
1,0,1,0,0,0,0.23,Low
1,1,0,1,0,0,4.78,Medium
1,0,1,0,0,0,-0.28,Low
1,0,0,0,1,0,1.61,Low
1,0,0,0,0,0,0.46,Low
0,1,0,0,0,0,4.57,Medium
1,0,0,0,0,0,0.35,Low
1,0,0,1,0,0,2.79,Medium
0,0,1,0,0,0,2.77,Medium
1,0,0,0,0,0,1.11,Low
1,0,0,0,0,0,0.29,Low
1,0,0,0,0,0,0.59,Low
1,0,0,0,0,0,0.29,Low
1,1,0,0,0,0,2.39,Low
0,1,0,0,0,0,3.2,Medium
1,1,1,0,0,0,2.25,Low
1,0,0,0,0,0,-0.43,Low
1,0,0,0,0,0,0.41,Low
0,1,0,0,0,1,7.53,High
0,1,0,0,0,0,3.76,Medium
0,1,0,0,0,0,3.94,Medium
1,0,0,0,0,0,1.13,Low
1,1,0,0,0,0,2.48,Low
1,0,1,0,0,0,-0.17,Low
1,0,1,0,0,0,1.13,Low
1,1,0,0,0,0,1.76,Low
1,1,0,0,0,1,5.82,High
1,1,0,1,0,0,4.0,Medium
1,0,1,0,0,0,1.9,Low
1,0,1,1,0,0,2.35,Low
1,0,1,0,1,0,3.16,Medium
1,0,0,0,0,0,0.23,Low
1,0,1,0,0,0,0.82,Low
1,0,1,0,0,0,0.49,Low
0,1,0,1,1,0,7.4,High
1,0,0,0,1,0,1.66,Low
1,0,0,0,1,0,2.59,Medium
1,0,0,0,0,0,-0.29,Low
0,0,0,0,0,0,1.92,Low
1,0,0,0,0,0,-0.93,Low
1,0,0,0,0,0,-0.38,Low
1,0,0,0,0,0,0.18,Low
1,0,0,0,0,0,-1.33,Low
1,0,0,0,0,0,0.84,Low
1,0,0,0,0,0,-0.47,Low
0,1,1,0,0,0,6.41,High
1,0,1,0,0,0,1.34,Low
0,0,1,0,0,0,1.53,Low
1,0,0,0,0,0,0.22,Low
1,0,0,0,0,1,3.75,Medium
0,0,0,0,0,0,2.23,Low
1,0,0,0,0,0,1.29,Low
1,0,1,0,0,0,1.56,Low
1,0,0,0,0,0,-0.18,Low
1,0,0,1,0,0,0.88,Low
1,0,0,0,0,0,0.7,Low
1,0,1,0,0,0,1.41,Low
1,0,0,0,1,0,2.93,Medium
1,0,0,0,0,0,-0.11,Low
1,0,0,0,0,0,0.24,Low
1,0,0,0,0,0,-0.2,Low
1,0,0,0,0,0,0.07,Low
1,0,1,0,1,0,1.79,Low
1,0,0,1,0,0,2.25,Low
1,0,0,0,0,0,0.31,Low
0,0,1,0,0,1,6.6,High
1,0,0,1,1,0,4.49,Medium
1,0,1,0,0,0,1.7,Low
1,1,1,1,0,0,6.12,High
1,0,1,0,0,0,0.18,Low
1,0,0,0,1,0,2.54,Medium
0,0,0,0,0,0,3.07,Medium
1,0,1,0,0,0,0.72,Low
0,1,1,0,0,0,6.12,High
0,1,0,0,0,0,3.42,Medium
0,0,0,0,0,0,2.06,Low
0,0,0,0,0,0,0.62,Low
1,0,1,0,0,0,-0.49,Low
1,0,0,0,0,0,-1.24,Low
1,0,0,0,0,0,1.13,Low
1,0,0,1,1,1,7.38,High
1,0,0,0,0,0,-0.62,Low
1,1,1,1,0,0,5.33,Medium
1,0,0,0,0,0,-0.59,Low
1,0,0,0,0,0,0.96,Low
1,1,0,0,0,0,3.49,Medium
1,0,0,0,0,0,-1.78,Low
1,1,0,0,0,0,2.42,Low
0,0,0,0,0,0,0.35,Low
1,0,0,0,0,0,-1.09,Low
1,0,1,0,0,1,5.38,Medium
1,0,0,0,0,0,-0.75,Low
1,0,1,0,0,0,1.21,Low
1,0,0,0,0,0,0.02,Low
1,0,0,0,0,0,-1.32,Low
1,0,0,0,0,0,0.53,Low
1,0,0,0,0,0,0.24,Low
1,0,0,0,0,0,0.03,Low
1,1,0,0,0,0,1.48,Low
1,0,0,1,1,0,4.31,Medium
1,0,0,0,0,0,-1.04,Low
1,0,0,0,1,0,1.19,Low
0,1,0,0,0,0,4.26,Medium
1,1,0,0,0,0,2.82,Medium
1,0,0,1,1,0,3.62,Medium
1,1,0,0,0,0,2.37,Low
1,0,1,0,0,0,1.16,Low
1,1,0,0,0,0,2.33,Low
1,0,1,1,1,0,4.45,Medium
0,1,0,0,0,0,3.88,Medium
1,0,1,0,0,0,0.97,Low
1,0,0,0,0,0,1.2,Low
1,0,0,0,0,0,-0.88,Low
1,0,0,0,0,0,-1.12,Low
1,1,0,0,0,1,8.4,High
1,0,1,0,0,0,1.25,Low
0,0,0,0,0,0,2.44,Low
1,0,0,1,0,0,2.51,Medium
1,0,0,0,0,0,0.62,Low
0,1,0,0,0,0,4.72,Medium
1,0,0,0,0,0,0.62,Low
0,0,0,0,0,0,2.9,Medium
1,0,0,0,0,1,4.13,Medium
0,0,0,0,1,0,4.86,Medium
1,1,0,0,1,0,5.51,High
0,0,0,0,0,0,2.16,Low
0,1,0,0,0,0,4.38,Medium
1,0,0,0,0,0,-0.46,Low
0,0,0,0,0,0,1.87,Low
1,1,1,0,0,0,3.28,Medium
1,0,0,0,0,0,-0.31,Low
1,0,1,1,1,0,5.07,Medium
1,0,0,1,0,0,2.27,Low
1,0,1,0,0,0,2.22,Low
1,0,0,0,0,0,-0.69,Low
1,0,0,0,0,0,0.34,Low
0,1,0,0,0,0,3.52,Medium
0,0,0,0,1,1,8.61,High
1,0,1,1,0,0,3.68,Medium
1,0,0,0,1,0,3.34,Medium
1,0,0,0,0,0,-0.34,Low
1,1,0,0,0,0,2.12,Low
1,0,1,0,0,0,1.64,Low
1,0,0,0,0,1,4.53,Medium
1,1,0,0,0,1,4.01,Medium
0,1,0,0,1,0,5.45,Medium
1,0,0,0,0,0,0.46,Low
1,0,1,0,0,0,0.83,Low
1,0,0,0,0,0,0.65,Low
1,0,0,0,0,0,0.83,Low
1,0,0,0,1,0,1.83,Low
1,0,1,0,0,0,1.48,Low
1,0,0,0,0,0,1.16,Low
1,0,1,0,0,0,1.81,Low
0,0,0,0,0,0,1.38,Low
0,0,1,0,0,0,2.85,Medium
1,1,1,0,0,0,3.02,Medium
1,0,0,0,0,0,-0.75,Low
1,0,1,0,0,0,1.86,Low
1,0,0,0,0,0,-0.52,Low
1,0,0,0,0,0,-0.08,Low
1,0,1,0,0,0,1.86,Low
1,0,0,0,0,0,-0.36,Low
1,0,0,0,0,0,-0.27,Low
1,0,0,0,0,0,0.27,Low
0,1,0,0,0,0,3.67,Medium
0,0,1,0,1,0,6.23,High
1,0,0,0,0,0,-0.73,Low
1,0,1,0,0,0,-0.84,Low
0,0,0,0,0,0,2.67,Medium
1,0,0,0,0,0,-0.29,Low
0,1,0,0,0,0,3.35,Medium
1,0,0,0,0,0,0.31,Low
0,0,0,0,0,0,2.34,Low
1,0,0,0,1,0,1.39,Low
0,1,0,1,1,0,8.95,High
0,0,0,0,0,0,2.69,Medium
1,0,0,1,0,0,3.58,Medium
1,0,0,0,0,0,-0.37,Low
0,0,0,0,1,0,4.13,Medium
1,0,1,0,1,0,3.19,Medium
0,0,0,0,0,0,1.74,Low
1,0,0,0,0,0,0.32,Low
1,0,1,0,0,1,5.38,Medium
1,0,0,0,0,0,0.38,Low
1,0,0,1,1,0,3.74,Medium
0,0,1,0,0,0,2.83,Medium
1,0,0,0,0,0,-0.45,Low
1,0,0,0,0,0,-0.6,Low
1,1,0,0,0,0,1.95,Low
1,0,1,0,0,0,2.21,Low
0,0,1,0,0,0,4.63,Medium
0,0,1,0,0,0,4.05,Medium
1,0,0,0,0,0,-0.37,Low
0,0,0,0,0,0,2.33,Low
0,1,0,0,0,0,2.36,Low
1,0,0,0,1,0,1.88,Low
0,0,1,0,0,0,2.69,Medium
1,0,0,0,0,0,1.5,Low
1,1,0,0,0,1,6.21,High
0,1,0,0,0,0,4.04,Medium
1,1,0,0,0,0,1.95,Low
0,0,0,0,0,0,1.77,Low
0,1,0,0,0,0,4.43,Medium
1,0,0,0,0,0,-0.53,Low
0,1,0,0,0,0,4.44,Medium
1,0,1,0,0,0,2.15,Low
1,0,1,0,1,0,3.09,Medium
1,0,0,0,1,0,1.75,Low
0,0,1,0,1,0,4.94,Medium
1,0,0,0,1,0,2.96,Medium
1,1,0,0,0,0,2.11,Low
1,0,0,0,0,0,-0.49,Low
1,0,0,0,0,0,0.65,Low
1,0,0,0,0,0,-0.57,Low
1,0,0,0,0,0,-0.19,Low
1,0,0,0,0,0,0.18,Low
1,0,0,0,0,0,-0.65,Low
0,1,0,0,0,0,2.57,Medium
1,0,0,0,0,0,0.36,Low
1,0,0,0,1,0,0.25,Low
0,0,0,0,0,0,1.26,Low
1,0,0,0,0,0,0.62,Low
0,0,0,0,0,0,2.34,Low
1,0,0,0,0,0,-0.13,Low
0,0,0,0,1,0,3.28,Medium
1,0,1,0,1,0,2.66,Medium
1,0,0,1,0,0,2.46,Low
1,0,0,0,0,0,-0.11,Low
0,0,0,0,0,0,1.01,Low
1,0,0,0,0,0,-0.7,Low
1,0,0,0,1,0,1.65,Low
0,0,1,1,0,0,5.29,Medium
0,0,0,1,1,0,6.08,High
1,0,1,0,0,0,0.0,Low
0,0,0,0,0,0,3.08,Medium
0,1,0,0,0,0,3.41,Medium
1,0,1,0,0,0,1.35,Low
1,0,1,0,0,0,0.24,Low
1,0,1,0,0,0,2.99,Medium
1,0,1,0,0,0,2.06,Low
1,0,0,0,0,1,3.38,Medium
1,0,0,0,0,0,0.07,Low
1,1,0,0,0,0,1.18,Low
1,0,0,0,0,0,-0.28,Low
1,0,0,0,1,0,2.34,Low
0,1,0,0,1,0,6.68,High
0,0,0,0,0,0,1.01,Low
1,0,1,0,0,0,0.4,Low
0,0,0,1,1,0,6.75,High
1,0,0,0,1,0,3.06,Medium
1,0,0,0,0,0,-0.62,Low
1,1,0,0,0,0,2.77,Medium
1,0,0,0,0,0,-0.99,Low
0,1,1,0,0,0,4.76,Medium
1,0,0,1,1,0,3.08,Medium
1,0,1,1,1,1,8.68,High
1,1,0,0,0,0,3.53,Medium
1,0,0,1,0,0,1.96,Low
1,0,0,0,0,0,-0.23,Low
1,0,0,0,0,0,-0.45,Low
1,0,0,0,1,0,1.76,Low
0,1,0,0,0,0,3.35,Medium
0,0,0,1,1,0,6.11,High
1,1,0,0,0,0,1.97,Low
0,1,1,0,0,0,4.63,Medium
1,0,0,0,0,0,-0.44,Low
1,0,0,0,0,0,0.15,Low
1,0,0,0,0,0,-0.58,Low
1,0,0,0,0,0,-0.19,Low
0,0,0,0,0,0,1.64,Low
1,0,0,0,1,0,0.24,Low
1,0,0,0,1,0,2.69,Medium
1,0,0,0,0,0,-1.47,Low
1,0,0,0,0,0,-1.41,Low
0,1,0,0,1,0,6.72,High
1,0,0,0,1,0,1.11,Low
1,0,0,0,0,0,-1.66,Low
1,0,0,0,0,0,1.07,Low
1,0,0,0,0,0,-0.51,Low
1,0,0,0,0,0,0.97,Low
1,0,0,1,1,0,3.27,Medium
1,1,0,1,0,0,2.69,Medium
1,0,1,0,0,0,0.74,Low
0,1,0,0,0,1,7.03,High
0,0,1,0,0,0,3.32,Medium
1,0,0,1,1,0,4.54,Medium
1,0,0,0,0,0,0.74,Low
1,0,0,0,0,0,-0.25,Low
0,0,0,1,1,0,7.1,High
1,0,1,1,1,0,4.26,Medium
1,0,1,0,0,0,1.11,Low
1,0,0,0,0,0,-0.11,Low
1,0,0,0,0,0,1.58,Low
1,0,0,0,1,0,2.97,Medium
1,0,1,0,0,0,1.03,Low
1,0,0,0,1,0,2.16,Low
1,0,0,0,0,0,1.23,Low
1,0,0,0,0,0,-0.6,Low
1,0,1,0,0,0,-0.63,Low
1,0,1,0,0,0,0.23,Low
1,1,1,0,0,0,2.67,Medium
1,1,0,0,0,0,3.09,Medium
1,1,0,1,0,0,4.83,Medium
0,1,0,0,0,0,3.96,Medium
1,0,0,0,0,0,0.37,Low
1,0,0,0,0,0,-0.57,Low
1,0,0,0,0,0,1.67,Low
1,1,0,0,1,0,4.97,Medium
1,0,0,0,0,0,0.04,Low
1,0,1,0,0,0,0.94,Low
1,0,0,0,0,0,0.56,Low
0,0,0,0,0,0,1.95,Low
1,0,0,1,0,0,0.54,Low
0,0,0,0,1,0,5.23,Medium
0,1,1,0,0,0,5.93,High
1,1,0,0,0,0,2.3,Low
0,0,0,1,1,0,5.66,High
1,0,0,1,0,0,2.01,Low
0,0,0,0,1,0,1.88,Low
1,0,0,0,0,0,-0.89,Low
1,1,0,0,0,0,3.41,Medium
1,0,0,0,1,0,2.41,Low
1,0,0,0,1,0,0.44,Low
1,0,1,0,0,0,0.34,Low
1,0,1,0,0,0,-0.54,Low
1,0,1,0,0,0,0.38,Low
1,0,1,0,0,1,4.87,Medium
1,0,0,0,0,0,1.28,Low
1,0,0,0,1,0,2.63,Medium
0,1,0,0,0,0,3.76,Medium
0,1,0,0,0,0,3.8,Medium
0,0,0,0,0,0,1.36,Low
1,0,0,1,0,0,2.87,Medium
1,0,0,0,0,0,0.97,Low
1,0,0,0,0,0,-1.07,Low
0,0,0,0,0,0,0.62,Low
1,1,0,0,0,0,1.75,Low
1,0,0,0,0,0,-0.16,Low
1,0,0,0,0,0,0.21,Low
0,1,1,0,0,0,3.66,Medium
1,0,0,0,1,0,1.43,Low
1,0,0,0,0,0,-0.07,Low
1,1,0,0,0,0,1.38,Low
1,0,0,0,0,0,0.69,Low
1,0,0,0,0,0,1.49,Low
1,0,0,0,0,0,-0.43,Low
1,0,1,0,0,0,1.71,Low
0,1,0,0,0,0,3.71,Medium
1,0,0,1,0,0,1.26,Low
0,1,0,0,0,0,3.43,Medium
0,0,0,0,0,0,2.61,Medium
1,0,0,0,0,0,-0.51,Low
1,0,0,0,0,0,-0.36,Low
1,0,1,0,0,0,0.08,Low
0,0,0,0,0,0,2.51,Medium
1,0,0,0,0,0,0.37,Low
1,0,0,0,0,0,1.16,Low
1,0,1,0,0,0,1.48,Low
1,0,0,0,0,0,0.33,Low
1,0,0,0,0,0,0.47,Low
1,0,1,0,1,0,2.8,Medium
1,0,0,0,0,0,0.09,Low
1,0,0,0,0,0,0.74,Low
1,0,1,0,0,0,0.34,Low
1,0,0,0,0,0,1.36,Low
1,0,0,0,0,0,0.51,Low
1,0,0,0,0,0,1.62,Low
0,1,0,0,0,0,3.06,Medium
1,0,0,0,0,0,-0.94,Low
1,0,0,0,0,0,0.3,Low
1,0,0,0,0,0,0.1,Low
1,0,0,1,0,0,1.63,Low
1,0,0,0,0,0,-1.02,Low
1,0,1,0,0,0,0.79,Low
0,0,0,0,0,0,2.17,Low
1,0,1,0,0,0,-0.05,Low
1,0,0,0,1,0,1.67,Low
1,0,0,0,0,0,0.31,Low
1,1,1,0,0,0,3.63,Medium
1,0,0,0,0,0,-0.23,Low
1,0,0,0,0,0,-0.64,Low
1,0,0,0,0,0,0.09,Low
1,0,0,0,0,0,-0.17,Low
1,0,0,0,0,0,-1.17,Low
1,0,1,1,0,0,2.64,Medium
1,0,0,1,0,0,1.53,Low
1,0,1,0,0,0,1.02,Low
0,0,0,0,0,0,1.41,Low
1,0,1,0,0,0,0.56,Low
1,0,0,0,0,0,-0.15,Low
1,0,1,0,0,0,1.51,Low
0,1,0,0,0,0,4.07,Medium
0,1,1,0,0,0,7.13,High
1,0,0,0,0,0,-1.01,Low
0,0,0,0,0,0,2.73,Medium
1,0,0,0,0,0,-0.06,Low
1,0,1,0,0,0,-0.12,Low
0,0,0,0,0,0,1.7,Low
0,1,0,0,0,0,2.79,Medium
1,0,0,1,0,0,2.07,Low
1,0,0,0,0,0,-0.24,Low
1,0,0,0,0,0,-0.55,Low
1,0,0,0,0,0,-0.85,Low
0,0,0,1,0,0,4.81,Medium
1,0,0,0,1,1,5.87,High
1,0,1,0,0,0,1.17,Low
1,0,1,0,0,0,1.14,Low
1,0,0,0,0,0,0.09,Low
1,0,0,0,0,0,-0.26,Low
1,0,0,0,0,0,1.21,Low
0,0,0,0,0,0,3.79,Medium
0,1,0,0,0,0,5.16,Medium
1,0,0,0,0,0,0.02,Low
0,1,0,0,0,0,3.96,Medium
0,0,0,0,0,0,2.87,Medium
0,1,0,0,0,0,3.39,Medium
1,1,0,0,0,0,3.37,Medium
1,0,0,0,0,0,0.63,Low
1,1,1,0,0,0,2.78,Medium
1,0,0,0,0,0,0.23,Low
1,0,0,0,0,0,0.5,Low
1,0,0,0,1,0,1.66,Low
1,0,0,0,0,0,0.83,Low
1,0,0,0,0,0,1.02,Low
1,0,0,0,0,0,-0.21,Low
1,0,0,0,0,0,-0.38,Low
0,0,0,0,0,0,1.92,Low
0,0,0,0,0,0,1.07,Low
0,0,0,0,0,0,0.67,Low
0,0,0,0,0,0,1.65,Low
1,0,0,0,0,0,-0.77,Low
0,1,0,0,0,0,5.42,Medium
1,0,1,0,0,0,0.64,Low
1,0,0,0,0,0,0.36,Low
1,0,0,0,0,0,-0.5,Low
1,0,0,1,1,0,5.43,Medium
1,0,0,0,0,0,-0.16,Low
1,1,0,0,0,0,1.01,Low
0,0,0,0,0,0,2.54,Medium
1,0,1,0,0,0,1.21,Low
1,0,0,1,0,0,2.96,Medium
0,0,0,0,0,0,1.88,Low
1,0,0,0,0,0,0.09,Low
1,0,0,0,1,0,0.79,Low
1,0,1,0,0,0,1.67,Low
1,0,1,1,0,0,3.05,Medium
1,0,0,0,0,0,-0.1,Low
0,1,1,0,0,0,4.82,Medium
1,0,0,0,1,0,1.77,Low
1,0,0,1,1,0,4.68,Medium
0,1,1,0,0,0,4.26,Medium
1,0,0,0,0,0,0.59,Low
1,0,0,0,0,0,-1.28,Low
1,0,0,0,0,0,-1.53,Low
1,0,1,0,0,0,2.13,Low
1,0,1,0,0,0,0.18,Low
1,0,1,0,0,0,1.08,Low
1,0,1,0,0,0,0.79,Low
0,1,0,0,0,0,4.28,Medium
1,0,0,1,0,0,2.04,Low
1,1,0,1,0,0,4.83,Medium
1,0,0,1,1,0,2.86,Medium
1,0,0,0,0,0,0.54,Low
1,0,0,0,0,0,-0.04,Low
1,0,0,0,0,0,-1.23,Low
0,0,1,0,0,0,2.58,Medium
1,0,0,1,0,0,0.72,Low
1,0,1,1,1,0,3.66,Medium
1,0,1,0,0,0,0.65,Low
1,0,0,1,1,0,4.95,Medium
1,1,0,0,0,0,2.25,Low
1,0,0,0,0,0,1.04,Low
1,0,0,1,0,0,2.06,Low
1,0,0,0,0,0,1.24,Low
0,1,0,0,0,0,5.16,Medium
0,0,0,0,0,0,1.24,Low
0,0,0,0,0,0,2.06,Low
0,0,0,0,0,0,1.42,Low
1,0,0,0,0,0,-0.12,Low
0,0,0,0,0,0,3.33,Medium
1,1,1,0,0,0,2.49,Low
0,0,0,0,0,0,1.05,Low
0,1,1,1,1,0,8.1,High
1,0,0,0,0,0,-0.32,Low
0,1,0,0,0,0,7.0,High
1,0,0,0,1,0,3.18,Medium
1,1,0,1,1,0,3.7,Medium
1,0,1,0,0,0,0.97,Low
1,1,1,1,1,0,6.5,High
1,0,0,0,1,0,2.79,Medium
1,0,0,0,0,0,-0.94,Low
0,0,0,0,0,0,1.17,Low
1,0,0,0,0,0,-0.46,Low
0,1,0,0,0,0,3.45,Medium
0,1,1,0,0,0,5.52,High
0,0,0,0,0,0,1.73,Low
0,0,0,0,0,0,2.8,Medium
1,0,1,0,0,0,0.35,Low
0,1,0,0,0,0,4.69,Medium
0,0,0,0,0,0,1.07,Low
1,0,0,0,0,0,0.49,Low
1,0,0,0,0,0,-0.4,Low
1,0,0,0,0,0,0.71,Low
1,0,0,0,0,0,-1.95,Low
1,0,0,0,0,0,-0.63,Low
1,0,0,0,0,0,0.93,Low
1,0,0,0,0,0,-0.16,Low
1,0,0,0,0,0,-1.36,Low
0,0,0,0,0,0,1.43,Low
1,0,0,0,1,0,2.31,Low
1,1,0,0,0,0,1.35,Low
1,0,0,1,0,0,2.93,Medium
1,0,1,0,0,0,1.87,Low
0,0,0,0,0,0,2.53,Medium
1,0,0,0,0,0,0.82,Low
1,0,0,0,0,0,-0.41,Low
1,0,0,0,0,0,1.19,Low
1,1,0,0,0,0,2.86,Medium
0,1,1,0,0,0,4.9,Medium
1,0,0,0,0,0,-1.3,Low
1,0,1,0,0,0,-0.89,Low
1,0,0,0,0,0,0.79,Low
1,0,0,0,0,0,-1.29,Low
1,0,0,0,0,0,-0.74,Low
1,0,0,0,0,0,0.38,Low
1,0,0,0,0,0,-1.04,Low
1,0,0,0,0,0,1.95,Low
1,0,0,0,0,0,0.19,Low
0,0,0,0,0,0,3.18,Medium
0,1,0,0,0,1,8.83,High
1,0,0,0,0,0,-2.03,Low
0,0,0,0,0,0,2.6,Medium
1,0,0,0,0,0,-0.01,Low
1,1,1,0,0,0,2.95,Medium
0,1,1,0,1,0,6.98,High
0,0,0,0,0,0,2.84,Medium
0,0,1,0,0,0,4.32,Medium
1,0,1,1,0,0,2.05,Low
1,0,0,0,1,0,2.06,Low
0,1,1,0,0,0,6.12,High
1,1,0,0,0,0,1.83,Low
1,0,0,0,0,0,0.16,Low
1,0,0,0,0,0,0.17,Low
1,0,0,0,0,0,1.69,Low
1,0,0,0,0,0,0.6,Low
1,1,0,0,0,0,3.66,Medium
0,0,0,1,1,0,7.39,High
1,0,0,0,0,0,-0.18,Low
1,0,0,1,1,0,4.24,Medium
1,0,0,1,0,0,3.64,Medium
1,0,0,0,0,0,-0.91,Low
1,0,0,0,0,0,0.61,Low
1,0,0,0,0,0,0.62,Low
0,0,0,1,1,0,5.78,High
1,1,0,0,0,0,1.7,Low
0,0,0,0,0,0,1.81,Low
1,0,0,0,0,0,0.56,Low
1,0,0,0,0,0,1.18,Low
1,0,0,0,0,0,0.59,Low
1,0,0,0,0,0,-1.01,Low
0,1,0,1,0,0,7.2,High
1,0,1,0,1,0,3.95,Medium
1,0,0,1,0,0,1.8,Low
0,0,0,0,0,0,1.48,Low
0,1,0,1,0,0,5.27,Medium
0,0,0,0,0,0,2.86,Medium
1,0,0,0,1,0,0.5,Low
0,1,0,0,0,0,4.88,Medium
1,0,0,0,0,0,-0.36,Low
1,0,0,1,0,0,2.23,Low
1,0,0,0,0,0,-2.74,Low
1,0,0,0,0,0,-1.42,Low
1,0,1,0,0,0,0.46,Low
1,0,0,0,0,0,-0.73,Low
0,0,0,0,0,0,2.61,Medium
1,0,0,0,0,0,0.24,Low
1,0,1,0,0,0,2.55,Medium
1,0,1,0,0,0,1.41,Low
0,0,0,0,1,0,3.48,Medium
1,0,0,0,0,0,0.98,Low
1,0,0,0,0,0,-0.37,Low
0,1,0,0,0,0,3.58,Medium
0,0,0,0,0,0,2.0,Low
1,0,0,0,0,0,1.3,Low
1,0,0,0,0,0,0.84,Low
0,0,0,1,0,0,4.82,Medium
1,1,0,0,0,1,7.57,High
1,0,0,0,0,0,0.8,Low
0,0,0,0,0,0,1.02,Low
1,0,0,0,0,0,0.43,Low
1,1,0,1,0,0,5.3,Medium
1,1,0,1,1,0,4.79,Medium
1,0,0,0,0,0,-0.01,Low
1,1,0,0,0,1,5.15,Medium
0,0,0,0,0,0,2.1,Low
1,0,1,0,0,0,1.91,Low
1,0,1,0,0,0,2.07,Low
1,1,0,0,0,0,1.85,Low
1,0,1,0,0,0,1.53,Low
0,0,0,0,0,0,0.8,Low
1,0,1,0,0,0,-0.4,Low
1,0,0,0,0,0,0.9,Low
1,1,0,0,0,0,-0.42,Low
1,0,0,0,0,0,-0.55,Low
1,1,0,0,0,0,2.54,Medium
1,1,0,0,0,0,2.18,Low
0,0,0,0,0,0,-0.27,Low
1,0,0,0,0,0,0.42,Low
1,0,0,0,0,0,-0.69,Low
1,0,1,0,0,0,1.1,Low
0,0,1,0,0,0,2.5,Medium
1,0,0,0,0,0,-0.55,Low
1,0,0,0,0,0,-1.44,Low
1,1,1,0,0,0,2.71,Medium
1,0,1,0,0,0,1.99,Low
0,0,0,0,0,0,1.66,Low
1,1,0,0,0,0,1.7,Low
1,0,0,0,0,0,-0.56,Low
0,0,0,0,0,0,0.97,Low
0,0,0,1,1,0,5.2,Medium
0,0,0,0,0,0,2.18,Low
0,0,0,0,0,0,3.97,Medium
1,0,0,1,1,0,4.78,Medium
1,0,0,0,0,0,0.5,Low
1,0,0,0,0,0,1.59,Low
1,0,1,0,0,0,1.37,Low
1,0,1,0,0,0,1.86,Low
1,0,0,0,0,0,0.17,Low
1,0,1,0,0,0,1.36,Low
0,0,0,0,0,0,0.87,Low
1,0,0,0,0,0,-0.25,Low
0,0,0,1,1,0,5.55,High
1,0,0,0,0,1,3.51,Medium
1,0,0,0,0,0,-0.54,Low
1,0,0,0,0,0,1.14,Low
1,0,0,0,1,0,1.71,Low
1,0,0,0,1,0,1.88,Low
0,0,0,0,0,0,3.81,Medium
1,0,1,0,1,0,3.62,Medium
1,0,0,0,0,0,0.01,Low
1,0,0,0,0,0,0.85,Low
1,1,0,0,0,0,1.46,Low
0,0,1,0,0,0,2.66,Medium
0,0,0,0,0,0,1.71,Low
1,0,0,0,0,0,0.2,Low
1,0,0,1,1,0,4.37,Medium
1,0,0,0,0,0,-0.76,Low
0,1,0,0,0,0,4.33,Medium
1,0,0,0,0,0,0.48,Low
1,1,0,0,0,0,1.63,Low
0,1,0,0,0,0,3.87,Medium
1,0,0,0,0,0,-0.91,Low
0,1,0,0,1,0,4.79,Medium
1,0,0,0,1,0,1.08,Low
1,0,1,0,0,0,1.58,Low
1,0,0,0,0,0,0.42,Low
0,0,0,0,0,0,3.54,Medium
0,0,0,1,0,0,4.03,Medium
1,0,0,0,0,0,0.04,Low
1,0,1,0,0,0,1.27,Low
1,0,0,1,0,0,1.15,Low
0,1,0,1,0,0,6.72,High
1,0,0,0,0,0,0.31,Low
1,0,0,0,0,0,-0.76,Low
1,1,1,0,0,0,3.3,Medium
0,1,0,0,0,0,4.61,Medium
1,0,0,0,0,0,-1.07,Low
1,1,0,0,0,0,2.85,Medium
1,0,1,0,0,0,0.64,Low
0,0,1,0,0,0,0.54,Low
1,0,0,1,0,0,2.78,Medium
1,0,0,0,0,0,1.07,Low
0,0,0,0,0,0,1.1,Low
1,0,0,0,0,0,-1.34,Low
1,0,1,0,0,0,2.06,Low
1,0,1,1,1,0,4.51,Medium
0,1,0,0,0,0,5.08,Medium
1,0,0,0,0,0,-1.43,Low
0,1,0,0,0,0,5.12,Medium
1,1,0,0,0,0,2.86,Medium
1,0,0,0,0,0,0.43,Low
1,0,0,0,0,0,-1.6,Low
0,0,1,0,0,0,2.71,Medium
1,1,0,0,0,0,2.81,Medium
0,0,0,0,0,0,0.65,Low
1,0,0,0,0,0,-0.42,Low
1,0,0,0,0,0,0.32,Low
1,0,0,0,0,0,-0.93,Low
0,1,0,0,0,0,5.04,Medium
1,0,1,0,0,0,1.88,Low
1,1,1,0,0,0,3.19,Medium
1,0,0,0,0,0,0.35,Low
0,1,0,0,0,0,3.57,Medium
1,1,0,0,0,0,2.47,Low
0,0,0,0,0,0,1.52,Low
1,1,0,1,1,0,5.84,High
1,0,0,0,0,0,-0.39,Low
1,0,0,0,0,0,1.15,Low
0,0,0,1,1,0,6.97,High
0,1,0,0,0,0,3.2,Medium
1,1,1,0,0,0,4.07,Medium
1,0,0,0,0,0,-0.64,Low
1,0,1,0,0,0,2.48,Low
1,0,1,0,0,0,2.26,Low
1,0,0,1,0,0,3.75,Medium
1,0,0,0,0,0,0.23,Low
1,0,0,0,0,0,-0.22,Low
1,1,0,0,0,0,1.76,Low
1,0,0,0,1,0,2.3,Low
1,0,0,0,1,0,1.19,Low
1,0,0,0,0,0,-1.93,Low
1,0,0,0,0,0,-0.32,Low
0,1,0,0,0,0,4.03,Medium
1,0,0,0,0,0,0.44,Low
1,1,0,0,0,0,2.32,Low
1,1,0,0,0,0,2.11,Low
1,0,0,0,0,0,0.94,Low
1,0,0,0,0,0,-0.7,Low
1,0,0,0,0,0,-0.54,Low
0,0,0,0,0,0,3.69,Medium
1,0,0,0,0,0,-2.55,Low
1,0,0,0,0,0,0.9,Low
1,0,0,1,0,0,2.45,Low
1,0,0,0,0,0,-0.0,Low
1,0,0,0,1,0,2.72,Medium
0,1,0,0,0,0,4.57,Medium
1,0,0,0,0,0,-1.17,Low
1,0,0,1,0,0,1.22,Low
1,0,0,0,0,0,-0.38,Low
1,0,0,0,0,0,-1.7,Low
0,0,0,0,0,0,1.99,Low
1,0,0,0,0,0,0.51,Low
1,0,1,0,0,1,5.93,High
1,0,1,1,0,0,3.06,Medium
0,0,0,0,0,1,5.4,Medium
1,1,0,0,0,0,2.18,Low
1,0,1,0,0,1,4.94,Medium
1,0,0,0,1,0,2.63,Medium
1,0,0,0,0,0,-0.04,Low
1,0,0,0,0,0,0.71,Low
1,0,0,0,1,0,1.79,Low
1,1,0,0,0,0,3.03,Medium
1,0,1,0,0,0,1.14,Low
1,1,0,1,1,0,5.52,High
1,0,0,0,0,0,-0.27,Low
1,1,0,0,0,0,2.58,Medium
1,0,0,0,0,0,-1.02,Low
1,0,0,0,0,0,-0.1,Low
0,0,0,0,0,0,2.86,Medium
1,0,1,0,0,0,1.41,Low
1,0,0,0,0,0,-0.92,Low
1,0,0,0,0,0,0.25,Low
0,1,0,0,0,0,2.93,Medium
1,0,0,0,0,0,0.15,Low
1,0,0,0,0,0,1.1,Low
1,0,0,0,0,0,0.06,Low
1,1,0,0,0,0,1.09,Low
1,0,0,1,0,0,1.85,Low
1,0,0,0,0,0,0.16,Low
1,0,0,0,0,0,0.87,Low
0,0,0,0,0,0,2.87,Medium
1,1,1,0,0,0,2.13,Low
1,0,0,0,0,0,-0.26,Low
1,0,0,0,0,0,0.31,Low
1,1,0,0,0,0,1.52,Low
1,0,0,0,0,0,0.4,Low
1,0,0,0,0,0,-1.08,Low
1,1,0,0,0,0,2.21,Low
0,0,0,0,0,0,2.82,Medium
0,0,0,0,1,0,4.04,Medium
1,0,0,0,0,0,0.14,Low
1,0,0,0,0,0,0.68,Low
0,1,0,0,0,1,7.64,High
1,0,0,0,0,0,0.5,Low
0,0,0,1,1,0,5.98,High
1,0,1,0,0,0,0.27,Low
1,0,0,0,0,0,0.72,Low
1,0,0,0,1,0,3.12,Medium
1,0,0,0,0,0,0.93,Low
1,0,0,0,1,0,2.72,Medium
1,1,0,0,0,0,2.41,Low
1,0,1,0,0,1,5.29,Medium
1,0,0,0,0,0,-0.08,Low
1,0,0,1,0,0,1.47,Low
0,0,0,0,0,0,0.35,Low
1,0,0,0,0,0,-1.25,Low
0,0,1,0,0,0,3.01,Medium
1,1,0,0,1,0,2.98,Medium
1,1,0,1,0,0,4.33,Medium
0,0,0,0,0,0,3.4,Medium
1,0,0,0,0,1,1.42,Low
1,0,0,0,0,0,-0.78,Low
1,0,0,0,1,0,3.75,Medium
1,0,0,0,0,0,0.67,Low
1,0,0,0,0,0,-0.09,Low
0,0,0,0,0,0,1.57,Low
1,0,0,1,1,0,4.47,Medium
1,0,0,0,0,0,0.78,Low
1,0,0,0,0,0,-1.02,Low
1,0,1,0,0,0,2.19,Low
1,1,0,0,0,0,2.32,Low
1,1,0,0,0,0,2.75,Medium
1,0,0,1,0,0,2.82,Medium
1,0,0,0,1,0,2.25,Low
1,0,0,0,0,0,0.36,Low
1,0,1,0,0,0,1.41,Low
1,0,1,1,0,0,2.71,Medium
1,0,1,0,0,0,1.52,Low
0,0,0,0,0,0,1.79,Low
1,0,0,0,1,0,2.0,Low
1,0,0,0,0,0,1.25,Low
1,1,0,0,1,0,3.97,Medium
1,0,0,0,0,0,0.33,Low
1,0,0,1,0,0,1.86,Low
1,0,0,1,0,0,1.71,Low
1,0,0,0,0,0,1.54,Low
1,0,0,0,0,0,-1.17,Low
1,0,0,0,0,0,0.04,Low
1,0,0,0,0,0,-0.96,Low
1,0,0,0,0,1,5.0,Medium
1,0,0,0,0,0,-0.05,Low
0,0,0,0,1,0,3.62,Medium
0,1,1,0,0,0,3.53,Medium
0,0,1,0,0,1,8.26,High
0,0,0,0,0,0,0.94,Low
0,1,0,0,0,0,4.39,Medium
1,0,0,0,0,0,0.75,Low
1,0,1,0,0,0,2.74,Medium
1,1,0,1,0,0,3.56,Medium
1,1,0,0,1,0,3.32,Medium
1,0,1,0,0,0,0.66,Low
1,1,0,0,0,0,1.53,Low
1,0,1,0,0,0,-0.51,Low
1,1,0,0,0,1,7.31,High
0,0,0,0,0,0,1.67,Low
1,0,0,0,0,0,-0.13,Low
1,0,1,0,0,0,1.5,Low
1,0,1,0,0,0,2.11,Low
1,0,0,0,0,0,-0.93,Low
0,1,0,0,0,0,4.29,Medium
1,0,0,1,0,0,1.03,Low
0,1,1,0,0,0,5.27,Medium
1,0,0,0,0,0,0.23,Low
1,0,0,0,1,0,1.62,Low
1,0,0,0,0,0,0.19,Low
1,0,0,0,0,0,0.2,Low
1,0,0,0,1,0,1.93,Low
1,0,0,1,0,0,1.84,Low
1,0,1,0,1,0,1.91,Low
0,1,0,0,0,0,3.13,Medium
1,0,0,0,0,0,-0.49,Low
0,1,0,0,0,0,3.19,Medium
1,0,0,1,1,0,3.54,Medium
1,0,1,0,0,0,0.94,Low
1,0,0,0,0,0,0.07,Low
1,0,1,0,0,0,1.45,Low
1,0,0,0,0,0,0.13,Low
1,0,0,0,0,0,0.1,Low
1,0,1,0,0,0,1.43,Low
0,1,0,0,0,0,3.27,Medium
1,0,1,1,0,0,2.33,Low
0,0,0,0,0,0,1.7,Low
1,0,0,0,0,0,-0.56,Low
1,0,0,0,0,0,-1.4,Low
1,0,0,0,0,0,0.46,Low
1,0,0,0,0,0,-0.8,Low
1,0,0,0,1,0,3.45,Medium
1,0,1,0,0,0,1.13,Low
1,0,0,0,0,0,-1.2,Low
1,0,0,0,0,0,0.53,Low
0,1,0,0,0,0,4.03,Medium
0,0,0,0,0,0,2.23,Low
1,0,0,0,0,0,-0.4,Low
1,0,0,0,0,0,-0.74,Low
1,0,0,0,0,0,-1.17,Low
1,0,0,0,0,0,-1.03,Low
1,0,0,0,0,0,-1.09,Low
1,0,0,0,0,0,-0.29,Low
1,0,0,1,1,0,3.96,Medium
1,0,1,0,0,0,-0.24,Low
1,1,0,0,0,0,2.72,Medium
0,1,0,0,0,0,4.11,Medium
0,1,0,0,0,0,5.94,High
1,0,0,0,0,0,-0.32,Low
0,0,0,0,0,1,7.79,High
0,0,0,0,0,0,2.6,Medium
1,0,0,0,0,0,-1.57,Low
1,0,0,0,0,0,-0.95,Low
1,0,0,1,0,0,2.25,Low
0,1,0,0,0,0,2.6,Medium
0,1,0,0,0,0,3.28,Medium
1,0,0,0,1,0,0.73,Low
1,0,0,1,0,0,3.71,Medium
1,0,0,0,0,0,0.88,Low
1,0,0,0,0,0,-0.27,Low
1,0,1,0,0,0,2.21,Low
0,0,0,1,1,0,7.01,High
1,0,0,0,0,0,1.05,Low
0,1,0,0,0,0,3.55,Medium
0,0,0,0,0,0,1.75,Low
1,0,1,1,1,0,4.12,Medium
1,0,0,0,0,0,-0.09,Low
1,1,0,1,0,0,3.35,Medium
1,0,0,0,1,0,1.14,Low
1,0,0,0,0,1,4.91,Medium
1,0,0,0,0,0,0.54,Low
1,1,0,0,0,0,1.29,Low
1,0,0,0,0,0,0.76,Low
1,0,0,1,1,0,4.25,Medium
1,0,0,0,0,1,3.75,Medium
1,0,0,0,0,0,1.27,Low
1,0,0,0,0,0,0.24,Low
1,0,0,0,0,0,1.42,Low
1,0,0,0,0,0,0.45,Low
1,1,0,0,0,0,2.52,Medium
1,0,0,0,0,0,-0.86,Low
1,1,0,0,0,0,1.55,Low
1,0,0,0,0,0,1.17,Low
0,0,1,0,0,0,3.93,Medium
1,0,0,0,0,0,-0.29,Low
1,0,0,0,0,0,-1.08,Low
1,0,0,0,0,0,1.33,Low
1,0,0,0,0,0,0.85,Low
1,0,0,0,0,0,-0.92,Low
1,0,0,0,0,0,-0.92,Low
1,0,0,0,0,0,1.47,Low
1,0,0,1,1,0,3.59,Medium
1,0,1,0,0,0,0.61,Low
1,1,0,0,0,0,1.46,Low
1,0,0,0,0,0,0.28,Low
0,0,0,0,0,0,0.88,Low
1,1,0,0,0,0,2.19,Low
1,1,0,0,0,0,0.87,Low
1,0,0,0,0,0,-1.12,Low
1,0,0,0,0,0,-1.09,Low
1,0,0,0,1,0,0.94,Low
1,0,1,0,0,0,1.58,Low
1,0,0,0,0,0,0.58,Low
1,0,1,0,0,0,0.87,Low
1,0,0,1,0,0,1.49,Low
1,0,0,0,0,0,1.11,Low
0,0,1,0,0,0,3.56,Medium
1,0,0,0,0,0,-0.94,Low
1,0,1,0,1,0,3.28,Medium
1,0,0,0,1,0,2.24,Low
1,0,1,0,0,0,1.57,Low
1,0,0,0,1,0,4.2,Medium
1,0,0,0,0,1,3.35,Medium
1,0,1,0,0,0,1.44,Low
1,0,0,1,0,0,3.2,Medium
1,0,0,0,0,0,1.37,Low
1,0,0,0,0,0,0.14,Low
0,0,0,0,0,0,0.95,Low
1,0,1,0,1,1,5.56,High
1,0,0,1,0,0,2.66,Medium
1,0,0,0,1,0,2.27,Low
1,0,0,0,0,0,0.1,Low
0,1,0,0,0,0,4.23,Medium
1,1,0,0,0,0,2.78,Medium
1,0,0,0,0,1,4.44,Medium
1,0,0,0,0,0,0.31,Low
1,1,0,0,0,0,1.53,Low
1,1,1,0,0,0,3.83,Medium
1,0,0,0,0,0,-0.46,Low
1,0,0,0,0,0,0.77,Low
1,0,0,0,0,0,-0.31,Low
1,0,0,0,0,0,0.47,Low
0,0,0,0,1,0,5.41,Medium
0,1,0,0,0,0,4.53,Medium
0,0,0,1,0,0,5.13,Medium
1,0,0,0,0,0,-0.3,Low
1,0,0,1,0,0,2.08,Low
0,1,0,0,0,0,3.72,Medium
1,0,0,0,0,0,-1.33,Low
1,0,0,1,1,0,4.85,Medium
0,0,1,0,0,0,3.46,Medium
0,0,0,0,0,0,2.4,Low
1,0,1,0,0,0,1.99,Low
1,1,0,0,0,0,1.09,Low
1,1,0,0,0,0,0.9,Low
0,0,0,0,0,0,2.99,Medium
0,0,1,0,0,0,2.94,Medium
1,0,0,0,0,0,0.17,Low
1,0,1,1,0,0,1.83,Low
0,0,0,0,0,0,3.18,Medium
1,0,0,1,1,0,4.54,Medium
1,0,1,0,0,0,0.54,Low
0,0,1,1,0,1,10.67,High
1,0,0,0,0,0,-1.09,Low
1,1,0,0,0,0,1.74,Low
1,0,0,0,0,0,0.79,Low
1,0,0,1,0,0,2.92,Medium
0,0,0,0,0,0,0.81,Low
1,0,0,0,0,0,-0.23,Low
0,0,0,0,0,0,2.6,Medium
1,0,0,0,0,0,1.18,Low
1,0,1,1,1,0,6.11,High
1,0,0,0,1,0,2.56,Medium
1,0,0,0,0,0,0.07,Low
1,0,1,1,0,0,2.86,Medium
1,1,0,0,0,0,2.4,Low
1,1,0,0,0,0,3.15,Medium
1,0,0,0,0,0,-0.17,Low
1,0,0,1,0,0,1.78,Low
1,0,0,0,0,0,0.92,Low
1,0,0,0,0,0,0.85,Low
1,0,0,0,0,1,3.6,Medium
1,0,0,0,0,0,-1.06,Low
1,0,1,0,0,0,-0.37,Low
1,0,0,0,0,0,0.1,Low
1,0,0,0,0,0,-0.88,Low
0,1,0,0,0,0,4.72,Medium
0,0,0,1,1,0,4.63,Medium
1,0,0,0,0,0,1.29,Low
1,0,0,0,0,0,-0.27,Low
0,1,0,0,0,0,3.36,Medium
1,0,0,0,0,0,-0.43,Low
0,0,0,0,0,0,1.31,Low
0,0,0,1,0,0,5.21,Medium
0,0,1,0,0,0,3.54,Medium
1,0,0,0,0,0,0.08,Low
1,0,0,0,0,0,-0.96,Low
1,1,0,0,0,0,1.96,Low
1,0,0,0,1,0,1.38,Low
1,0,0,0,0,0,-2.1,Low
1,0,0,0,0,0,-0.55,Low
1,1,0,0,0,1,6.48,High
0,1,1,1,1,0,8.66,High
1,0,1,0,0,0,0.88,Low
0,1,0,0,0,0,4.83,Medium
0,0,1,1,0,0,5.69,High
1,0,0,0,0,0,1.57,Low
1,0,0,0,0,0,-1.75,Low
0,0,0,0,0,0,1.33,Low
1,0,0,0,0,0,0.73,Low
1,0,1,0,0,0,1.35,Low
1,0,0,0,0,0,0.08,Low
1,0,0,0,0,0,-0.48,Low
1,0,0,0,0,0,0.18,Low
1,0,0,0,0,0,0.14,Low
1,0,0,0,0,0,-1.48,Low
1,0,0,0,0,0,0.17,Low
1,0,0,0,0,0,-0.41,Low
1,1,0,0,0,0,2.67,Medium
1,0,0,0,0,0,0.28,Low
0,1,0,0,0,0,5.56,High
1,0,0,0,0,0,-0.0,Low
1,0,0,0,0,0,-0.87,Low
1,0,1,0,0,0,-0.99,Low
1,0,0,0,0,0,-0.75,Low
1,1,0,0,0,0,2.3,Low
0,1,1,0,0,0,5.51,High
1,0,1,0,0,0,0.52,Low
0,0,0,0,1,0,3.66,Medium
1,0,0,1,0,0,2.06,Low
1,0,0,0,0,0,0.3,Low
1,0,1,1,0,0,3.82,Medium
0,1,1,0,0,1,8.53,High
1,0,0,0,0,0,-0.59,Low
1,0,0,0,1,0,3.62,Medium
1,0,0,0,0,0,1.43,Low
1,0,0,0,0,0,-0.42,Low
1,0,0,0,0,0,0.91,Low
1,1,0,0,0,1,7.76,High
1,0,1,0,0,0,2.05,Low
1,0,0,0,0,0,-0.61,Low
1,0,0,0,0,0,0.08,Low
0,0,0,0,0,0,0.6,Low
0,1,0,1,0,0,5.23,Medium
0,1,0,1,1,0,7.99,High
1,1,0,0,0,0,2.18,Low
1,0,0,0,0,0,-0.55,Low
1,0,0,0,0,0,-2.2,Low
1,0,1,0,0,0,1.15,Low
1,0,0,0,0,0,0.58,Low
1,0,1,0,0,0,1.61,Low
1,0,1,0,0,0,0.84,Low
1,0,1,0,0,0,0.89,Low
0,0,0,0,0,0,2.2,Low
1,0,0,0,0,1,4.33,Medium
1,0,1,0,0,0,0.93,Low
1,0,0,0,0,0,-1.86,Low
1,0,0,0,0,0,1.12,Low
1,0,0,0,0,0,-0.37,Low
0,1,0,0,0,0,3.02,Medium
0,0,0,0,0,0,1.69,Low
1,1,1,0,0,0,3.09,Medium
0,1,0,0,0,0,3.51,Medium
0,0,0,0,0,0,1.57,Low
0,1,0,1,0,0,5.74,High
0,1,0,0,0,0,4.29,Medium
1,0,0,0,0,0,-0.64,Low
1,0,0,0,0,1,4.27,Medium
1,1,0,0,0,1,4.9,Medium
1,0,0,0,0,0,1.6,Low
0,0,0,0,1,0,4.86,Medium
1,0,1,0,0,0,0.78,Low
1,0,0,0,0,0,0.27,Low
0,1,0,0,0,0,3.07,Medium
0,0,0,0,0,0,2.45,Low
0,1,0,1,1,0,8.68,High
1,0,0,1,0,0,2.21,Low
1,0,0,1,0,0,2.72,Medium
1,0,0,0,0,0,-0.01,Low
1,0,0,0,1,0,1.92,Low
1,0,1,0,0,0,0.47,Low
1,0,1,0,0,0,1.44,Low
0,1,0,0,0,0,3.33,Medium
1,0,0,0,0,0,0.33,Low
1,0,1,0,0,0,1.24,Low
1,1,1,1,0,0,6.08,High
1,1,0,0,1,0,4.47,Medium
1,0,0,0,0,0,-1.41,Low
0,1,0,0,0,0,3.47,Medium
1,0,0,0,0,0,-0.55,Low
0,0,0,1,0,0,3.41,Medium
1,0,0,0,0,0,0.77,Low
0,1,1,0,0,1,7.24,High
1,0,1,1,0,0,4.14,Medium
1,0,0,0,0,0,0.8,Low
1,0,0,0,0,0,0.15,Low
0,1,0,0,0,0,4.28,Medium
1,0,0,0,0,0,0.06,Low
1,0,1,0,0,0,1.13,Low
0,1,0,0,0,0,4.9,Medium
0,1,0,1,0,0,5.82,High
1,0,0,0,0,0,0.48,Low
1,0,0,0,1,0,1.3,Low
1,1,0,0,0,0,2.43,Low
1,0,0,0,0,0,-0.22,Low
1,0,0,1,1,0,4.34,Medium
0,1,0,0,0,0,3.31,Medium
0,1,0,0,0,0,4.36,Medium
1,0,1,0,0,0,0.96,Low
1,0,1,0,0,0,2.25,Low
1,1,1,0,0,0,3.21,Medium
0,0,1,0,0,0,3.39,Medium
0,1,1,0,0,0,4.65,Medium
1,1,0,0,1,0,4.25,Medium
0,0,0,0,0,0,2.38,Low
1,0,0,0,1,0,1.72,Low
1,0,1,0,0,0,0.65,Low
1,0,0,1,0,0,1.35,Low
1,0,0,1,0,1,5.94,High
1,0,1,0,0,0,0.48,Low
1,1,0,0,0,0,2.23,Low
1,0,1,0,1,1,6.37,High
0,0,0,0,0,0,1.9,Low
1,0,0,0,0,0,-0.76,Low
1,0,0,0,0,0,0.92,Low
1,0,1,0,0,0,1.02,Low
1,1,0,0,1,0,4.01,Medium
1,0,0,0,0,0,0.48,Low
1,1,1,0,0,0,4.42,Medium
1,0,0,0,0,0,0.06,Low
1,0,0,1,1,0,2.81,Medium
1,0,0,0,0,0,0.95,Low
1,0,0,0,0,0,-1.09,Low
1,0,0,0,0,1,3.6,Medium
1,0,0,0,1,0,2.95,Medium
1,0,0,0,0,0,-0.27,Low
0,0,1,0,0,0,2.54,Medium
1,0,0,0,0,0,0.23,Low
1,0,0,0,0,0,0.01,Low
0,0,0,0,0,0,1.45,Low
1,0,1,1,0,0,3.7,Medium
1,0,0,0,0,0,0.98,Low
0,0,0,0,0,0,3.11,Medium
0,0,1,0,0,0,3.44,Medium
0,0,0,0,1,1,7.44,High
1,0,0,0,0,0,-1.0,Low
1,0,0,0,0,0,-1.85,Low
1,1,0,1,1,0,6.83,High
1,0,0,0,0,0,0.16,Low
1,0,0,0,0,1,3.66,Medium
1,0,0,0,0,0,-1.55,Low
0,1,1,0,0,0,4.05,Medium
1,0,0,0,0,0,-1.41,Low
1,1,0,0,0,0,3.15,Medium
1,0,0,0,0,0,0.51,Low
1,0,0,0,0,0,-1.04,Low
1,0,0,0,0,0,1.31,Low
1,0,0,0,1,0,1.42,Low
1,1,0,0,0,1,6.28,High
1,0,1,1,0,0,3.28,Medium
0,0,1,0,0,0,2.92,Medium
0,1,0,0,0,0,3.76,Medium
1,0,1,0,0,0,1.03,Low
1,0,0,0,0,0,-0.22,Low
0,1,0,1,0,0,6.2,High
0,0,0,0,0,0,2.23,Low
1,0,1,0,0,0,0.58,Low
1,0,0,0,0,0,0.88,Low
1,0,0,0,0,0,-0.67,Low
0,0,1,0,0,0,3.31,Medium
0,0,0,0,0,0,1.73,Low
1,0,0,0,0,0,-0.7,Low
0,0,0,1,0,0,3.78,Medium
1,1,0,0,0,0,1.47,Low
0,1,1,0,0,0,5.53,High
1,0,0,0,0,0,-0.08,Low
0,0,0,0,0,0,3.1,Medium
1,0,0,0,0,0,-0.76,Low
1,0,0,0,0,0,-1.76,Low
1,1,0,0,0,0,2.32,Low
0,1,0,0,1,0,7.38,High
0,0,0,0,1,0,4.39,Medium
0,0,0,0,0,0,1.25,Low
0,1,0,0,0,0,3.18,Medium
1,0,0,1,0,0,3.62,Medium
1,1,0,0,0,0,1.7,Low
1,0,0,0,0,0,-0.81,Low
1,0,1,1,1,0,5.95,High
1,0,0,0,0,0,-0.12,Low
1,0,1,0,0,0,-0.62,Low
1,0,1,0,0,0,2.67,Medium
1,1,0,0,0,0,2.47,Low
1,0,0,0,0,0,-1.21,Low
1,1,0,0,0,0,3.12,Medium
0,0,0,0,0,0,1.16,Low
0,1,0,0,0,0,3.11,Medium
0,1,0,0,1,0,5.29,Medium
1,0,0,0,0,0,1.55,Low
1,1,0,1,1,0,7.64,High
0,1,1,0,0,0,4.56,Medium
1,0,0,0,0,0,1.36,Low
1,0,1,0,0,0,-0.83,Low
1,0,0,0,0,0,0.73,Low
1,0,0,1,0,0,3.09,Medium
1,0,0,0,0,0,1.21,Low
1,0,1,0,0,0,1.06,Low
1,0,0,0,0,0,0.45,Low
1,0,0,0,1,0,1.43,Low
1,0,1,0,0,0,1.02,Low
0,1,0,0,0,0,3.87,Medium
1,0,0,0,0,0,-0.18,Low
1,1,1,0,0,0,3.91,Medium
0,1,1,0,0,0,5.17,Medium
1,0,0,0,0,0,1.35,Low
1,0,0,0,0,0,0.2,Low
1,0,1,0,0,0,2.75,Medium
1,1,1,0,0,0,3.98,Medium
1,0,0,0,0,0,-0.07,Low
0,0,1,0,0,0,3.14,Medium
1,0,0,0,0,0,-0.67,Low
1,0,0,0,0,0,0.13,Low
1,0,0,0,0,1,3.21,Medium
1,0,0,0,0,0,1.06,Low
1,0,0,0,0,0,-0.27,Low
1,0,0,0,0,0,0.28,Low
1,0,0,0,0,0,-1.83,Low
1,0,0,1,1,0,3.79,Medium
1,0,0,0,0,0,-0.3,Low
1,0,1,0,0,0,1.74,Low
0,0,1,1,1,0,7.42,High
1,0,0,0,0,0,0.81,Low
1,0,1,0,1,1,7.35,High
1,0,0,0,0,0,0.98,Low
1,0,0,0,0,0,0.34,Low
1,0,1,0,0,0,-0.1,Low
1,0,0,0,0,0,-0.07,Low
0,1,0,1,1,0,7.97,High
0,1,0,0,1,0,3.39,Medium
1,0,0,0,1,0,1.19,Low
1,0,0,0,0,0,1.63,Low
0,1,1,0,0,0,4.78,Medium
0,0,0,0,0,0,1.92,Low
0,1,1,0,0,0,3.26,Medium
1,0,1,0,0,0,-0.08,Low
1,0,0,0,0,0,0.39,Low
1,0,0,0,0,0,-0.37,Low
1,1,0,0,0,0,1.11,Low
1,0,0,0,0,0,1.04,Low
1,0,0,0,1,0,1.44,Low
0,1,1,0,0,0,3.96,Medium
1,0,0,0,0,0,0.03,Low
0,0,0,0,0,0,1.35,Low
1,0,0,0,0,0,-0.65,Low
1,0,0,0,0,0,-0.05,Low
1,1,0,0,0,0,1.49,Low
0,1,1,1,1,0,7.67,High
1,0,1,0,0,0,1.45,Low
1,0,0,0,0,0,0.69,Low
0,0,0,0,0,0,1.8,Low
1,0,0,0,0,0,0.5,Low
1,1,0,0,0,0,1.7,Low
1,1,0,0,0,0,0.47,Low
1,0,0,0,0,0,0.72,Low
1,0,0,0,0,0,-0.08,Low
1,0,0,0,0,0,0.12,Low
1,0,0,0,0,0,-0.09,Low
1,0,0,0,0,0,-0.15,Low
1,1,0,1,1,0,6.11,High
1,0,0,1,0,0,2.13,Low
1,0,0,1,1,0,5.01,Medium
1,0,0,0,0,0,0.35,Low
1,0,1,0,0,0,1.94,Low
1,0,0,0,0,0,1.21,Low
1,0,0,0,0,0,-1.29,Low
0,1,1,0,0,0,6.02,High
1,0,0,0,0,0,0.52,Low
0,0,0,0,0,0,2.39,Low
0,0,0,0,0,0,2.79,Medium
1,0,0,0,0,0,-0.21,Low
1,1,0,0,0,0,2.48,Low
1,0,0,0,0,0,-0.85,Low
0,0,0,0,0,0,0.87,Low
1,0,0,1,1,0,4.43,Medium
1,0,1,0,0,0,0.94,Low
1,0,0,0,0,0,-0.0,Low
0,0,0,0,0,0,1.36,Low
0,1,0,0,0,0,4.31,Medium
1,0,1,0,0,0,0.66,Low
1,0,1,0,0,0,0.96,Low
1,0,0,0,0,0,-0.39,Low
1,0,0,0,0,0,-0.64,Low
0,0,0,0,0,0,1.83,Low
1,0,0,0,0,0,0.95,Low
1,0,0,1,0,0,1.62,Low
1,0,0,0,0,1,3.9,Medium
0,0,1,0,0,0,2.79,Medium
0,1,0,1,0,0,5.49,Medium
1,1,0,0,0,0,2.98,Medium
0,1,0,0,0,0,2.91,Medium
1,0,0,0,1,0,1.93,Low
1,0,0,0,0,0,-0.67,Low
1,0,0,0,0,0,0.45,Low
1,0,1,0,0,0,1.11,Low
1,0,0,0,0,1,4.95,Medium
0,0,1,0,1,0,5.59,High
1,0,0,1,1,0,4.07,Medium
1,0,0,0,0,0,0.6,Low
1,0,0,0,0,0,0.67,Low
1,0,0,0,0,0,-0.73,Low
0,0,0,0,0,0,2.62,Medium
1,0,0,0,0,0,0.24,Low
1,0,0,0,0,0,0.39,Low
0,0,1,0,0,0,2.67,Medium
1,0,0,0,0,0,-0.68,Low
1,0,0,0,0,0,-0.83,Low
1,0,0,0,0,0,-2.73,Low
1,0,0,0,0,0,-0.57,Low
0,0,0,0,0,0,3.95,Medium
0,0,1,0,0,0,3.66,Medium
1,0,0,0,0,0,0.25,Low
0,0,0,0,0,0,2.77,Medium
1,0,0,0,1,0,1.79,Low
1,0,0,0,0,0,-0.31,Low
1,1,1,0,0,0,2.77,Medium
1,0,0,0,0,0,-0.59,Low
1,0,0,0,0,0,-0.52,Low
1,0,0,0,0,1,3.99,Medium
0,1,0,1,0,0,6.05,High
1,0,0,0,0,0,1.06,Low
1,0,0,0,0,0,0.82,Low
1,0,0,0,0,0,-1.19,Low
1,0,1,1,0,0,2.76,Medium
1,0,0,0,0,0,-0.88,Low
1,1,1,0,0,0,0.91,Low
0,1,0,0,0,0,4.07,Medium
1,0,0,0,0,0,0.46,Low
1,1,0,0,0,0,2.06,Low
1,1,0,1,0,0,4.35,Medium
1,0,0,0,0,0,-0.27,Low
1,0,0,0,0,0,-0.82,Low
1,0,0,1,0,0,1.71,Low
1,0,1,0,0,0,2.1,Low
1,1,0,0,0,0,2.3,Low
1,0,0,0,1,0,0.78,Low
1,0,0,1,1,0,4.1,Medium
1,1,0,0,0,0,3.02,Medium
0,1,1,0,0,0,5.61,High
1,0,0,0,0,0,1.03,Low
0,1,1,0,0,0,3.81,Medium
1,0,1,0,1,0,3.1,Medium
0,0,0,0,0,0,1.72,Low
1,0,0,0,0,0,0.48,Low
1,0,0,0,1,0,1.32,Low
1,0,0,0,0,0,-0.69,Low
0,1,0,0,0,0,4.0,Medium
1,1,0,0,0,0,1.26,Low
1,0,0,0,0,0,0.21,Low
1,0,0,0,0,0,-1.63,Low
0,0,0,0,1,0,4.94,Medium
1,0,0,1,1,1,5.77,High
0,0,0,0,0,0,2.72,Medium
1,0,1,0,0,0,0.54,Low
1,0,0,0,0,0,-1.16,Low
1,0,0,0,0,0,0.14,Low
0,1,0,0,0,0,4.71,Medium
1,0,0,0,0,0,0.93,Low
0,0,1,0,1,0,5.9,High
1,0,0,0,1,0,1.31,Low
1,1,1,0,0,0,3.16,Medium
1,0,0,0,0,0,-1.42,Low
1,0,1,0,0,0,1.06,Low
0,1,0,0,0,0,4.27,Medium
0,1,1,0,0,0,4.7,Medium
0,0,1,0,0,0,1.53,Low
1,0,0,0,0,0,-0.48,Low
1,0,1,1,1,0,6.53,High
1,1,0,0,0,0,2.31,Low
0,0,0,1,1,0,5.61,High
1,0,0,0,0,0,-0.13,Low
1,0,1,0,0,0,1.31,Low
1,0,0,0,0,0,-1.24,Low
1,0,0,0,0,1,2.8,Medium
0,0,0,0,0,0,1.41,Low
1,0,1,0,0,0,0.59,Low
1,0,0,0,0,0,1.44,Low
1,0,0,0,0,0,0.06,Low
1,0,0,0,0,0,-0.41,Low
1,0,0,0,0,0,0.05,Low
1,0,0,0,0,0,-1.62,Low
0,0,0,0,0,0,1.28,Low
0,0,0,0,0,0,1.4,Low
1,0,1,0,0,0,0.18,Low
1,1,0,0,0,0,2.99,Medium
0,1,0,1,1,0,8.53,High
1,1,0,0,0,0,1.03,Low
1,0,0,0,0,0,-1.01,Low
1,0,0,0,0,0,-1.01,Low
1,0,0,0,0,0,-0.15,Low
1,0,1,0,0,0,1.16,Low
0,0,0,0,0,0,2.33,Low
1,1,0,0,0,0,1.19,Low
1,0,0,1,1,0,3.86,Medium
1,0,0,0,0,0,-0.04,Low
1,0,0,0,0,0,0.96,Low
1,1,1,0,0,0,3.62,Medium
0,0,0,0,0,0,0.85,Low
0,1,0,0,0,1,6.49,High
1,1,1,1,1,0,6.91,High
0,0,0,0,0,0,1.49,Low
0,0,0,1,1,0,5.23,Medium
0,1,0,0,0,0,3.39,Medium
1,0,0,0,0,0,0.46,Low
1,0,0,1,1,0,2.8,Medium
1,0,0,0,1,0,3.48,Medium
1,1,0,0,0,0,1.43,Low
1,0,1,0,0,0,1.51,Low
1,0,1,0,1,0,2.46,Low
0,1,0,0,1,0,4.79,Medium
0,1,1,0,0,0,4.88,Medium
0,0,0,0,0,0,1.0,Low
1,0,1,0,0,0,1.12,Low
1,0,0,1,1,0,3.98,Medium
1,0,0,0,0,0,-0.56,Low
1,0,0,0,0,0,0.12,Low
1,0,0,1,1,0,4.83,Medium
1,0,0,0,0,0,-0.09,Low
1,0,0,0,1,0,1.42,Low
0,0,0,0,0,0,2.32,Low
1,0,0,0,0,1,4.35,Medium
1,0,0,0,0,0,-0.23,Low
1,0,1,0,0,0,2.1,Low
1,1,0,0,0,0,1.76,Low
1,0,0,0,0,0,1.19,Low
1,0,0,0,1,0,1.48,Low
1,0,1,0,0,0,1.68,Low
1,0,0,0,0,0,-0.18,Low
1,0,1,0,0,0,1.21,Low
1,0,0,0,0,0,-1.62,Low
1,0,0,0,0,0,1.73,Low
0,0,0,0,0,0,2.25,Low
1,0,0,0,0,0,0.81,Low
1,0,0,0,0,0,-1.1,Low
1,1,0,0,0,0,2.14,Low
0,1,0,0,0,0,3.86,Medium
0,1,0,0,0,0,3.15,Medium
1,0,0,0,0,0,1.03,Low
1,0,0,0,0,0,0.12,Low
0,0,0,0,0,0,1.96,Low
1,1,0,1,1,0,6.5,High
1,0,0,0,1,1,5.32,Medium
1,0,1,0,0,0,1.13,Low
0,1,0,0,0,0,4.07,Medium
0,0,0,0,0,0,2.11,Low
1,0,1,0,0,0,1.82,Low
1,0,0,1,0,0,1.66,Low
1,0,0,0,0,0,-0.42,Low
1,0,0,0,0,0,-0.49,Low
0,0,0,0,0,0,1.48,Low
1,0,0,0,0,0,0.88,Low
1,0,0,0,1,0,1.94,Low
1,0,0,0,0,0,0.82,Low
1,0,0,0,0,0,0.22,Low
1,1,0,0,0,0,1.3,Low
1,1,1,0,0,0,1.79,Low
1,1,0,0,0,0,0.84,Low
1,0,0,0,0,0,-0.71,Low
1,1,0,0,0,0,2.82,Medium
1,0,0,0,0,1,5.04,Medium
1,1,0,0,0,0,2.07,Low
0,0,0,0,0,0,2.74,Medium
0,1,0,0,0,0,3.56,Medium
0,1,0,0,0,0,3.5,Medium
1,0,0,0,0,0,0.62,Low
0,1,0,0,0,0,4.13,Medium
1,0,0,0,0,0,0.59,Low
1,0,0,0,0,0,0.04,Low
1,0,0,0,0,0,-0.3,Low
1,0,0,0,0,1,3.83,Medium
1,0,0,0,0,0,0.25,Low
1,0,0,0,0,1,4.19,Medium
1,0,0,0,0,0,-0.75,Low
1,0,0,0,0,0,-0.1,Low
1,0,0,0,0,1,2.78,Medium
1,0,1,0,1,0,2.72,Medium
1,0,0,0,0,0,-0.74,Low
0,0,0,0,0,0,-0.44,Low
0,0,0,0,1,0,5.77,High
1,0,1,0,0,0,0.38,Low
1,0,0,0,0,0,-0.75,Low
1,0,0,0,0,0,1.3,Low
0,1,1,0,0,0,4.06,Medium
1,0,0,0,0,0,-1.16,Low
1,0,0,0,0,0,-0.16,Low
1,0,1,0,1,0,2.6,Medium
1,0,0,0,0,0,-0.51,Low
1,0,0,0,0,0,-0.73,Low
0,0,0,0,0,0,1.85,Low
1,0,1,0,0,0,2.31,Low
1,0,0,0,0,0,-1.29,Low
0,1,0,0,0,0,4.67,Medium
0,0,0,0,0,0,3.23,Medium
1,1,0,0,0,0,1.5,Low
1,0,0,0,0,0,0.3,Low
1,0,0,0,0,0,-0.1,Low
0,1,0,0,1,1,8.62,High
1,0,0,0,0,0,0.98,Low
0,0,1,0,0,0,3.03,Medium
1,0,0,0,0,0,-0.42,Low
1,0,1,0,1,0,1.78,Low
1,0,0,0,0,0,0.42,Low
1,0,1,0,0,0,1.12,Low
1,0,1,0,0,0,1.48,Low
1,0,0,0,0,0,0.44,Low
1,0,0,0,0,0,-0.65,Low
0,1,0,0,0,0,1.26,Low
1,0,1,0,0,0,0.91,Low
1,0,1,0,1,0,2.86,Medium
1,0,0,1,1,0,4.13,Medium
1,0,0,0,0,0,1.21,Low
1,0,0,1,0,0,1.96,Low
1,1,0,0,0,0,2.55,Medium
0,0,1,1,0,0,5.3,Medium
1,0,0,0,0,0,-1.11,Low
1,1,1,0,1,0,3.97,Medium
1,0,1,0,0,1,5.92,High
1,1,1,0,0,0,2.3,Low
1,0,0,0,0,0,0.3,Low
0,0,0,0,0,0,1.18,Low
0,0,0,0,0,0,2.6,Medium
1,0,0,0,0,0,0.2,Low
1,0,0,0,0,0,-0.24,Low
1,1,0,0,0,0,2.53,Medium
1,0,0,0,0,0,0.21,Low
1,0,0,0,0,0,-0.58,Low
1,0,0,0,0,0,0.01,Low
1,0,0,0,0,1,4.54,Medium
1,0,0,0,0,0,0.89,Low
1,0,0,0,0,0,-0.1,Low
1,0,0,0,0,0,1.43,Low
1,0,1,0,0,0,0.4,Low
1,0,0,0,1,0,0.75,Low
0,1,0,0,0,0,2.87,Medium
1,0,0,0,0,0,-0.01,Low
1,0,0,0,0,0,0.01,Low
1,0,0,1,0,0,2.1,Low
0,1,0,0,0,0,3.47,Medium
1,0,0,0,0,0,1.78,Low
1,1,0,0,0,0,3.21,Medium
1,0,0,0,0,0,-0.92,Low
1,0,0,0,0,0,-0.08,Low
0,0,0,0,0,0,2.04,Low
1,0,1,0,0,0,1.55,Low
0,1,0,0,0,0,2.78,Medium
0,1,1,0,1,0,5.63,High
0,0,0,0,0,0,1.02,Low
1,0,0,0,1,0,3.2,Medium
1,0,0,0,0,0,-0.52,Low
1,0,0,0,0,0,0.65,Low
0,1,1,0,0,0,5.47,Medium
1,0,0,0,0,0,-0.14,Low
1,0,0,0,0,0,0.66,Low
1,1,0,0,1,0,3.02,Medium
1,0,0,0,1,0,1.62,Low
0,1,0,0,0,0,2.23,Low
1,0,0,0,0,0,0.08,Low
0,0,0,0,0,0,1.37,Low
1,1,0,0,0,0,3.75,Medium
0,0,1,0,0,0,3.05,Medium
1,0,0,0,0,0,0.66,Low
1,0,1,0,0,0,1.52,Low
0,0,0,1,0,0,3.94,Medium
1,0,0,0,0,0,0.79,Low
0,1,0,0,0,0,4.03,Medium
1,0,0,0,0,0,0.38,Low
1,1,0,0,0,0,3.89,Medium
1,0,0,0,0,0,0.15,Low
1,1,0,0,0,0,1.58,Low
1,0,0,0,0,0,-0.57,Low
1,0,1,1,1,0,4.93,Medium
1,0,1,0,0,0,1.09,Low
1,0,0,0,0,0,0.05,Low
0,1,0,1,1,0,6.73,High
0,0,0,0,0,0,0.19,Low
1,0,0,0,0,0,-0.77,Low
1,0,0,0,0,0,0.05,Low
1,0,0,0,0,0,0.05,Low
1,1,0,0,0,0,2.36,Low
0,1,0,0,0,1,8.29,High
0,0,0,0,0,0,1.6,Low
1,0,0,0,0,0,-0.82,Low
0,1,0,0,0,1,8.42,High
1,0,1,0,1,0,3.18,Medium
0,1,0,0,0,0,3.13,Medium
1,0,0,0,0,0,0.5,Low
1,0,0,1,0,0,2.77,Medium
1,0,0,0,0,0,0.63,Low
1,0,0,1,0,0,2.77,Medium
1,0,1,0,0,0,0.4,Low
0,0,0,0,0,0,2.68,Medium
1,1,0,0,0,0,1.87,Low
1,0,0,1,1,0,5.64,High
1,1,0,0,0,0,2.72,Medium
1,0,0,0,0,0,0.34,Low
1,0,0,0,0,0,1.37,Low
1,0,0,0,0,0,-0.41,Low
1,0,0,1,1,0,4.44,Medium
1,0,0,0,0,1,5.79,High
1,1,0,1,0,0,4.65,Medium
0,0,0,0,0,0,2.12,Low
0,1,1,0,0,0,4.78,Medium
1,0,0,0,0,0,-0.77,Low
1,0,0,0,0,0,-0.23,Low
1,0,0,0,0,0,-0.66,Low
1,1,0,0,0,0,1.82,Low
1,0,0,0,0,0,-0.09,Low
1,0,0,0,0,0,0.79,Low
1,0,0,0,1,0,1.67,Low
1,1,1,0,0,0,2.52,Medium
1,1,1,0,1,0,5.71,High
0,0,0,0,0,0,2.56,Medium
0,1,0,0,0,0,3.81,Medium
1,0,0,1,0,0,2.48,Low
1,1,0,0,0,0,1.79,Low
0,1,0,0,1,0,5.83,High
0,0,0,0,0,0,3.24,Medium
1,0,0,0,0,0,-0.11,Low
1,0,0,0,1,0,1.68,Low
1,0,0,0,1,0,2.01,Low
1,0,0,0,0,0,-1.57,Low
1,0,0,0,0,0,-0.13,Low
1,1,0,0,0,0,2.2,Low
1,0,0,0,0,0,1.59,Low
1,0,1,1,1,0,5.07,Medium
0,0,0,1,1,0,6.35,High
1,1,0,0,0,0,2.28,Low
1,1,0,0,0,0,3.81,Medium
1,0,0,0,0,1,4.8,Medium
1,0,0,0,0,0,-1.16,Low
0,0,1,0,0,0,3.98,Medium
1,0,0,0,0,1,3.24,Medium
1,0,0,0,0,0,-0.52,Low
1,1,0,0,0,0,0.96,Low
1,0,0,0,0,0,1.46,Low
0,0,1,1,0,0,5.95,High
1,0,0,0,0,0,0.98,Low
1,0,1,0,0,0,1.83,Low
1,0,0,0,0,0,0.55,Low
1,0,1,0,0,0,0.74,Low
0,0,0,1,1,1,10.16,High
0,0,0,0,0,0,1.59,Low
1,0,0,0,0,0,-0.68,Low
1,0,0,0,0,0,-0.51,Low
0,1,0,0,0,0,5.88,High
0,1,0,0,0,1,7.69,High
1,0,0,0,0,0,0.8,Low
1,0,0,1,0,0,3.66,Medium
1,0,0,0,0,0,0.62,Low
0,1,0,0,0,0,3.37,Medium
1,0,0,0,0,0,-0.59,Low
1,0,0,0,0,0,0.1,Low
0,0,0,0,0,0,3.81,Medium
1,0,1,1,0,0,4.14,Medium
1,1,0,0,1,0,4.43,Medium
1,0,1,0,0,0,0.84,Low
1,1,0,0,0,0,2.3,Low
1,0,0,0,0,0,0.15,Low
1,0,0,0,0,0,0.15,Low
1,0,0,0,0,0,-0.7,Low
1,0,0,0,0,0,-0.72,Low
0,0,0,0,0,0,2.26,Low
0,0,0,0,0,0,1.07,Low
1,0,1,0,0,0,0.5,Low
1,0,1,0,0,0,1.02,Low
1,1,0,0,0,0,2.26,Low
1,0,0,0,0,0,0.89,Low
1,0,0,0,0,0,-1.0,Low
1,0,0,0,0,0,-1.0,Low
1,1,0,0,0,0,3.05,Medium
1,0,0,0,0,0,1.34,Low
1,1,1,0,0,0,2.16,Low
1,0,0,1,0,0,1.32,Low
1,0,0,0,0,0,0.44,Low
1,0,1,0,0,0,1.04,Low
1,0,0,0,0,0,0.05,Low
0,1,0,0,0,0,3.38,Medium
0,0,0,0,0,0,2.58,Medium
1,1,0,0,0,0,1.81,Low
1,0,0,0,0,1,3.78,Medium
1,0,0,0,0,0,-0.9,Low
1,0,0,0,1,0,2.63,Medium
1,0,1,0,0,0,0.71,Low
0,1,0,0,1,0,5.96,High
1,0,0,0,0,0,0.95,Low
0,1,0,0,1,0,5.16,Medium
1,0,1,0,0,0,0.93,Low
1,0,0,0,0,0,-1.25,Low
1,0,0,0,0,0,-0.42,Low
1,0,1,0,1,0,4.03,Medium
1,0,1,0,0,0,-0.23,Low
1,0,0,0,0,0,0.19,Low
1,1,0,0,0,0,3.28,Medium
0,0,0,0,0,0,2.44,Low
1,0,0,0,0,0,-0.47,Low
0,1,0,0,0,0,3.11,Medium
0,0,0,0,0,0,0.46,Low
0,0,0,0,0,0,3.25,Medium
1,0,0,0,0,0,-0.34,Low
1,0,1,0,0,0,-0.44,Low
0,0,0,0,0,0,1.18,Low
1,0,0,0,0,0,-0.86,Low
1,0,1,0,0,1,4.6,Medium
1,0,0,0,0,0,1.91,Low
1,0,0,1,0,0,2.74,Medium
1,0,0,1,1,0,4.39,Medium
1,0,0,0,0,0,0.96,Low
1,0,0,0,0,0,1.47,Low
0,1,0,0,0,0,4.42,Medium
1,0,0,0,0,1,5.15,Medium
0,0,0,0,0,0,1.49,Low
1,0,0,1,0,0,1.31,Low
0,1,0,0,0,0,3.17,Medium
1,0,0,1,0,0,2.24,Low
0,0,0,0,0,1,3.9,Medium
1,0,1,1,1,0,6.06,High
0,1,0,0,0,0,3.61,Medium
1,0,0,0,0,0,0.66,Low
0,1,0,0,0,0,2.89,Medium
0,1,0,0,0,0,4.89,Medium
1,0,0,0,0,0,1.11,Low
1,1,0,0,0,0,2.08,Low
0,0,0,0,0,0,2.42,Low
1,0,0,0,0,0,-0.82,Low
0,1,0,0,0,0,4.04,Medium
1,1,0,1,0,0,4.78,Medium
1,1,0,0,0,0,1.76,Low
0,0,0,0,0,0,3.22,Medium
1,0,1,0,1,0,1.57,Low
0,0,0,0,0,0,1.74,Low
1,0,1,1,1,0,3.46,Medium
1,0,0,0,0,0,0.25,Low
1,0,0,0,0,0,-0.17,Low
1,1,0,0,0,1,5.86,High
1,0,0,1,0,0,2.59,Medium
1,0,0,0,0,0,-0.23,Low
1,0,0,0,0,0,2.25,Low
1,0,0,0,0,0,0.65,Low
0,0,0,0,0,0,2.02,Low
1,0,0,0,0,0,-0.54,Low
1,0,1,1,0,0,2.27,Low
1,0,0,0,0,1,4.35,Medium
1,1,0,0,0,0,1.58,Low
1,0,0,1,0,0,2.79,Medium
1,0,1,0,0,0,0.93,Low
1,0,0,0,0,0,-0.06,Low
1,0,0,0,1,0,2.09,Low
1,0,0,0,1,0,1.88,Low
0,0,0,0,0,0,2.22,Low
1,0,0,0,0,1,5.66,High
1,1,0,0,0,0,2.43,Low
1,0,0,0,0,0,0.34,Low
1,0,0,1,1,0,4.63,Medium
0,1,0,0,0,0,3.91,Medium
1,0,0,0,0,1,3.23,Medium
1,0,0,0,1,0,-0.42,Low
1,0,0,1,0,0,0.36,Low
1,1,1,0,0,0,3.6,Medium
1,0,0,0,0,0,0.3,Low
1,1,0,0,1,0,3.88,Medium
1,0,0,0,0,0,1.89,Low
1,0,0,0,1,0,1.97,Low
1,0,0,0,1,0,0.11,Low
1,0,0,0,0,0,0.6,Low
1,0,0,0,0,0,0.93,Low
1,0,0,1,0,0,2.58,Medium
0,0,1,1,1,0,7.94,High
1,0,0,0,0,0,-1.41,Low
0,1,0,0,1,0,6.08,High
1,0,0,0,0,0,-0.66,Low
1,0,0,0,0,0,0.42,Low
1,0,0,0,0,0,1.22,Low
1,0,0,0,0,0,-0.29,Low
1,0,1,0,0,1,5.52,High
1,0,0,0,0,0,-0.7,Low
1,0,0,0,0,0,-0.01,Low
0,0,0,1,0,0,3.59,Medium
1,0,0,0,0,0,1.44,Low
1,1,1,0,0,0,2.14,Low
1,0,0,1,0,0,2.07,Low
1,0,0,0,0,0,1.1,Low
1,0,0,0,1,0,0.44,Low
1,0,0,0,0,0,0.35,Low
0,0,0,0,0,1,6.09,High
0,1,0,0,0,0,3.46,Medium
1,0,0,0,1,0,2.97,Medium
1,0,0,1,1,0,5.37,Medium
0,0,0,0,0,0,2.53,Medium
1,0,0,0,0,0,-0.24,Low
1,0,1,0,0,0,-0.16,Low
1,0,0,0,0,0,0.14,Low
1,0,1,0,0,0,0.88,Low
1,0,0,0,0,0,-0.07,Low
1,0,0,1,1,0,3.6,Medium
1,0,0,0,0,0,-0.47,Low
1,0,0,0,0,0,0.02,Low
1,0,0,0,0,0,-0.99,Low
1,0,0,0,0,0,0.83,Low
1,0,0,0,0,0,-0.61,Low
1,0,0,0,0,0,0.09,Low
1,0,0,0,1,0,1.74,Low
1,0,1,0,0,0,1.52,Low
1,0,0,0,0,0,0.48,Low
0,0,0,0,0,1,6.41,High
0,0,0,0,0,0,1.06,Low
1,0,0,0,0,0,-0.15,Low
1,0,0,1,0,0,3.28,Medium
1,0,0,0,0,0,-0.27,Low
1,0,0,1,1,0,4.84,Medium
0,0,0,0,0,0,1.99,Low
1,0,0,0,0,0,-0.25,Low
1,1,0,0,0,0,2.15,Low
1,0,0,0,0,0,-0.67,Low
1,0,0,0,0,0,0.72,Low
1,0,0,0,0,0,-0.68,Low
1,0,0,0,1,0,2.44,Low
1,1,0,0,0,0,2.86,Medium
0,0,0,0,0,0,2.34,Low
0,1,1,0,0,0,4.54,Medium
1,0,0,0,0,0,0.15,Low
1,0,1,1,0,0,2.41,Low
1,0,1,0,0,0,0.83,Low
1,0,0,0,0,0,-0.42,Low
1,0,0,0,0,0,-0.61,Low
1,0,0,0,0,0,0.5,Low
1,0,0,0,0,0,0.79,Low
1,0,1,0,0,0,1.84,Low
1,1,0,0,0,0,2.19,Low
1,0,1,0,0,0,2.18,Low
1,0,0,0,0,0,-0.54,Low
1,0,0,0,0,0,1.03,Low
0,1,0,0,0,0,4.73,Medium
1,0,0,0,0,0,0.03,Low
1,0,0,0,0,0,0.18,Low
0,1,0,0,0,0,4.83,Medium
0,1,1,0,0,0,5.53,High
1,0,0,0,0,0,0.21,Low
0,0,1,0,0,0,2.64,Medium
1,0,1,0,0,0,0.26,Low
1,0,0,0,0,0,0.09,Low
1,0,0,0,0,0,-0.92,Low
1,0,0,0,0,0,0.59,Low
1,1,0,0,0,0,0.58,Low
1,0,0,0,0,0,0.25,Low
1,0,0,0,0,0,-0.22,Low
1,0,1,1,1,0,4.65,Medium
1,0,0,0,0,0,-0.22,Low
1,1,0,1,0,0,1.69,Low
1,0,1,0,0,0,0.65,Low
1,0,0,0,0,0,-0.69,Low
0,0,0,0,0,0,1.32,Low
0,0,0,0,0,0,4.5,Medium
1,0,0,0,0,0,-1.11,Low
1,0,0,0,1,0,2.32,Low
1,0,1,0,0,0,0.36,Low
1,0,0,1,1,0,3.27,Medium
1,0,0,0,0,0,-1.08,Low
1,0,0,1,1,0,4.9,Medium
1,0,0,0,0,0,0.96,Low
1,0,1,0,0,0,0.5,Low
0,0,0,0,0,0,2.73,Medium
1,1,0,0,0,0,1.17,Low
1,0,1,0,0,0,0.68,Low
0,0,0,0,0,0,2.54,Medium
1,0,0,1,0,0,1.2,Low
1,0,0,0,0,0,-0.59,Low
1,0,0,0,0,0,0.02,Low
1,1,0,0,0,0,2.03,Low
1,1,0,0,0,0,1.14,Low
1,0,0,0,1,0,3.79,Medium
1,0,0,0,1,0,1.32,Low
1,1,1,0,0,0,3.76,Medium
1,0,0,1,1,0,4.48,Medium
1,1,0,1,0,0,3.36,Medium
1,0,1,0,0,0,1.37,Low
0,0,0,0,0,0,1.33,Low
1,0,0,0,0,0,0.06,Low
1,0,0,0,0,0,0.66,Low
1,0,1,0,0,0,0.55,Low
1,0,1,0,0,0,1.33,Low
1,0,0,0,0,0,-0.46,Low
1,1,1,0,0,0,3.14,Medium
0,1,0,0,0,0,4.08,Medium
0,1,1,0,0,0,4.71,Medium
1,0,0,0,0,0,-1.47,Low
1,0,0,0,1,0,2.62,Medium
1,0,0,0,0,0,1.59,Low
1,0,0,0,1,0,2.11,Low
1,0,0,0,0,0,-0.49,Low
1,0,0,0,1,0,2.17,Low
1,0,0,0,0,0,0.92,Low
1,0,0,0,0,0,1.02,Low
1,0,0,0,0,0,0.73,Low
0,1,0,0,0,0,4.36,Medium
1,1,0,0,0,0,2.54,Medium
1,1,1,0,0,0,3.09,Medium
1,1,0,0,1,0,3.24,Medium
0,0,0,0,0,0,1.7,Low
1,0,1,0,0,0,0.74,Low
1,0,0,0,0,0,0.23,Low
1,0,0,0,0,0,-1.41,Low
1,1,0,0,0,0,2.41,Low
0,1,0,0,0,0,2.39,Low
1,0,0,0,0,0,0.33,Low
1,0,0,1,1,0,4.94,Medium
0,0,0,0,0,0,2.72,Medium
1,0,0,0,0,0,-0.72,Low
1,0,0,0,0,0,0.5,Low
1,0,0,0,0,0,0.56,Low
0,1,0,1,0,0,7.36,High
1,0,0,0,0,1,4.29,Medium
1,1,1,0,0,0,3.82,Medium
1,0,0,0,0,0,-0.35,Low
1,0,1,0,0,0,0.32,Low
1,0,1,0,1,0,3.69,Medium
1,1,0,0,0,0,2.7,Medium
0,0,0,0,0,0,1.49,Low
1,1,0,0,0,0,1.03,Low
1,0,1,0,0,0,1.1,Low
1,0,0,0,0,0,0.04,Low
1,0,0,0,0,0,0.19,Low
0,1,0,0,0,0,4.71,Medium
1,0,0,0,0,0,0.82,Low
1,0,0,0,0,0,0.01,Low
1,0,1,0,0,0,0.2,Low
1,0,0,0,0,0,-0.58,Low
1,1,1,0,0,0,2.52,Medium
1,0,0,0,0,0,-0.1,Low
0,1,0,0,0,0,3.59,Medium
0,0,0,0,0,0,1.8,Low
1,0,0,0,0,0,0.06,Low
0,0,0,0,1,0,3.49,Medium
1,0,0,1,0,0,2.26,Low
1,0,0,0,0,0,1.46,Low
1,0,0,0,0,0,-0.13,Low
1,0,0,0,0,0,-0.55,Low
1,0,0,0,0,0,0.25,Low
1,0,0,0,0,0,-0.64,Low
1,0,0,0,0,0,-0.12,Low
1,0,0,0,0,0,-0.54,Low
1,1,0,0,0,0,1.14,Low
1,0,0,0,0,0,-0.7,Low
1,0,0,0,0,0,-0.53,Low
1,0,0,0,0,0,-0.83,Low
1,0,0,0,0,0,1.02,Low
1,0,0,0,0,0,0.35,Low
0,0,0,0,0,0,2.75,Medium
1,1,0,0,0,0,0.91,Low
1,0,0,0,0,0,-0.24,Low
0,0,0,0,0,0,2.34,Low
1,0,0,0,0,0,1.32,Low
1,0,0,0,0,0,-0.6,Low
1,0,0,0,1,0,0.97,Low
0,0,0,0,0,0,2.15,Low
1,0,0,0,0,0,-0.54,Low
1,0,0,0,0,0,1.36,Low
1,0,0,0,0,0,0.43,Low
1,0,0,0,0,0,-0.23,Low
1,0,0,0,0,0,-0.23,Low
1,0,1,0,0,0,0.9,Low
1,0,1,0,0,0,-0.46,Low
0,1,0,0,0,0,4.03,Medium
0,1,1,0,0,0,4.61,Medium
1,0,0,0,0,0,0.51,Low
0,1,0,0,0,0,3.28,Medium
1,0,0,0,0,0,0.55,Low
1,0,0,0,0,0,0.43,Low
1,0,0,0,0,0,0.13,Low
0,0,0,0,0,1,7.0,High
0,0,0,0,0,0,0.49,Low
1,0,0,0,0,0,0.36,Low
0,0,0,0,0,0,1.96,Low
1,0,0,0,0,0,-0.06,Low
0,0,0,0,0,0,1.21,Low
0,0,0,0,0,0,0.86,Low
1,0,0,0,0,0,0.71,Low
1,0,0,0,0,0,0.63,Low
1,0,0,0,0,0,1.44,Low
1,1,0,0,0,0,3.57,Medium
1,0,0,0,1,0,0.76,Low
1,0,0,0,0,0,-0.12,Low
0,1,0,0,0,0,4.2,Medium
1,0,0,0,0,0,0.77,Low
1,0,0,0,0,0,1.14,Low
0,1,0,0,0,0,3.18,Medium
0,1,1,0,1,0,6.57,High
1,0,0,0,0,0,1.1,Low
0,0,0,0,0,0,0.66,Low
1,0,0,1,0,0,1.14,Low
0,0,0,0,0,0,2.35,Low
1,0,0,1,0,0,3.64,Medium
1,0,0,0,0,0,-1.34,Low
1,0,0,0,0,0,0.05,Low
1,0,0,0,0,0,0.44,Low
1,0,0,0,0,0,1.18,Low
1,1,0,0,0,0,2.36,Low
1,0,0,0,0,0,-1.47,Low
0,1,0,0,0,0,2.97,Medium
1,0,0,0,0,0,1.1,Low
1,0,0,1,1,0,4.35,Medium
1,0,0,0,0,0,-0.9,Low
1,0,0,0,0,0,0.39,Low
0,0,0,0,0,0,2.25,Low
0,1,0,0,0,0,2.0,Low
1,1,0,0,0,0,0.32,Low
1,0,0,0,0,0,0.25,Low
0,0,1,0,0,0,4.63,Medium
1,0,0,0,0,0,0.21,Low
0,1,0,0,0,0,2.04,Low
1,0,0,0,0,0,-1.29,Low
0,0,0,0,0,0,2.5,Medium
1,0,0,0,0,0,0.59,Low
1,0,0,0,0,0,-0.16,Low
0,0,0,0,0,0,1.61,Low
1,0,0,0,0,0,0.64,Low
1,0,1,0,0,0,1.88,Low
1,1,0,0,1,0,4.56,Medium
1,0,0,1,1,0,3.24,Medium
1,1,0,0,0,0,2.72,Medium
1,0,0,0,1,0,1.72,Low
1,1,1,0,0,0,2.52,Medium
1,0,0,0,0,0,-0.51,Low
0,1,1,0,0,0,5.02,Medium
1,1,0,0,0,0,2.46,Low
1,0,0,0,1,0,0.38,Low
1,0,0,0,0,0,-0.58,Low
1,1,0,0,0,0,1.63,Low
1,0,0,0,0,0,0.83,Low
1,1,0,0,0,0,1.31,Low
1,0,0,0,0,0,-0.26,Low
1,1,1,0,0,0,3.65,Medium
1,0,0,0,0,0,0.03,Low
1,0,0,0,0,0,1.23,Low
1,0,0,0,0,0,-0.12,Low
1,1,1,0,0,0,4.51,Medium
1,0,0,0,0,0,1.65,Low
1,0,0,0,0,0,0.37,Low
0,0,0,0,0,0,2.33,Low
1,0,0,0,0,0,0.45,Low
1,0,0,0,0,0,0.65,Low
1,1,0,0,0,0,2.1,Low
1,0,1,0,0,0,1.93,Low
1,0,0,1,0,0,2.4,Low
1,0,0,0,0,0,1.11,Low
0,0,0,0,0,0,0.84,Low
1,0,0,0,0,0,0.17,Low
0,1,0,0,0,1,8.81,High
1,0,1,0,0,0,0.09,Low
1,0,1,0,0,0,1.34,Low
1,0,1,0,0,0,1.49,Low
1,0,1,0,0,0,2.38,Low
1,0,0,0,0,0,-0.27,Low
1,0,0,0,0,0,0.17,Low
1,0,0,0,0,0,-0.44,Low
0,1,0,0,0,0,3.89,Medium
0,0,0,0,0,0,3.3,Medium
1,1,0,1,1,0,5.98,High
1,0,0,0,0,0,-0.57,Low
1,0,0,0,0,0,-0.15,Low
1,0,1,0,1,0,2.58,Medium
1,0,1,0,0,0,0.65,Low
1,0,0,0,0,1,3.57,Medium
1,0,0,0,0,0,-0.4,Low
1,0,1,0,0,0,0.05,Low
0,1,1,0,0,0,5.06,Medium
1,0,1,0,0,0,0.22,Low
0,0,1,0,0,0,3.91,Medium
1,0,1,0,0,0,0.75,Low
1,0,0,0,0,0,0.33,Low
1,0,0,0,1,0,2.33,Low
1,0,0,0,0,0,-1.47,Low
1,0,0,0,0,0,-0.21,Low
1,0,1,0,1,0,4.37,Medium
1,0,0,0,0,0,-0.62,Low
1,0,0,0,0,0,1.82,Low
1,0,0,0,0,0,0.44,Low
1,0,0,0,0,0,0.41,Low
1,0,0,0,0,0,0.19,Low
1,1,1,0,0,0,3.84,Medium
1,0,0,0,1,1,6.88,High
1,1,1,0,0,0,2.99,Medium
0,1,1,1,0,0,6.66,High
1,0,0,0,0,0,-1.14,Low
1,0,0,0,0,0,0.65,Low
1,0,0,0,0,0,0.05,Low
1,0,0,0,0,0,-0.68,Low
1,0,0,0,0,0,-0.46,Low
1,0,1,0,0,0,0.95,Low
1,0,0,0,0,0,-0.79,Low
0,0,0,0,0,0,2.04,Low
1,1,0,0,0,0,0.7,Low
1,1,0,1,0,0,3.57,Medium
1,0,0,1,0,0,1.07,Low
0,1,0,0,0,0,4.16,Medium
1,1,0,0,0,0,1.22,Low
1,0,0,0,0,0,-0.45,Low
1,0,0,0,0,0,1.81,Low
0,0,0,0,0,0,2.69,Medium
0,1,0,0,0,0,4.48,Medium
1,0,0,0,0,0,1.04,Low
0,0,0,0,0,0,2.41,Low
0,0,0,0,0,0,0.88,Low
1,0,0,0,0,0,-1.05,Low
1,0,0,0,0,0,-2.17,Low
1,0,0,0,0,0,0.16,Low
0,0,1,1,0,0,4.15,Medium
1,1,0,1,1,0,5.54,High
0,0,0,0,0,0,1.74,Low
1,0,0,0,1,0,1.51,Low
1,1,0,0,0,0,1.97,Low
1,1,0,0,0,0,1.77,Low
1,0,0,0,0,0,-0.31,Low
0,0,0,0,0,0,0.76,Low
0,1,0,0,0,1,8.19,High
0,0,0,0,0,0,3.74,Medium
1,0,0,0,0,0,0.22,Low
1,0,0,0,0,0,1.82,Low
1,0,0,0,0,0,-0.45,Low
1,0,0,0,0,0,-0.2,Low
1,0,0,0,0,0,-0.02,Low
1,1,0,0,0,0,1.86,Low
1,0,0,0,0,0,0.93,Low
0,0,0,0,0,0,0.25,Low
1,0,0,0,0,0,-0.36,Low
1,1,0,0,0,0,3.33,Medium
1,0,0,1,1,0,3.6,Medium
1,0,0,0,0,0,0.74,Low
1,1,0,0,0,0,2.48,Low
0,1,0,0,0,1,7.94,High
0,0,0,0,0,0,2.25,Low
0,1,0,0,0,0,3.93,Medium
0,1,1,0,0,0,3.3,Medium
1,0,1,0,0,0,1.37,Low
1,1,0,0,0,0,1.51,Low
1,0,1,0,0,0,-0.1,Low
1,0,0,0,1,0,2.31,Low
1,1,0,0,0,0,2.26,Low
1,1,1,0,0,0,3.79,Medium
1,0,0,0,0,0,-0.21,Low
1,0,0,0,0,0,0.69,Low
1,0,1,0,0,0,1.02,Low
1,0,0,0,0,0,0.28,Low
1,0,0,0,0,0,0.34,Low
1,0,0,0,0,0,-1.06,Low
1,0,1,0,0,0,1.3,Low
1,0,1,0,0,0,1.08,Low
1,0,0,0,0,0,-0.22,Low
1,0,1,0,0,0,1.09,Low
0,1,0,0,1,0,8.04,High
1,0,1,0,0,0,-0.54,Low
1,1,0,0,0,0,1.89,Low
1,0,0,0,0,0,0.65,Low
1,0,0,0,0,0,-1.0,Low
0,0,0,0,0,0,2.3,Low
1,0,0,1,0,0,2.24,Low
1,0,0,1,0,0,0.73,Low
1,0,0,0,0,0,-0.47,Low
1,0,1,0,0,0,2.43,Low
1,0,0,0,0,0,-1.27,Low
1,0,0,0,0,0,-0.35,Low
1,0,0,0,1,0,1.87,Low
1,1,1,0,0,0,3.0,Medium
1,0,0,0,1,0,1.67,Low
1,0,1,0,1,0,3.07,Medium
1,0,1,1,1,0,4.97,Medium
1,0,0,0,0,0,0.57,Low
1,1,0,0,0,0,2.68,Medium
1,0,1,1,1,0,5.35,Medium
1,1,1,0,0,0,3.19,Medium
0,0,0,0,0,0,0.75,Low
1,1,0,0,0,0,2.09,Low
1,0,0,0,0,0,0.89,Low
1,0,0,0,0,0,-1.29,Low
1,0,0,0,0,0,-1.05,Low
1,0,0,0,0,0,1.19,Low
1,0,0,1,0,0,0.8,Low
1,0,0,0,0,0,-0.08,Low
0,0,1,0,0,0,2.56,Medium
1,1,1,0,0,0,4.15,Medium
1,0,1,0,0,0,1.24,Low
0,1,1,0,0,0,5.63,High
1,1,0,0,0,0,2.04,Low
0,1,1,0,0,0,6.6,High
1,0,1,0,1,0,2.4,Low
0,0,1,1,0,0,5.27,Medium
1,0,0,0,0,1,5.01,Medium
1,0,0,0,0,0,1.19,Low
0,0,0,0,0,0,1.79,Low
1,0,0,0,0,0,-1.62,Low
1,0,1,0,0,0,0.69,Low
1,0,0,1,0,0,3.39,Medium
1,1,1,0,0,0,2.39,Low
1,0,0,0,0,0,0.23,Low
1,0,0,0,0,0,-0.25,Low
1,0,0,0,0,0,-0.06,Low
1,0,0,1,0,0,3.05,Medium
1,0,0,0,0,0,0.2,Low
1,0,0,0,0,0,1.63,Low
1,1,0,0,0,0,2.78,Medium
1,0,0,0,0,0,0.1,Low
1,0,0,0,0,0,-0.08,Low
1,0,1,0,0,1,5.27,Medium
1,0,0,1,0,1,5.01,Medium
1,0,0,0,0,0,-0.85,Low
1,0,0,0,0,0,0.61,Low
0,0,0,1,0,0,4.74,Medium
1,0,0,0,0,0,-1.06,Low
1,0,0,0,0,0,0.69,Low
1,0,1,0,0,1,4.86,Medium
0,0,0,0,0,0,1.34,Low
0,1,0,0,0,0,3.75,Medium
1,0,0,1,1,0,4.71,Medium
1,0,0,1,0,0,2.49,Low
0,1,0,0,1,0,6.24,High
1,0,0,0,0,0,0.3,Low
1,0,0,0,0,0,-0.91,Low
1,0,0,0,0,0,0.44,Low
1,0,0,0,0,0,-0.37,Low
0,1,1,0,0,0,6.62,High
0,0,0,0,0,0,1.7,Low
1,0,0,0,1,0,3.78,Medium
1,0,1,0,0,0,0.87,Low
0,0,0,0,0,0,1.92,Low
1,0,0,0,0,0,-0.24,Low
1,0,1,0,0,0,-0.01,Low
0,0,0,0,0,0,3.06,Medium
1,1,0,0,0,0,2.08,Low
1,1,1,0,0,0,3.5,Medium
1,0,1,1,1,0,6.29,High
0,1,0,0,0,0,3.9,Medium
1,0,0,1,1,0,3.93,Medium
1,1,0,0,0,0,2.12,Low
1,0,0,0,0,0,-1.03,Low
0,1,0,0,0,0,2.54,Medium
0,0,0,0,0,0,0.8,Low
1,0,1,1,0,0,3.99,Medium
1,1,0,0,0,0,1.74,Low
1,0,1,0,0,0,1.63,Low
0,0,0,0,1,0,3.79,Medium
1,0,0,0,0,0,-1.26,Low
0,1,0,1,0,0,6.69,High
1,0,0,0,0,0,-0.71,Low
0,0,0,0,0,0,2.46,Low
0,0,1,0,0,0,3.74,Medium
1,0,0,0,0,0,-0.04,Low
0,1,0,0,0,0,4.38,Medium
1,1,0,0,0,0,0.86,Low
1,0,0,0,0,0,2.34,Low
1,0,0,0,0,0,0.35,Low
1,0,1,0,0,0,1.62,Low
1,0,0,0,0,0,0.75,Low
1,1,0,0,0,0,1.89,Low
1,0,1,0,0,0,1.06,Low
1,0,0,0,0,1,4.87,Medium
1,0,0,0,1,0,1.71,Low
1,0,0,1,0,0,2.31,Low
1,1,0,1,1,0,6.37,High
1,1,0,1,0,0,3.41,Medium
1,0,0,0,0,0,0.36,Low
1,1,0,0,0,0,0.64,Low
1,0,0,0,1,0,2.73,Medium
0,1,0,0,0,0,5.26,Medium
0,0,0,0,0,0,2.72,Medium
1,0,1,0,0,0,2.2,Low
0,0,1,0,0,0,2.39,Low
0,1,0,0,0,0,3.82,Medium
0,0,0,0,0,0,2.1,Low
1,0,0,0,0,0,0.1,Low
0,0,0,1,0,0,3.65,Medium
1,0,1,0,0,0,0.27,Low
1,0,0,0,0,0,1.38,Low
1,0,0,0,0,0,-0.67,Low
1,0,0,0,0,0,1.33,Low
1,0,0,0,0,1,4.4,Medium
1,0,0,0,0,0,0.16,Low
1,1,0,0,0,0,2.43,Low
0,0,0,0,1,0,5.22,Medium
0,0,0,0,0,0,-0.1,Low
1,0,0,0,0,0,0.29,Low
0,0,0,1,0,0,4.12,Medium
0,1,0,0,0,0,4.15,Medium
0,0,1,0,0,0,3.75,Medium
1,0,0,0,0,0,-0.49,Low
1,1,1,1,0,0,4.08,Medium
0,0,0,0,1,0,2.89,Medium
1,0,0,0,0,0,-0.73,Low
1,0,0,0,0,0,0.55,Low
1,0,0,0,0,0,0.4,Low
1,0,1,0,0,0,1.71,Low
1,0,0,0,0,0,-0.37,Low
1,1,0,0,1,0,3.67,Medium
1,0,1,0,0,0,2.32,Low
0,1,0,1,0,0,6.82,High
0,0,0,1,0,0,4.6,Medium
1,0,0,0,0,0,-1.46,Low
0,0,0,0,0,0,3.57,Medium
1,0,0,0,0,0,-0.07,Low
1,0,0,0,0,0,0.14,Low
0,0,1,0,0,0,3.36,Medium
0,1,1,0,1,0,7.13,High
0,1,0,1,0,0,5.86,High
1,0,0,0,0,0,0.12,Low
0,0,0,0,0,0,2.51,Medium
1,0,0,0,1,0,2.68,Medium
1,0,0,1,1,0,4.98,Medium
1,0,1,0,0,0,0.12,Low
1,1,0,0,0,0,1.56,Low
1,0,0,0,0,0,0.68,Low
0,0,0,0,0,0,0.74,Low
1,0,0,0,0,0,0.13,Low
1,0,0,0,0,1,3.37,Medium
1,0,0,0,0,0,0.44,Low
1,0,0,0,0,0,-0.68,Low
0,1,0,0,0,0,3.71,Medium
1,0,0,0,0,0,-0.23,Low
1,0,0,0,0,0,0.2,Low
0,0,1,0,0,0,3.77,Medium
1,0,0,0,0,1,4.83,Medium
1,0,0,0,0,0,0.16,Low
1,1,0,0,0,0,1.11,Low
1,0,0,0,0,0,2.06,Low
1,0,1,0,0,0,0.93,Low
1,0,0,0,0,0,0.22,Low
0,0,1,0,0,0,3.19,Medium
0,0,0,0,1,1,8.28,High
1,0,0,0,0,0,-0.68,Low
1,0,0,0,0,0,0.35,Low
0,0,0,0,0,0,3.46,Medium
1,0,0,0,0,0,-1.61,Low
1,0,1,1,1,0,5.03,Medium
1,0,0,0,0,0,-0.9,Low
0,1,0,0,0,0,4.79,Medium
1,0,0,0,0,0,0.91,Low
1,0,0,0,0,0,-0.1,Low
1,0,0,0,0,0,0.05,Low
0,0,0,0,0,0,1.3,Low
1,0,0,0,0,0,-1.89,Low
0,0,0,0,0,0,1.78,Low
1,0,0,0,0,0,-0.17,Low
1,1,0,0,0,0,2.03,Low
1,0,0,0,0,0,-2.62,Low
1,0,1,0,0,0,-0.38,Low
0,0,1,0,1,0,3.81,Medium
1,0,0,0,0,0,0.07,Low
0,0,0,0,0,0,2.47,Low
1,0,0,0,0,0,-0.93,Low
1,0,0,0,0,0,-0.22,Low
1,0,1,0,0,0,0.54,Low
1,1,0,0,0,0,3.63,Medium
0,0,1,0,0,0,2.69,Medium
1,0,0,0,0,0,-0.34,Low
1,0,0,0,0,0,-0.65,Low
1,0,0,0,1,0,0.48,Low
1,0,0,0,0,0,0.52,Low
1,0,0,0,0,0,-0.21,Low
0,1,0,0,1,0,5.69,High
1,0,0,0,0,0,0.15,Low
1,0,0,0,1,0,0.74,Low
1,0,1,0,0,0,2.42,Low
0,1,0,1,0,0,4.54,Medium
1,1,0,0,0,0,3.42,Medium
1,0,1,0,1,0,2.99,Medium
1,0,1,0,0,0,0.69,Low
1,0,0,0,0,0,0.54,Low
1,1,0,0,0,0,1.72,Low
1,0,0,0,1,0,2.75,Medium
0,1,0,0,0,0,4.25,Medium
1,0,0,0,0,0,0.57,Low
0,0,0,0,0,1,6.83,High
1,0,0,0,0,0,-0.14,Low
1,0,0,0,0,0,0.77,Low
1,0,0,0,0,0,0.41,Low
1,0,0,0,0,0,1.07,Low
0,1,0,0,0,0,3.71,Medium
1,0,0,0,0,0,1.09,Low
1,0,0,0,0,0,-0.62,Low
1,1,0,0,0,0,0.39,Low
0,1,1,0,0,0,3.91,Medium
1,0,0,0,0,0,-0.27,Low
0,0,0,0,0,0,2.21,Low
1,0,0,0,0,0,0.01,Low
1,0,0,0,0,0,0.63,Low
1,0,0,0,0,0,-0.96,Low
1,0,0,0,0,0,1.38,Low
1,1,1,0,1,0,6.08,High
1,1,0,0,0,0,2.75,Medium
0,1,0,0,0,0,5.01,Medium
0,0,1,0,0,0,1.76,Low
1,1,1,0,0,0,3.56,Medium
1,1,0,0,0,0,2.59,Medium
1,1,0,0,0,0,2.77,Medium
1,0,0,0,0,0,0.68,Low
1,0,0,0,0,0,0.36,Low
0,0,0,1,1,0,6.32,High
1,0,1,0,0,0,1.95,Low
1,0,0,0,0,0,-0.5,Low
1,0,0,0,0,0,0.29,Low
1,1,0,0,0,0,1.56,Low
1,1,1,0,0,0,2.88,Medium
1,0,0,0,0,0,-2.14,Low
1,1,0,0,0,0,1.3,Low
1,0,0,1,0,0,1.65,Low
1,0,0,0,0,0,-0.34,Low
0,1,0,0,0,0,3.73,Medium
1,0,0,0,0,0,-0.95,Low
1,0,0,0,0,0,-0.27,Low
1,0,0,0,0,0,0.87,Low
1,0,0,0,0,0,-0.24,Low
1,0,0,1,0,0,3.04,Medium
0,1,1,0,0,0,5.99,High
1,0,0,0,0,0,-0.47,Low
1,0,0,0,0,0,0.46,Low
1,0,0,0,0,0,-1.05,Low
1,0,0,0,0,0,-0.84,Low
0,1,0,0,0,0,4.09,Medium
0,0,0,0,0,0,2.41,Low
1,0,0,0,0,0,1.29,Low
0,0,0,0,0,0,1.87,Low
1,0,0,0,0,0,0.14,Low
0,0,1,0,0,0,3.08,Medium
1,0,0,0,0,0,1.43,Low
0,1,0,0,0,0,5.07,Medium
0,1,0,0,0,0,4.31,Medium
1,0,0,0,0,0,0.64,Low
1,1,0,0,0,0,2.28,Low
0,0,1,0,0,0,3.86,Medium
0,0,0,0,0,0,2.69,Medium
1,1,0,0,1,0,3.76,Medium
1,0,0,0,0,0,0.08,Low
1,0,1,0,0,0,1.13,Low
1,1,0,0,0,0,2.12,Low
1,1,0,0,0,0,1.59,Low
1,0,0,0,1,0,2.27,Low
0,0,0,0,0,0,1.59,Low
1,0,0,0,0,0,-0.47,Low
0,0,0,1,1,0,5.91,High
1,0,0,0,0,1,4.22,Medium
1,0,0,0,0,0,0.98,Low
1,0,0,0,0,0,0.57,Low
1,1,0,0,0,0,2.89,Medium
1,1,0,0,0,0,3.42,Medium
1,1,0,1,0,0,3.53,Medium
1,1,0,0,0,0,2.57,Medium
1,0,0,0,1,0,2.6,Medium
1,0,0,0,0,0,0.2,Low
1,0,0,0,0,0,0.71,Low
0,0,0,0,0,0,2.07,Low
0,1,0,0,0,0,4.54,Medium
1,0,0,0,0,0,-1.13,Low
1,1,0,0,0,0,2.0,Low
1,0,0,0,0,0,0.57,Low
0,1,0,0,0,0,4.82,Medium
1,0,0,0,1,0,1.31,Low
1,0,0,0,0,0,-0.07,Low
1,0,0,0,0,0,-0.85,Low
1,0,0,0,0,0,-0.31,Low
1,0,1,0,0,0,1.25,Low
0,0,1,0,0,0,3.83,Medium
1,0,0,1,1,1,8.72,High
1,0,1,0,0,0,1.18,Low
1,1,0,0,1,0,3.48,Medium
1,0,1,0,1,0,2.89,Medium
0,1,1,0,1,0,9.03,High
1,0,1,0,0,0,-0.12,Low
0,0,0,1,1,0,5.03,Medium
1,0,0,1,1,0,4.14,Medium
1,0,0,0,0,0,0.57,Low
0,0,0,0,0,0,2.69,Medium
1,0,0,1,0,0,2.23,Low
0,1,1,0,0,0,3.78,Medium
1,0,0,0,0,0,-0.18,Low
0,0,0,0,0,0,0.59,Low
1,0,0,0,0,0,0.32,Low
1,0,0,1,1,0,4.36,Medium
0,0,1,0,0,0,2.9,Medium
0,0,1,0,0,0,2.05,Low
0,0,0,0,0,0,1.34,Low
0,0,0,0,0,0,0.7,Low
0,1,0,0,0,0,3.96,Medium
1,0,0,0,0,0,2.53,Medium
1,0,0,0,0,0,-0.08,Low
1,0,0,0,0,0,-0.34,Low
1,0,0,0,0,0,0.17,Low
1,0,0,0,0,0,-0.92,Low
1,0,0,0,0,0,-0.89,Low
1,0,0,1,1,0,3.5,Medium
1,0,0,1,0,0,2.71,Medium
1,0,0,0,0,0,0.27,Low
1,0,1,1,1,0,4.87,Medium
1,0,0,1,1,0,4.6,Medium
0,1,0,0,0,0,5.37,Medium
1,0,0,0,0,0,0.59,Low
1,0,1,1,0,0,2.19,Low
1,0,0,0,0,0,-1.51,Low
1,0,0,0,0,0,-1.4,Low
1,0,0,0,0,0,0.7,Low
1,0,0,0,0,0,-0.61,Low
1,0,0,1,0,0,2.65,Medium
1,0,0,0,0,0,-0.36,Low
1,0,1,0,0,0,1.31,Low
0,0,0,0,0,0,2.56,Medium
0,0,0,0,0,0,1.37,Low
1,0,1,0,0,0,1.66,Low
1,0,0,0,0,0,-0.53,Low
1,0,0,0,0,0,-0.56,Low
1,0,0,0,1,0,2.66,Medium
0,0,1,0,0,0,3.51,Medium
1,1,0,0,0,0,2.37,Low
0,1,0,0,0,0,3.12,Medium
1,0,0,0,0,1,3.69,Medium
0,0,1,0,1,0,5.55,High
1,0,1,0,0,0,2.83,Medium
0,0,0,0,1,0,5.45,Medium
1,0,0,0,0,0,-0.37,Low
1,0,0,0,0,0,-0.53,Low
1,1,0,0,1,1,9.38,High
1,0,1,0,0,0,1.48,Low
0,0,0,0,0,0,1.63,Low
0,1,0,0,0,0,4.1,Medium
0,1,0,0,0,0,3.0,Medium
1,0,0,1,0,0,2.81,Medium
0,0,0,1,1,0,7.12,High
1,0,0,0,0,0,1.23,Low
1,0,0,0,0,0,0.9,Low
1,0,0,0,0,0,-0.26,Low
1,0,0,0,1,0,2.72,Medium
1,0,0,0,0,0,1.17,Low
1,0,1,0,0,0,1.76,Low
1,0,0,0,0,0,0.68,Low
0,0,1,0,0,0,3.15,Medium
1,0,0,0,0,0,-0.72,Low
1,0,1,0,0,0,2.48,Low
1,0,0,1,0,0,1.97,Low
1,0,0,0,0,0,0.97,Low
1,0,0,0,0,0,1.98,Low
1,0,0,0,0,0,0.73,Low
1,0,1,0,0,0,1.94,Low
1,1,0,0,0,0,1.25,Low
1,0,0,0,0,0,-0.58,Low
0,1,0,0,0,0,5.01,Medium
1,0,0,0,0,0,-0.44,Low
1,0,0,1,0,0,0.93,Low
0,1,0,0,1,0,4.67,Medium
1,0,0,0,0,0,-0.17,Low
1,0,0,0,0,0,-0.18,Low
0,1,0,0,0,0,4.8,Medium
1,0,0,1,0,0,1.21,Low
1,0,0,0,1,0,3.1,Medium
1,1,1,0,0,0,2.03,Low
1,1,0,0,0,0,1.05,Low
1,0,0,0,0,0,0.11,Low
1,0,0,0,0,0,0.04,Low
1,0,0,1,0,0,2.46,Low
1,0,0,0,1,0,1.06,Low
1,0,0,0,0,0,0.28,Low
1,0,0,0,0,0,-1.34,Low
1,0,0,0,0,0,-1.76,Low
1,0,0,0,1,0,3.46,Medium
1,0,0,0,1,0,2.84,Medium
0,0,0,0,1,0,4.0,Medium
1,0,0,1,1,0,2.38,Low
1,0,0,0,0,0,-0.37,Low
1,0,0,0,0,1,4.36,Medium
1,0,0,1,0,0,1.63,Low
0,1,1,1,1,0,10.25,High
1,0,0,0,0,0,0.5,Low
0,1,1,0,0,0,4.26,Medium
1,0,0,0,0,0,-1.28,Low
1,0,0,0,0,0,0.7,Low
1,0,0,0,0,0,0.67,Low
0,0,0,0,0,0,2.6,Medium
1,0,0,0,0,0,1.35,Low
1,0,0,0,0,0,0.37,Low
1,0,0,0,0,0,0.08,Low
1,0,0,0,0,0,0.61,Low
0,0,0,0,0,0,2.99,Medium
1,0,0,0,0,0,0.55,Low
1,0,1,0,0,0,1.03,Low
0,0,0,0,1,0,4.77,Medium
1,0,0,1,0,0,2.08,Low
0,0,1,0,0,0,2.61,Medium
1,1,0,0,1,0,4.1,Medium
1,1,0,0,0,0,1.74,Low
0,0,1,0,0,0,2.93,Medium
1,0,0,0,1,0,1.32,Low
1,0,0,0,0,0,0.8,Low
1,1,0,0,0,0,2.17,Low
1,0,0,0,1,0,2.57,Medium
1,0,0,0,0,0,0.39,Low
0,0,0,0,0,0,1.28,Low
1,0,0,0,0,0,1.06,Low
1,0,0,0,0,0,-0.18,Low
0,0,0,0,0,0,1.71,Low
1,0,0,0,1,0,2.17,Low
1,0,0,0,0,0,0.19,Low
1,1,1,0,0,0,5.08,Medium
0,0,0,1,1,0,6.48,High
1,0,1,0,0,0,0.61,Low
0,1,0,0,0,0,5.52,High
0,0,0,0,0,0,0.7,Low
1,0,0,0,0,0,-0.39,Low
1,0,0,0,0,0,-0.44,Low
0,0,0,0,0,0,2.0,Low
1,0,1,0,0,0,1.28,Low
0,0,0,0,0,0,2.35,Low
0,1,1,0,0,0,5.33,Medium
1,0,0,0,0,0,0.5,Low
1,0,1,0,0,0,0.95,Low
0,0,0,0,0,0,3.03,Medium
0,0,1,0,0,0,1.71,Low
1,0,0,0,1,1,3.96,Medium
1,0,1,0,0,0,1.59,Low
1,0,0,0,0,0,-0.26,Low
1,0,0,0,0,0,1.37,Low
1,0,0,0,0,0,0.83,Low
1,0,0,0,0,0,0.47,Low
1,1,0,0,0,0,1.61,Low
1,0,1,0,0,1,5.54,High
1,0,0,0,0,0,-0.32,Low
1,0,0,0,0,0,0.05,Low
1,0,0,0,0,0,-0.26,Low
1,0,0,0,0,0,0.21,Low
1,1,0,0,0,0,1.8,Low
1,0,1,1,0,0,3.8,Medium
1,0,0,1,0,1,6.36,High
1,0,0,1,1,0,3.59,Medium
0,0,0,0,0,0,1.64,Low
1,0,0,0,0,1,2.98,Medium
0,0,0,0,0,0,0.44,Low
1,0,0,0,0,0,0.75,Low
1,1,0,1,0,0,3.72,Medium
0,0,0,0,1,0,3.03,Medium
1,0,1,0,0,0,1.36,Low
1,0,0,0,0,0,-0.58,Low
1,0,1,0,0,0,0.94,Low
1,0,0,0,0,0,-1.03,Low
1,0,0,0,0,0,0.52,Low
1,0,0,0,0,0,0.07,Low
1,0,0,0,0,0,0.4,Low
1,0,0,1,0,0,1.66,Low
0,0,0,0,0,0,2.2,Low
1,0,0,0,0,0,-1.16,Low
1,1,0,0,0,0,3.82,Medium
0,1,0,0,0,0,4.33,Medium
1,0,0,0,0,0,1.37,Low
1,0,1,0,0,0,0.79,Low
1,0,0,0,1,0,1.16,Low
1,0,0,0,0,0,-0.39,Low
1,0,1,0,0,0,0.96,Low
0,1,1,0,0,0,4.91,Medium
0,1,0,0,0,0,5.49,Medium
1,0,0,0,1,0,1.32,Low
1,0,1,0,1,0,2.52,Medium
1,0,0,0,0,0,0.57,Low
1,0,0,0,1,0,0.73,Low
0,1,0,0,0,0,3.97,Medium
1,0,0,0,0,0,0.11,Low
1,0,1,0,0,0,1.35,Low
0,0,0,1,0,0,4.28,Medium
1,0,1,1,0,0,4.59,Medium
1,0,0,0,0,0,-0.71,Low
1,0,0,0,0,0,-0.52,Low
0,0,0,0,1,0,4.49,Medium
1,0,1,0,0,0,1.18,Low
0,1,0,0,0,0,4.28,Medium
1,0,0,0,0,0,-1.12,Low
0,1,0,0,0,0,5.74,High
0,0,0,1,1,0,6.36,High
1,0,0,0,0,0,-1.27,Low
1,0,0,0,0,0,0.49,Low
1,0,1,0,0,0,0.12,Low
1,0,0,0,0,0,0.74,Low
1,1,0,1,1,0,4.95,Medium
1,0,0,0,0,0,0.8,Low
1,1,0,0,0,0,1.02,Low
1,0,0,0,0,0,-0.78,Low
1,0,1,0,0,0,1.11,Low
1,0,0,0,0,0,-0.49,Low
1,0,1,0,0,0,0.56,Low
0,0,1,0,0,0,1.78,Low
1,0,0,0,1,0,1.74,Low
1,0,0,0,0,0,0.71,Low
0,1,0,0,0,0,5.5,High
1,0,0,0,0,0,0.66,Low
0,0,0,0,0,0,2.55,Medium
1,1,0,1,0,0,2.65,Medium
1,0,0,0,0,0,-0.02,Low
1,0,1,0,0,0,0.48,Low
1,0,0,1,0,0,0.79,Low
1,0,0,1,1,0,2.98,Medium
1,0,0,0,0,0,0.53,Low
1,1,0,0,1,0,3.55,Medium
1,0,0,0,0,0,-1.18,Low
1,1,1,0,0,0,2.49,Low
1,0,0,0,0,0,0.23,Low
1,0,0,0,0,0,-0.54,Low
1,0,0,0,0,0,-0.97,Low
0,1,0,0,0,0,3.26,Medium
1,1,0,0,0,0,2.71,Medium
0,1,1,0,0,0,3.34,Medium
0,0,1,0,0,0,2.79,Medium
1,0,0,0,0,0,-0.09,Low
1,0,0,0,0,0,-0.6,Low
1,0,0,0,0,0,-0.77,Low
1,0,0,0,1,0,2.79,Medium
1,0,0,0,0,1,4.78,Medium
1,0,0,0,0,0,0.08,Low
1,0,0,0,1,0,1.57,Low
1,0,0,0,0,0,0.09,Low
1,0,0,0,1,0,2.32,Low
1,1,0,1,1,1,9.91,High
0,1,0,1,1,0,8.35,High
1,0,0,0,0,0,-0.28,Low
1,1,0,0,0,0,-0.52,Low
1,0,1,0,0,0,0.85,Low
1,0,0,0,0,0,0.55,Low
1,0,1,0,0,0,1.02,Low
1,0,0,0,0,0,0.27,Low
1,0,0,0,0,0,-0.22,Low
1,0,0,0,0,0,-0.15,Low
0,0,0,0,0,0,2.14,Low
0,0,0,0,0,0,3.55,Medium
1,0,0,0,0,0,0.67,Low
1,0,0,0,0,0,0.57,Low
1,0,0,0,0,0,0.16,Low
1,0,0,1,1,0,2.93,Medium
1,0,0,0,0,0,0.98,Low
1,0,1,0,0,0,1.73,Low
0,1,1,0,0,1,9.29,High
1,1,0,0,0,0,1.96,Low
1,1,0,0,0,1,6.44,High
1,0,0,0,0,0,-0.18,Low
1,0,1,0,1,0,3.58,Medium
1,0,0,0,0,0,-0.67,Low
0,1,1,0,0,0,3.47,Medium
1,0,0,0,0,0,-0.96,Low
1,0,1,0,0,0,1.11,Low
1,0,0,0,0,0,-0.24,Low
1,0,0,0,0,0,-0.12,Low
1,0,0,0,1,0,0.96,Low
1,0,1,0,0,0,1.24,Low
1,0,1,0,0,0,0.17,Low
0,0,0,0,0,0,2.4,Low
1,0,0,0,0,0,-1.13,Low
1,0,0,0,0,0,-0.67,Low
1,0,0,0,0,0,-0.78,Low
0,0,1,1,1,0,7.46,High
1,0,0,0,0,0,-0.37,Low
1,0,0,1,0,0,2.34,Low
1,0,0,0,0,0,0.91,Low
1,0,0,0,0,0,1.42,Low
1,0,1,0,0,0,1.18,Low
0,1,0,0,0,0,3.12,Medium
1,0,0,0,1,0,3.0,Medium
1,0,0,0,0,0,1.21,Low
1,0,0,0,0,1,3.95,Medium
0,0,0,0,0,0,3.05,Medium
1,0,1,0,0,0,1.27,Low
1,0,0,0,0,0,-1.33,Low
1,0,1,0,0,0,0.5,Low
1,0,0,0,0,0,-0.4,Low
1,0,1,0,1,0,2.71,Medium
1,0,0,0,0,0,-0.75,Low
1,0,0,0,0,0,-0.77,Low
1,1,0,0,0,0,3.08,Medium
1,1,1,0,0,0,1.61,Low
1,0,0,1,0,0,1.42,Low
1,0,0,0,0,0,0.5,Low
0,0,1,0,0,0,2.55,Medium
0,0,0,0,0,0,2.32,Low
0,0,0,0,0,0,1.68,Low
0,0,0,0,0,0,2.35,Low
1,1,0,0,0,0,1.17,Low
1,0,0,0,0,0,-1.49,Low
1,0,0,0,1,0,1.68,Low
1,0,0,0,1,0,0.57,Low
1,0,0,0,0,0,-0.05,Low
1,1,0,0,0,0,1.09,Low
0,1,0,0,0,0,3.1,Medium
1,0,0,0,0,0,1.18,Low
1,0,0,0,0,0,0.22,Low
0,1,1,0,0,0,3.77,Medium
1,0,1,0,0,0,0.96,Low
1,0,1,0,0,0,0.89,Low
0,0,0,0,0,0,0.35,Low
1,0,1,0,0,0,1.28,Low
1,0,1,0,0,0,1.76,Low
1,0,0,0,0,0,-0.34,Low
1,1,0,0,0,0,1.77,Low
0,0,0,0,0,0,1.55,Low
1,0,0,0,0,0,0.31,Low
1,1,1,0,0,0,2.8,Medium
1,1,0,0,0,1,5.83,High
1,0,0,1,1,0,3.35,Medium
0,0,0,0,1,0,5.63,High
1,0,0,0,0,1,3.79,Medium
1,0,0,1,1,0,4.56,Medium
1,0,1,0,0,0,1.21,Low
1,0,0,0,0,0,-2.05,Low
0,0,1,0,0,0,2.7,Medium
1,0,0,0,0,0,-0.92,Low
1,1,0,0,0,0,2.78,Medium
1,0,0,0,0,0,-1.01,Low
0,1,1,0,1,0,7.4,High
1,0,0,0,0,1,4.8,Medium
0,1,0,0,0,0,4.22,Medium
1,0,0,1,1,1,8.0,High
0,0,1,0,0,0,2.68,Medium
1,1,0,0,0,0,1.9,Low
1,0,0,0,1,0,0.93,Low
1,0,0,0,0,0,0.14,Low
1,1,0,0,0,0,2.84,Medium
0,1,1,0,1,0,6.3,High
0,1,1,0,0,0,5.01,Medium
1,0,0,0,0,0,-0.08,Low
1,0,1,0,0,0,1.25,Low
1,0,0,0,0,0,-0.43,Low
0,0,0,0,0,0,0.79,Low
1,0,1,0,0,1,4.1,Medium
1,0,0,0,0,0,-1.85,Low
1,0,0,0,0,0,0.62,Low
1,0,0,0,1,0,2.32,Low
1,0,0,0,0,0,-0.01,Low
1,0,0,0,0,0,-0.56,Low
1,0,0,0,0,0,-0.13,Low
0,0,1,0,0,0,2.98,Medium
1,0,0,0,0,0,-0.42,Low
1,0,0,0,0,0,-0.39,Low
1,0,1,0,0,0,2.05,Low
0,1,0,1,1,0,7.0,High
1,0,0,0,0,0,0.79,Low
1,0,0,0,0,0,-1.29,Low
1,0,0,0,0,0,1.29,Low
1,0,0,0,0,0,-1.91,Low
1,1,0,0,0,0,2.37,Low
0,1,1,0,1,0,6.47,High
0,0,1,1,0,0,4.87,Medium
1,0,1,0,1,0,2.89,Medium
1,0,0,0,0,0,0.48,Low
0,0,0,0,0,0,0.43,Low
1,0,1,0,0,0,0.98,Low
0,1,0,0,1,0,6.15,High
1,0,0,0,0,0,-0.53,Low
0,0,0,0,0,0,1.91,Low
0,0,0,0,0,0,1.47,Low
0,0,0,0,0,0,2.44,Low
1,0,0,0,0,0,0.29,Low
1,0,0,0,0,0,0.17,Low
0,1,0,0,0,0,4.53,Medium
1,0,0,0,0,0,1.0,Low
1,1,1,0,0,1,6.21,High
1,0,1,0,0,0,2.78,Medium
0,0,0,0,0,0,2.31,Low
0,0,0,0,0,0,1.6,Low
1,0,0,0,0,0,1.84,Low
0,0,0,0,0,0,1.67,Low
1,0,0,0,0,0,-0.97,Low
1,1,0,0,0,0,1.59,Low
1,0,1,0,0,0,0.55,Low
1,0,0,0,0,0,0.87,Low
1,0,0,0,0,0,-0.09,Low
0,0,0,1,0,0,4.08,Medium
1,0,0,0,0,0,0.05,Low
1,0,0,0,0,0,0.93,Low
0,1,0,0,0,0,3.74,Medium
1,0,0,0,0,0,-0.16,Low
0,0,0,0,1,0,3.45,Medium
1,0,0,0,0,0,-0.34,Low
0,1,0,0,0,0,4.42,Medium
1,0,0,0,1,0,2.58,Medium
0,1,0,0,0,0,5.36,Medium
1,0,0,0,0,0,-0.08,Low
1,1,0,0,0,0,1.79,Low
0,0,0,0,0,0,2.32,Low
1,0,0,0,0,0,-0.38,Low
1,0,0,1,1,0,3.49,Medium
1,1,0,0,0,0,2.26,Low
1,0,0,0,0,0,-0.31,Low
1,0,0,0,0,0,-0.23,Low
1,0,0,0,0,0,0.48,Low
1,1,1,0,0,0,3.25,Medium
1,1,1,0,1,0,6.6,High
1,1,0,1,1,0,6.74,High
1,1,1,0,0,0,2.39,Low
1,0,0,0,0,0,-0.32,Low
1,0,1,0,0,1,3.9,Medium
1,0,0,1,0,0,1.22,Low
0,0,0,0,0,0,3.01,Medium
1,0,0,0,0,0,-0.22,Low
1,1,0,0,0,0,0.89,Low
1,0,0,0,0,0,-1.56,Low
1,0,0,0,0,0,-1.18,Low
1,1,0,0,0,0,1.36,Low
1,0,0,0,0,0,0.0,Low
1,0,1,0,0,0,0.68,Low
1,0,0,0,1,0,2.56,Medium
1,0,0,0,0,0,-0.75,Low
1,0,0,0,0,0,0.98,Low
1,0,0,0,0,0,-0.11,Low
1,0,0,0,1,0,2.37,Low
0,1,0,0,0,0,3.58,Medium
1,0,1,0,0,0,1.81,Low
1,0,0,0,0,0,-1.06,Low
0,1,0,0,1,0,5.01,Medium
1,0,0,0,0,0,-0.78,Low
1,0,0,0,0,0,0.94,Low
0,0,0,0,0,0,1.81,Low
0,0,0,0,0,0,1.24,Low
1,0,0,0,0,0,-0.16,Low
1,0,0,0,0,0,0.14,Low
1,0,0,1,0,0,1.14,Low
0,0,1,0,0,0,3.13,Medium
1,0,0,0,0,1,3.89,Medium
1,0,0,0,0,0,-0.4,Low
0,1,0,0,0,0,2.99,Medium
1,1,1,0,0,0,3.71,Medium
1,0,0,0,0,0,-0.38,Low
1,0,1,0,0,1,2.65,Medium
1,0,0,0,0,1,4.28,Medium
0,0,0,0,0,0,2.3,Low
1,0,0,1,0,0,2.75,Medium
0,1,0,0,0,0,4.33,Medium
1,0,0,0,0,0,0.11,Low
1,0,0,0,0,0,-0.39,Low
0,0,0,0,1,0,3.61,Medium
1,0,0,0,1,0,2.54,Medium
1,0,0,1,1,0,3.87,Medium
1,0,0,0,0,0,-1.15,Low
0,1,0,0,1,0,5.72,High
1,0,0,0,0,0,-0.04,Low
1,0,0,0,1,0,0.41,Low
1,0,0,0,0,0,0.6,Low
1,0,0,0,0,0,0.0,Low
0,0,0,0,0,0,0.91,Low
1,0,0,0,0,0,-0.24,Low
1,0,1,0,1,0,2.92,Medium
1,0,0,0,0,0,0.76,Low
1,0,0,1,1,0,4.73,Medium
0,1,0,1,0,0,6.86,High
1,1,0,0,0,0,2.3,Low
0,1,0,0,0,0,3.48,Medium
1,0,0,0,0,0,-0.73,Low
1,1,0,0,0,0,1.44,Low
0,0,0,1,1,0,5.95,High
1,0,0,0,0,0,-0.02,Low
1,0,0,0,0,0,0.82,Low
0,1,0,0,0,0,3.8,Medium
1,1,0,0,0,0,0.38,Low
1,0,0,0,0,0,-0.95,Low
1,1,0,0,0,0,1.22,Low
1,0,0,0,0,0,-0.78,Low
1,0,0,0,0,1,1.76,Low
1,0,0,0,0,0,1.26,Low
1,0,0,0,0,0,-1.75,Low
0,1,0,1,1,0,7.54,High
1,0,0,0,0,0,0.53,Low
1,1,1,1,1,0,7.47,High
1,0,0,1,0,0,0.82,Low
1,0,0,0,0,0,0.97,Low
1,0,0,0,0,0,0.85,Low
0,1,0,0,0,0,3.85,Medium
1,0,0,0,0,0,0.02,Low
0,0,1,0,0,0,2.27,Low
0,0,0,1,1,0,6.2,High
1,0,0,0,0,0,0.18,Low
1,0,0,0,0,0,-0.39,Low
1,0,0,1,0,0,2.52,Medium
1,1,1,0,0,0,3.27,Medium
0,1,0,0,0,0,6.57,High
0,0,0,0,0,1,5.28,Medium
1,1,1,0,0,0,4.07,Medium
1,0,0,0,0,0,-0.68,Low
0,0,0,0,0,0,2.42,Low
0,1,1,0,0,0,2.92,Medium
1,0,0,0,1,0,1.59,Low
1,0,0,0,0,0,0.38,Low
1,0,0,0,0,0,0.19,Low
0,0,0,0,0,0,0.4,Low
1,0,0,0,0,0,-0.33,Low
1,0,0,0,0,0,1.18,Low
1,0,0,0,0,0,0.82,Low
1,0,0,0,0,0,0.77,Low
1,0,0,0,0,0,1.88,Low
0,1,0,1,0,0,4.6,Medium
1,0,0,0,1,0,1.68,Low
1,0,0,0,0,0,0.02,Low
1,0,0,0,0,0,-0.58,Low
1,0,0,1,0,0,2.1,Low
1,1,0,0,0,0,3.04,Medium
1,0,0,0,1,0,2.09,Low
1,0,0,0,0,0,-1.76,Low
1,1,0,0,0,0,2.54,Medium
1,0,0,0,0,0,-0.01,Low
1,0,1,0,1,0,1.26,Low
0,1,0,0,0,0,3.51,Medium
0,1,0,0,0,0,2.61,Medium
1,0,0,0,0,0,-0.23,Low
1,0,0,0,0,0,-0.4,Low
0,0,0,0,0,0,0.78,Low
1,0,1,0,0,0,1.2,Low
0,0,0,0,0,0,1.13,Low
0,0,1,1,0,0,6.06,High
1,0,0,0,0,0,0.13,Low
1,0,1,0,0,0,0.79,Low
0,0,0,0,0,0,3.0,Medium
1,0,0,0,0,0,0.21,Low
1,0,0,0,1,0,2.28,Low
1,0,0,0,0,0,-0.05,Low
1,0,0,0,0,0,-0.25,Low
1,0,0,0,0,0,0.32,Low
1,0,0,0,0,0,1.22,Low
0,1,1,0,0,0,2.26,Low
1,0,0,0,0,0,1.49,Low
1,1,1,0,0,0,2.19,Low
1,0,0,0,1,0,2.15,Low
1,0,0,0,0,0,-1.37,Low
1,0,0,0,0,0,1.19,Low
0,1,0,1,0,0,4.89,Medium
0,0,0,0,0,0,2.9,Medium
1,0,0,0,0,0,-0.19,Low
1,1,0,0,0,0,1.87,Low
1,0,0,1,1,1,6.99,High
1,0,0,0,0,0,0.98,Low
1,0,1,0,0,0,0.88,Low
1,0,0,0,1,0,2.57,Medium
0,1,0,0,0,0,2.35,Low
1,1,1,0,0,0,2.29,Low
1,0,0,0,0,0,0.2,Low
0,1,0,0,0,0,2.74,Medium
1,0,1,1,0,0,3.29,Medium
1,0,0,0,0,0,-0.53,Low
1,0,0,0,0,0,-0.62,Low
1,0,0,0,0,0,0.41,Low
0,1,0,0,0,0,4.14,Medium
1,0,0,0,0,0,-0.9,Low
0,0,1,1,1,0,7.9,High
1,0,1,0,0,1,5.4,Medium
1,0,1,0,0,0,-0.61,Low
0,1,0,1,0,1,9.76,High
1,0,0,0,0,0,0.3,Low
1,1,0,0,0,0,1.91,Low
1,0,1,0,0,0,-1.66,Low
1,0,0,0,0,0,0.05,Low
1,0,0,0,0,0,0.61,Low
1,1,0,1,0,0,3.93,Medium
1,0,0,0,0,0,0.04,Low
1,0,0,0,0,0,0.82,Low
0,1,0,0,0,0,2.73,Medium
1,0,0,0,0,0,0.59,Low
0,1,1,0,0,0,5.27,Medium
1,0,0,1,0,0,0.7,Low
1,0,0,1,1,0,4.56,Medium
0,0,0,1,0,0,5.44,Medium
1,0,1,0,0,0,1.27,Low
1,1,0,0,0,0,2.44,Low
1,0,0,0,0,0,-0.85,Low
1,0,0,0,1,0,1.51,Low
1,0,0,0,0,0,-0.81,Low
1,0,1,0,0,0,1.32,Low
0,0,1,1,1,0,6.59,High
1,0,0,0,0,0,-0.46,Low
0,1,0,0,0,0,4.56,Medium
0,0,0,0,0,0,3.34,Medium
1,0,0,0,0,0,-0.07,Low
1,1,0,0,0,0,0.74,Low
0,1,0,0,0,0,4.03,Medium
0,0,0,0,0,0,2.15,Low
1,0,1,1,0,0,3.67,Medium
1,0,0,0,0,0,-0.26,Low
1,0,0,0,0,0,0.7,Low
1,0,0,0,0,0,0.58,Low
1,0,0,0,0,0,-0.24,Low
1,1,1,0,1,0,5.66,High
1,0,0,0,0,0,0.74,Low
1,0,0,0,0,0,-0.87,Low
1,0,0,0,0,0,0.77,Low
1,0,0,0,0,0,-0.1,Low
1,0,1,0,0,0,0.8,Low
1,0,0,0,0,0,-0.09,Low
1,0,1,0,0,0,1.99,Low
1,0,1,0,0,1,5.99,High
1,0,1,0,1,0,3.38,Medium
0,1,1,0,0,0,5.22,Medium
1,0,0,0,0,0,-0.08,Low
1,1,1,1,0,0,7.16,High
1,0,0,0,0,0,-0.55,Low
0,0,0,0,0,0,1.64,Low
1,0,0,0,0,0,0.24,Low
1,1,0,0,0,1,5.27,Medium
1,0,0,0,0,0,0.84,Low
1,0,0,1,0,0,0.82,Low
1,1,0,0,0,0,1.43,Low
1,0,0,1,0,0,1.68,Low
1,0,0,0,0,0,-0.8,Low
1,0,0,0,0,0,0.83,Low
1,0,0,1,1,0,2.95,Medium
1,0,0,0,0,0,-0.77,Low
0,0,0,0,0,0,1.46,Low
1,0,0,1,1,0,4.67,Medium
0,0,0,1,1,0,7.16,High
1,1,0,0,1,0,4.42,Medium
1,0,0,0,0,0,-1.05,Low
1,0,0,0,0,0,-0.5,Low
0,0,0,0,1,0,5.26,Medium
1,0,1,0,0,0,1.02,Low
1,0,0,1,1,0,2.84,Medium
1,0,1,0,0,0,2.76,Medium
1,0,0,0,0,0,-0.46,Low
1,0,0,0,0,0,-0.06,Low
1,0,1,0,0,0,0.45,Low
1,0,0,0,0,0,-0.76,Low
1,0,0,0,0,0,1.04,Low
1,1,0,0,0,0,2.16,Low
1,0,0,0,1,0,2.25,Low
1,0,0,0,0,0,-1.02,Low
1,0,0,0,0,0,-0.24,Low
1,1,1,0,0,0,2.5,Medium
1,0,1,0,0,0,0.34,Low
0,0,0,0,0,0,2.37,Low
0,0,0,0,0,0,1.73,Low
0,0,0,0,0,0,2.55,Medium
1,0,0,0,0,0,0.58,Low
1,0,0,1,0,0,1.65,Low
1,0,0,0,0,0,0.36,Low
1,0,0,0,0,0,-0.37,Low
1,0,1,0,0,0,0.37,Low
0,1,0,0,0,0,3.15,Medium
0,0,0,0,0,0,2.07,Low
0,0,0,0,1,0,3.41,Medium
1,0,0,0,0,0,1.1,Low
1,0,0,0,1,0,3.3,Medium
1,0,0,0,1,0,2.38,Low
1,0,1,0,0,0,1.19,Low
1,0,0,0,1,0,2.01,Low
1,0,0,0,0,1,5.9,High
1,0,1,0,1,0,4.57,Medium
1,0,0,0,0,0,-0.16,Low
1,0,1,1,0,1,6.84,High
0,1,0,0,0,0,4.26,Medium
1,0,0,0,0,0,-0.94,Low
0,0,0,0,0,0,0.56,Low
1,0,0,0,0,0,-1.07,Low
1,0,0,0,0,0,-0.24,Low
1,0,0,0,0,0,-0.76,Low
1,0,0,0,0,0,1.16,Low
0,1,1,0,0,0,3.82,Medium
1,1,0,0,0,0,0.93,Low
1,0,0,0,0,0,-1.47,Low
1,0,0,1,0,0,1.48,Low
0,0,0,0,0,0,1.68,Low
1,0,0,1,1,0,3.94,Medium
0,1,0,0,0,0,3.97,Medium
1,0,1,0,1,0,2.5,Medium
1,0,0,0,1,0,1.16,Low
1,0,0,0,0,0,0.34,Low
1,0,0,1,1,0,3.28,Medium
1,0,0,0,0,0,0.62,Low
0,0,0,0,0,0,0.81,Low
1,0,1,0,0,0,0.4,Low
1,1,0,0,0,0,3.63,Medium
1,1,0,0,1,1,9.74,High
1,0,0,0,0,0,-1.09,Low
1,0,1,1,0,0,3.97,Medium
1,1,0,0,0,0,3.29,Medium
1,0,0,0,0,0,0.85,Low
1,0,0,0,0,0,-0.05,Low
1,0,0,0,0,0,-1.54,Low
1,0,0,0,0,0,0.07,Low
1,0,0,0,0,0,0.33,Low
1,0,1,0,0,0,1.19,Low
1,0,0,0,0,0,0.38,Low
0,1,0,0,0,0,3.35,Medium
0,1,0,0,0,0,3.61,Medium
1,0,0,0,0,0,-1.92,Low
1,0,0,0,0,0,0.71,Low
0,0,0,0,0,0,1.28,Low
0,0,1,0,0,0,2.8,Medium
0,1,0,1,0,0,6.2,High
1,0,0,0,0,0,-0.45,Low
1,0,1,0,0,0,0.14,Low
0,0,0,0,0,0,2.2,Low
1,1,0,0,0,0,0.57,Low
1,0,0,0,0,0,0.61,Low
1,0,0,0,0,0,0.53,Low
1,0,1,0,0,0,0.56,Low
1,0,0,0,0,0,-0.4,Low
1,0,0,0,0,0,-0.79,Low
1,0,1,0,0,0,0.69,Low
1,0,0,0,0,0,-0.16,Low
1,0,0,0,0,0,-0.25,Low
1,0,0,1,1,0,5.16,Medium
1,0,0,0,0,0,-1.4,Low
1,1,0,0,0,0,1.27,Low
0,0,0,0,0,0,2.59,Medium
1,0,0,0,0,0,1.64,Low
1,1,0,0,0,0,1.31,Low
1,0,0,0,0,0,0.81,Low
0,1,0,0,0,0,3.08,Medium
1,0,0,0,0,0,-0.31,Low
1,0,0,0,0,0,0.01,Low
1,0,0,0,0,0,-0.55,Low
1,0,0,0,0,0,-0.34,Low
0,0,0,0,0,0,0.91,Low
0,0,0,0,1,0,4.54,Medium
1,0,0,0,0,0,-0.72,Low
1,0,0,0,0,0,-0.53,Low
1,0,0,1,0,0,1.37,Low
1,0,1,0,1,0,2.42,Low
1,0,0,1,0,0,2.12,Low
1,0,0,0,0,0,0.05,Low
1,0,0,0,0,0,2.01,Low
1,0,0,0,0,1,3.8,Medium
0,0,1,0,0,0,2.92,Medium
1,0,1,0,0,0,2.07,Low
0,0,0,0,0,0,2.18,Low
1,0,0,0,1,0,1.92,Low
1,1,0,0,0,0,1.89,Low
1,1,0,0,0,0,2.16,Low
1,1,0,0,0,0,2.78,Medium
1,1,0,0,0,0,3.08,Medium
1,0,0,0,0,0,0.83,Low
0,1,0,0,0,0,4.37,Medium
1,0,0,0,0,0,0.17,Low
1,0,0,1,0,0,3.63,Medium
0,0,0,0,0,1,5.62,High
1,0,0,1,1,0,4.56,Medium
1,0,0,0,0,0,0.94,Low
1,0,0,1,1,1,8.84,High
0,0,0,0,0,0,1.39,Low
0,1,0,1,0,0,8.25,High
0,1,0,0,1,0,7.34,High
1,0,0,0,0,0,0.85,Low
0,1,0,0,0,0,3.19,Medium
1,0,0,0,1,0,2.78,Medium
1,0,0,0,0,1,2.15,Low
1,0,0,0,0,0,-0.19,Low
1,0,0,1,0,0,2.09,Low
0,0,0,0,0,0,1.64,Low
0,1,0,0,0,0,5.27,Medium
1,0,1,0,0,0,1.08,Low
1,1,0,0,0,0,1.23,Low
1,0,1,0,1,0,3.6,Medium
0,0,0,0,0,0,2.32,Low
1,0,0,0,0,0,-1.4,Low
1,0,0,0,1,0,3.07,Medium
1,0,1,0,0,0,1.08,Low
1,0,0,0,0,0,0.79,Low
1,0,0,0,1,0,2.33,Low
0,0,0,0,0,0,1.73,Low
1,0,0,0,0,0,0.34,Low
1,0,1,0,0,0,0.92,Low
1,0,0,0,0,0,0.23,Low
1,0,0,0,0,1,4.48,Medium
0,0,0,0,0,0,2.12,Low
1,0,1,0,0,0,1.37,Low
1,0,0,0,0,0,-0.3,Low
1,0,0,0,0,0,-0.46,Low
1,0,1,0,0,0,1.62,Low
1,0,0,0,0,0,1.16,Low
1,0,0,1,1,0,3.59,Medium
1,0,0,0,0,1,4.25,Medium
1,1,0,0,0,0,0.87,Low
1,0,0,0,0,0,1.44,Low
1,0,0,1,1,0,4.92,Medium
1,0,0,0,0,0,-0.47,Low
1,0,0,0,0,0,-0.28,Low
0,1,1,0,0,0,5.97,High
0,0,0,0,0,0,2.14,Low
1,0,0,0,0,0,0.51,Low
1,0,0,0,0,0,-0.79,Low
1,0,0,0,0,0,0.46,Low
1,0,0,0,0,0,-0.12,Low
0,0,0,0,1,0,4.24,Medium
1,0,0,0,0,0,-0.32,Low
1,1,0,1,0,0,3.83,Medium
0,1,0,0,0,0,4.08,Medium
0,0,0,0,0,0,1.53,Low
1,0,0,0,0,0,1.81,Low
1,1,0,1,0,1,7.16,High
1,0,0,0,0,0,0.4,Low
1,0,1,0,0,0,1.24,Low
0,0,0,1,0,0,4.61,Medium
0,0,0,0,0,0,-0.0,Low
0,1,0,0,0,0,2.65,Medium
1,0,0,0,0,0,-0.44,Low
0,0,0,1,1,0,6.74,High
1,0,0,0,0,0,-0.21,Low
1,1,0,0,0,0,1.76,Low
1,1,0,0,0,0,2.01,Low
1,0,0,0,0,0,-0.67,Low
0,0,0,0,0,0,2.38,Low
1,0,0,0,0,1,4.15,Medium
1,1,0,0,0,0,2.4,Low
1,0,0,0,0,0,1.21,Low
1,0,0,0,0,0,-0.18,Low
1,0,1,0,0,0,1.09,Low
1,0,1,0,1,0,2.21,Low
0,0,1,0,0,0,2.0,Low
1,0,0,0,0,0,-0.01,Low
1,0,0,0,0,0,0.08,Low
1,0,0,0,0,0,0.55,Low
0,0,0,0,0,0,2.46,Low
1,1,0,0,0,0,2.2,Low
1,0,0,0,1,0,3.35,Medium
1,0,0,0,0,0,-0.25,Low
1,1,1,0,0,0,2.85,Medium
1,0,1,0,0,0,1.23,Low
1,0,0,0,0,0,-0.95,Low
1,0,1,0,0,0,1.55,Low
1,0,0,0,0,0,0.06,Low
1,0,0,0,0,0,0.07,Low
1,0,0,0,0,0,0.43,Low
1,0,0,0,0,0,0.3,Low
1,0,1,0,0,0,1.33,Low
1,0,0,0,0,0,-0.31,Low
1,0,1,1,1,0,6.26,High
1,0,1,0,0,0,-0.17,Low
0,1,0,0,0,0,3.45,Medium
0,1,0,0,0,1,7.56,High
1,0,0,0,0,0,-0.58,Low
1,0,0,0,0,0,-1.4,Low
1,0,0,0,0,0,1.32,Low
0,0,1,0,0,0,3.51,Medium
1,0,0,0,0,0,-0.51,Low
1,0,1,0,0,0,1.56,Low
0,0,0,0,0,0,1.87,Low
1,0,0,0,1,0,1.77,Low
0,1,0,0,0,0,3.23,Medium
1,0,0,0,0,0,0.01,Low
1,0,0,0,0,0,-0.51,Low
0,0,0,0,0,0,1.22,Low
1,0,0,0,0,0,0.76,Low
1,0,0,0,0,0,-0.66,Low
1,0,0,0,0,0,1.12,Low
0,1,0,0,1,0,5.43,Medium
1,0,1,0,0,0,-0.2,Low
1,0,0,0,0,0,0.42,Low
1,0,0,0,1,0,1.64,Low
1,1,0,0,0,0,0.74,Low
1,0,1,0,0,0,1.2,Low
1,0,0,0,0,0,-1.04,Low
1,0,0,0,0,0,-1.59,Low
0,0,0,0,0,0,2.54,Medium
1,0,0,0,0,1,5.19,Medium
1,0,0,0,0,0,-0.32,Low
0,0,0,0,0,0,2.97,Medium
1,1,0,0,0,0,2.64,Medium
0,0,0,0,0,0,2.53,Medium
1,0,0,0,0,0,-0.14,Low
1,1,0,0,0,0,1.52,Low
1,0,1,0,0,0,1.28,Low
1,0,0,0,0,0,0.52,Low
1,0,1,0,0,0,-0.01,Low
1,0,0,0,1,0,1.74,Low
0,0,0,0,0,0,1.85,Low
1,0,0,0,0,0,-0.23,Low
1,1,0,0,0,0,1.46,Low
1,0,0,0,0,0,-1.07,Low
0,0,0,0,0,0,1.76,Low
1,0,0,1,1,0,3.78,Medium
1,0,0,0,0,0,-0.38,Low
1,0,0,0,0,0,0.52,Low
1,0,1,0,0,0,-0.09,Low
1,0,0,0,0,0,0.22,Low
0,1,0,0,0,0,2.57,Medium
1,0,0,0,0,0,-0.05,Low
0,1,0,0,0,0,2.2,Low
1,0,0,0,0,0,-0.71,Low
1,0,0,1,1,0,3.98,Medium
0,1,0,0,0,0,2.86,Medium
1,0,0,0,0,0,-1.13,Low
0,1,0,0,1,0,6.79,High
1,0,0,0,0,0,-1.28,Low
0,1,0,0,0,0,3.9,Medium
1,0,0,0,0,0,1.18,Low
1,1,1,0,1,0,5.11,Medium
1,0,0,0,0,0,0.02,Low
1,0,0,0,1,0,1.43,Low
1,0,0,1,1,0,3.43,Medium
1,0,0,0,0,0,-0.13,Low
1,0,0,0,0,0,-1.6,Low
1,0,0,0,1,1,6.81,High
0,0,0,0,0,0,2.17,Low
1,0,1,0,0,0,-0.4,Low
1,1,0,0,0,0,2.82,Medium
1,0,0,0,0,0,0.54,Low
1,0,0,0,0,0,0.35,Low
1,0,0,0,0,0,1.79,Low
1,0,0,0,0,0,0.08,Low
0,0,0,0,0,0,3.22,Medium
0,0,0,0,0,0,2.02,Low
1,0,0,0,0,0,0.36,Low
1,1,0,0,0,0,1.56,Low
1,0,0,0,0,0,-1.51,Low
1,0,0,0,1,0,0.54,Low
1,0,0,0,0,0,-0.07,Low
1,0,0,0,0,1,3.81,Medium
1,0,0,0,0,0,-0.94,Low
1,0,0,0,0,0,-0.22,Low
1,0,1,0,0,0,1.36,Low
0,0,0,0,0,0,3.03,Medium
1,0,1,0,0,0,0.45,Low
0,1,0,1,1,0,8.31,High
0,1,0,0,1,0,7.39,High
1,0,0,0,0,0,0.6,Low
1,0,0,0,0,0,-0.62,Low
1,0,0,0,0,0,0.08,Low
0,0,0,0,0,0,2.15,Low
0,1,1,0,0,0,5.51,High
1,0,0,0,0,0,0.03,Low
1,0,1,0,0,0,1.39,Low
0,0,0,0,0,0,2.82,Medium
1,0,1,0,0,0,0.16,Low
0,0,0,0,0,0,0.94,Low
0,1,0,0,0,0,4.49,Medium
1,0,0,0,0,0,-0.12,Low
1,0,1,0,0,0,1.69,Low
1,0,0,0,0,0,0.87,Low
1,0,0,0,0,0,-1.48,Low
1,0,0,0,0,0,-0.67,Low
0,1,1,0,0,0,4.9,Medium
0,0,0,0,0,0,1.18,Low
0,1,0,0,0,0,3.62,Medium
1,0,0,0,0,0,-1.02,Low
0,0,1,0,0,0,2.65,Medium
1,0,0,1,1,0,3.23,Medium
1,0,0,0,1,0,2.28,Low
1,0,1,0,0,0,1.72,Low
1,0,0,0,0,0,0.33,Low
0,0,0,0,0,0,4.08,Medium
1,0,0,0,0,0,0.75,Low
1,0,1,1,0,0,3.72,Medium
1,0,0,0,0,0,-0.07,Low
1,1,0,0,0,0,1.75,Low
1,1,1,1,0,0,6.02,High
1,0,0,0,0,1,3.8,Medium
1,1,1,0,0,0,3.03,Medium
1,0,0,0,0,0,-0.14,Low
0,1,0,0,0,0,4.43,Medium
1,1,0,0,0,0,2.71,Medium
1,0,0,0,0,0,0.85,Low
1,0,0,0,0,0,-0.24,Low
1,0,0,1,0,0,2.15,Low
1,0,1,0,0,0,1.27,Low
1,0,0,0,0,0,1.17,Low
0,0,1,0,0,0,1.57,Low
1,0,0,0,0,0,0.01,Low
0,0,0,0,0,0,1.49,Low
0,0,1,0,0,0,2.57,Medium
1,1,0,0,0,0,1.32,Low
1,0,1,0,0,0,1.43,Low
1,0,0,0,0,0,-1.96,Low
0,1,0,0,0,0,3.89,Medium
0,0,0,0,0,0,0.54,Low
1,0,0,0,0,0,-0.55,Low
0,1,0,0,0,0,3.83,Medium
1,0,0,0,0,0,-0.32,Low
0,1,0,1,0,0,6.54,High
0,1,0,0,0,0,5.0,Medium
1,0,1,0,0,0,2.57,Medium
1,0,1,0,0,0,0.99,Low
1,0,0,0,0,0,0.93,Low
1,0,0,0,0,0,1.17,Low
0,0,0,0,0,0,1.62,Low
1,0,0,0,1,0,2.99,Medium
1,0,0,0,0,0,-1.74,Low
1,0,1,0,0,0,1.24,Low
0,0,0,0,0,0,3.28,Medium
1,1,0,0,0,0,2.08,Low
1,0,1,0,0,0,0.85,Low
1,0,0,0,0,0,-0.16,Low
0,0,1,0,0,0,4.17,Medium
0,0,0,0,0,0,0.73,Low
1,0,0,0,1,0,1.69,Low
1,0,1,0,0,0,1.67,Low
1,0,0,0,0,0,0.25,Low
1,0,0,0,0,0,0.95,Low
1,1,0,1,1,0,6.55,High
0,0,0,0,0,0,1.62,Low
1,0,0,0,0,0,0.47,Low
0,0,0,0,1,0,2.94,Medium
1,1,0,0,1,0,2.39,Low
1,0,0,0,0,0,-0.49,Low
1,0,0,0,0,0,0.06,Low
1,0,0,0,0,0,-0.65,Low
1,0,0,1,1,0,4.14,Medium
1,0,0,0,0,0,0.05,Low
1,0,0,0,0,0,-1.49,Low
1,0,0,0,0,0,-0.43,Low
1,0,0,0,0,0,0.75,Low
0,0,0,0,0,0,2.39,Low
1,0,0,0,0,0,-0.56,Low
0,0,1,0,0,0,3.5,Medium
1,0,0,0,1,0,3.4,Medium
0,0,0,1,0,0,3.66,Medium
1,0,0,0,0,0,0.59,Low
0,1,0,1,1,0,8.47,High
1,0,0,0,0,0,-0.38,Low
1,1,0,0,0,0,1.09,Low
1,1,0,0,0,0,3.32,Medium
1,0,1,0,0,0,1.87,Low
1,1,0,0,0,0,1.78,Low
1,0,1,0,1,0,3.97,Medium
1,0,0,0,0,0,0.44,Low
0,1,0,0,0,0,4.96,Medium
1,0,0,0,0,0,-1.43,Low
1,0,0,0,0,0,-0.33,Low
1,0,0,1,0,0,3.26,Medium
1,0,1,0,1,0,5.12,Medium
1,0,0,0,0,0,-0.31,Low
1,0,0,0,0,1,3.67,Medium
0,0,0,0,0,0,2.55,Medium
0,0,0,1,0,0,4.28,Medium
0,1,0,1,1,0,8.43,High
1,0,0,1,0,0,0.27,Low
0,0,0,0,0,0,1.81,Low
1,1,0,1,1,0,6.64,High
1,0,0,0,0,0,-1.88,Low
1,0,1,1,1,0,3.71,Medium
1,0,1,0,0,0,-0.42,Low
1,0,0,0,0,0,0.52,Low
1,1,0,0,0,0,1.26,Low
1,0,1,0,0,0,0.04,Low
1,0,0,0,0,0,0.04,Low
1,0,0,0,0,0,-0.99,Low
1,0,0,0,0,0,0.36,Low
1,0,0,0,0,0,1.93,Low
1,1,1,0,0,0,2.71,Medium
0,1,0,0,0,1,6.45,High
1,0,1,0,0,0,0.64,Low
1,0,0,1,1,0,4.39,Medium
1,0,0,0,0,0,0.31,Low
1,0,1,1,0,0,3.67,Medium
0,0,1,0,0,0,2.52,Medium
1,0,0,0,0,0,-0.22,Low
1,1,0,0,0,0,0.04,Low
0,0,0,0,0,0,2.49,Low
1,0,0,1,0,0,0.95,Low
1,0,0,0,0,0,0.16,Low
1,0,0,1,0,0,1.3,Low
1,0,0,0,0,0,-0.07,Low
1,0,0,0,0,0,0.77,Low
1,0,0,0,0,0,-0.35,Low
0,0,0,0,0,0,1.41,Low
1,0,0,1,0,1,6.0,High
1,0,0,0,0,0,-0.51,Low
1,0,0,0,0,0,-0.75,Low
0,1,0,0,0,0,5.49,Medium
0,1,0,0,0,0,2.52,Medium
1,1,0,0,0,0,2.52,Medium
1,0,1,0,0,0,0.89,Low
1,0,0,0,0,1,3.34,Medium
1,1,0,1,0,0,4.28,Medium
1,0,0,0,0,0,0.03,Low
1,0,0,0,0,0,1.06,Low
1,0,1,0,0,0,0.09,Low
0,1,0,0,0,0,3.59,Medium
1,1,1,0,0,0,3.81,Medium
0,0,0,0,1,0,3.84,Medium
1,0,0,0,0,0,0.44,Low
1,0,0,0,0,0,0.97,Low
1,0,0,0,0,0,0.45,Low
1,0,1,0,0,0,0.51,Low
1,0,0,0,0,1,3.72,Medium
1,0,0,0,0,0,0.98,Low
1,0,0,0,0,0,0.12,Low
1,1,1,0,0,0,2.84,Medium
0,0,0,0,0,0,2.31,Low
1,0,0,1,0,0,0.97,Low
1,0,0,0,0,0,-0.19,Low
1,1,0,0,0,0,1.94,Low
0,0,0,0,0,0,1.92,Low
1,0,0,0,0,0,-0.32,Low
1,0,0,0,0,0,-0.25,Low
1,0,1,0,0,0,0.91,Low
1,0,1,0,0,0,2.17,Low
0,0,0,0,0,0,0.24,Low
1,0,0,0,0,0,0.56,Low
1,0,1,0,0,0,0.93,Low
1,0,0,0,0,1,3.95,Medium
1,1,0,0,0,0,1.68,Low
0,1,1,0,0,0,5.4,Medium
1,0,0,0,0,0,0.76,Low
1,0,0,0,0,0,-1.52,Low
1,0,0,0,0,0,1.68,Low
1,1,0,1,1,0,6.12,High
0,0,0,0,0,0,2.09,Low
1,1,0,0,0,0,0.88,Low
1,0,0,0,0,0,-0.46,Low
0,1,1,0,0,0,6.09,High
1,0,0,0,0,0,0.05,Low
1,0,0,0,0,0,0.33,Low
1,1,0,0,0,0,1.63,Low
0,0,0,0,0,0,3.58,Medium
1,0,0,0,0,0,-0.12,Low
1,0,0,0,0,0,0.9,Low
1,0,0,0,1,0,1.88,Low
1,0,0,0,0,0,0.28,Low
1,0,0,0,0,0,0.28,Low
1,1,0,0,0,0,2.74,Medium
1,0,0,0,0,0,0.59,Low
1,0,0,0,0,0,-0.38,Low
1,0,1,0,1,1,7.93,High
0,0,1,0,0,1,6.21,High
0,1,0,0,1,0,5.05,Medium
1,0,1,0,0,0,0.77,Low
1,0,0,0,0,0,0.31,Low
1,0,1,0,0,0,0.18,Low
1,0,0,0,0,0,-0.06,Low
0,0,0,0,0,0,0.89,Low
1,1,0,0,0,0,1.78,Low
1,0,0,0,0,1,4.78,Medium
0,1,0,1,0,0,5.33,Medium
1,0,0,0,0,0,-0.98,Low
1,0,0,0,0,0,0.3,Low
1,0,0,0,0,0,-0.63,Low
1,0,0,0,0,0,1.94,Low
1,0,0,0,0,0,0.15,Low
0,0,1,1,0,0,5.82,High
0,0,0,0,0,0,0.95,Low
1,0,1,0,0,0,1.37,Low
0,0,1,0,0,0,2.2,Low
1,0,0,0,1,0,1.86,Low
0,0,0,0,1,0,3.4,Medium
1,0,0,0,0,0,0.83,Low
0,1,1,0,0,0,5.26,Medium
0,0,0,0,0,0,2.09,Low
1,0,0,1,1,0,5.09,Medium
0,0,0,1,0,0,4.01,Medium
0,0,1,1,1,0,7.82,High
0,1,0,0,1,0,7.44,High
1,0,1,1,1,0,5.11,Medium
0,1,0,0,0,0,4.21,Medium
0,0,0,0,0,0,2.76,Medium
1,0,0,0,0,0,1.15,Low
0,1,1,0,0,0,5.1,Medium
1,0,0,0,0,0,-0.51,Low
1,0,1,0,0,0,1.69,Low
1,0,0,1,1,0,4.46,Medium
1,0,0,0,0,0,0.69,Low
1,0,0,0,0,0,0.56,Low
1,1,0,0,0,0,2.17,Low
0,1,0,0,0,0,4.21,Medium
1,0,1,0,0,0,1.56,Low
1,0,1,0,1,0,1.84,Low
1,0,0,0,0,0,1.06,Low
1,1,0,0,0,0,2.36,Low
0,0,0,1,1,0,5.32,Medium
1,0,1,0,0,0,1.15,Low
0,0,0,0,0,0,3.05,Medium
1,0,1,1,0,0,3.23,Medium
1,0,0,1,1,0,3.41,Medium
1,1,0,1,1,0,4.98,Medium
1,0,1,0,0,0,2.97,Medium
1,1,0,0,0,0,0.61,Low
1,0,0,0,0,1,4.27,Medium
1,0,1,0,0,0,0.53,Low
0,1,0,0,0,0,4.83,Medium
1,0,0,0,0,0,-0.97,Low
1,1,0,0,0,0,3.29,Medium
1,0,0,1,1,0,3.9,Medium
1,0,0,1,1,1,7.82,High
0,1,0,0,0,0,3.75,Medium
1,0,0,0,0,0,-0.47,Low
1,1,0,0,0,0,1.71,Low
0,1,0,0,0,0,4.57,Medium
1,0,0,0,0,0,-1.38,Low
1,0,0,0,0,0,-0.6,Low
1,0,0,0,0,0,1.2,Low
1,0,0,0,0,0,-0.07,Low
0,0,0,0,1,0,3.54,Medium
0,0,1,0,0,0,1.98,Low
0,0,0,0,0,0,1.06,Low
1,1,0,0,0,0,2.79,Medium
1,0,0,1,1,0,3.34,Medium
0,0,0,0,0,0,2.64,Medium
1,1,0,1,0,0,3.22,Medium
1,0,1,0,0,0,0.9,Low
1,1,0,0,1,0,3.94,Medium
1,1,0,0,0,0,1.4,Low
1,0,0,0,0,0,0.06,Low
0,0,0,0,0,1,4.31,Medium
0,0,0,0,0,0,1.93,Low
1,0,0,0,0,0,0.36,Low
1,0,0,0,0,0,-0.67,Low
1,0,0,0,0,0,0.17,Low
0,0,0,1,0,0,4.12,Medium
1,0,0,0,0,0,0.15,Low
1,0,0,0,0,0,-1.08,Low
1,1,1,0,0,1,7.08,High
1,0,0,1,1,0,2.62,Medium
1,0,1,0,1,0,2.5,Low
0,1,0,0,0,0,4.0,Medium
1,0,0,1,1,0,4.17,Medium
1,0,0,0,1,0,1.03,Low
1,0,1,0,0,0,0.77,Low
1,0,0,0,0,0,0.64,Low
0,0,0,0,0,0,1.22,Low
1,0,0,0,0,0,-1.72,Low
0,1,0,1,0,0,6.42,High
1,0,0,1,1,0,3.25,Medium
1,1,0,0,0,0,1.49,Low
1,0,0,0,0,0,0.1,Low
1,1,0,0,0,0,2.06,Low
1,0,0,0,1,0,2.82,Medium
0,0,0,0,0,0,1.81,Low
1,1,0,0,0,0,2.05,Low
1,0,0,0,0,0,-1.35,Low
0,1,0,0,0,0,4.5,Medium
0,0,0,0,0,0,1.45,Low
1,0,0,1,1,0,6.58,High
0,0,0,0,1,0,3.83,Medium
1,0,0,0,0,0,0.34,Low
1,0,0,0,0,0,0.51,Low
0,0,0,0,0,0,1.93,Low
1,0,0,0,0,0,0.35,Low
1,0,0,0,1,0,3.8,Medium
1,1,0,0,0,1,5.4,Medium
0,0,1,0,0,0,1.21,Low
0,0,0,1,0,0,2.96,Medium
1,0,0,0,0,0,0.8,Low
1,0,0,0,0,0,-0.38,Low
1,0,0,0,0,0,1.87,Low
1,0,1,0,0,0,1.58,Low
1,0,1,0,0,0,0.48,Low
0,1,0,1,1,0,7.38,High
1,0,1,0,0,0,0.64,Low
1,0,0,0,0,0,-1.65,Low
1,0,0,0,0,0,0.22,Low
1,0,1,0,0,0,1.55,Low
0,0,0,0,0,0,1.23,Low
1,0,1,0,0,0,-0.24,Low
1,1,0,0,0,0,1.27,Low
1,1,0,0,0,0,2.8,Medium
1,1,1,0,0,0,3.64,Medium
1,0,0,0,0,0,0.17,Low
1,0,0,0,0,0,1.31,Low
1,0,0,0,0,0,-1.35,Low
1,0,0,0,0,0,-0.17,Low
1,0,1,0,0,0,1.45,Low
1,0,0,0,0,0,0.63,Low
0,0,0,0,1,0,4.64,Medium
1,0,0,0,0,0,0.58,Low
1,1,1,0,0,0,4.06,Medium
1,0,0,0,0,0,0.61,Low
1,0,0,0,0,0,-0.92,Low
0,0,0,0,0,0,1.64,Low
1,1,1,0,0,0,1.64,Low
1,0,1,0,0,0,1.8,Low
1,1,0,1,0,0,4.96,Medium
1,0,0,0,0,0,-0.98,Low
0,1,0,0,0,0,3.7,Medium
1,0,0,0,0,0,-1.4,Low
1,0,1,0,0,0,0.9,Low
1,1,0,0,0,0,1.34,Low
1,1,0,1,1,0,5.07,Medium
1,0,0,0,0,0,-0.02,Low
0,0,1,0,1,0,6.51,High
1,0,0,0,0,0,0.64,Low
0,1,0,0,0,1,7.8,High
1,0,0,0,0,0,-0.04,Low
1,0,1,0,0,0,2.5,Medium
1,0,0,1,1,0,5.01,Medium
0,1,0,0,0,0,3.75,Medium
1,0,0,0,0,0,0.4,Low
1,0,0,0,0,0,-0.8,Low
1,0,0,0,0,0,0.02,Low
1,0,0,0,0,0,0.61,Low
1,0,0,0,0,1,4.82,Medium
0,0,0,0,0,0,1.49,Low
0,0,1,0,0,0,3.8,Medium
1,0,1,1,0,0,3.12,Medium
0,1,0,0,0,0,3.77,Medium
1,1,0,0,0,0,3.53,Medium
1,0,0,0,0,1,3.71,Medium
1,1,0,0,0,1,5.11,Medium
1,1,0,0,0,0,1.46,Low
0,0,0,0,0,0,2.58,Medium
1,0,0,0,0,0,-0.79,Low
1,0,0,1,1,0,4.66,Medium
1,0,0,0,0,0,-0.68,Low
1,0,0,0,0,0,-0.06,Low
1,0,0,1,1,0,5.77,High
0,0,0,0,0,0,1.29,Low
0,0,0,0,0,0,0.38,Low
0,0,0,1,1,0,7.09,High
1,1,0,0,0,0,0.88,Low
1,0,0,0,1,0,1.35,Low
1,1,0,0,0,0,2.58,Medium
1,0,0,0,0,0,0.55,Low
1,0,0,1,0,0,0.1,Low
0,1,0,0,0,0,3.73,Medium
1,1,1,0,1,0,5.68,High
1,0,0,1,0,0,3.62,Medium
1,0,0,0,0,0,-0.99,Low
1,0,0,0,0,0,0.85,Low
1,0,0,1,1,0,3.47,Medium
0,0,0,0,1,0,4.83,Medium
1,1,0,0,0,1,5.17,Medium
0,0,0,0,0,0,1.82,Low
1,0,0,0,0,0,0.31,Low
1,0,0,0,0,1,4.76,Medium
1,1,0,0,0,0,2.46,Low
0,1,1,0,0,0,4.66,Medium
0,0,0,0,0,0,1.6,Low
1,0,0,0,0,0,1.42,Low
1,0,0,0,0,0,0.22,Low
1,0,0,0,0,1,3.62,Medium
1,0,0,1,0,0,2.43,Low
0,1,0,0,0,0,4.5,Medium
1,1,1,0,0,0,1.92,Low
1,0,0,0,0,0,0.39,Low
1,0,0,0,0,0,-1.21,Low
1,0,0,0,0,0,-0.52,Low
1,0,0,0,1,0,1.21,Low
1,0,0,0,0,0,-0.1,Low
1,0,0,0,0,0,-0.35,Low
1,0,0,0,0,0,-0.16,Low
1,0,1,0,0,0,-0.52,Low
0,0,0,0,1,0,3.94,Medium
1,0,0,1,0,0,1.12,Low
1,0,0,0,0,0,1.83,Low
1,0,0,1,1,0,3.68,Medium
1,0,0,0,0,1,3.79,Medium
1,0,0,0,0,0,0.56,Low
1,0,0,0,0,0,1.06,Low
1,0,1,0,0,0,0.06,Low
0,1,0,0,0,0,4.46,Medium
1,0,0,0,0,0,0.77,Low
1,0,0,0,0,0,0.15,Low
1,0,0,0,0,1,4.13,Medium
1,0,0,0,0,0,-0.41,Low
1,1,0,1,0,0,3.74,Medium
0,1,0,0,0,0,3.91,Medium
1,1,0,0,0,0,1.66,Low
1,0,0,0,1,0,2.71,Medium
1,0,0,0,0,0,-0.7,Low
1,0,0,0,0,0,0.68,Low
1,0,0,1,1,0,5.06,Medium
1,0,0,0,1,0,2.3,Low
1,1,0,0,0,0,0.57,Low
1,1,0,0,0,0,2.49,Low
1,0,0,0,0,0,-0.51,Low
0,1,0,0,0,0,3.58,Medium
1,0,0,0,0,0,0.29,Low
0,0,0,0,0,0,2.88,Medium
0,1,0,1,1,0,6.67,High
1,1,0,0,0,0,2.05,Low
1,0,1,0,0,0,2.59,Medium
1,0,0,0,0,0,-0.88,Low
1,0,0,0,0,0,-0.16,Low
1,0,0,0,0,0,-0.49,Low
0,1,1,0,0,0,5.56,High
0,0,0,0,0,0,1.0,Low
1,1,0,0,0,0,0.74,Low
1,0,1,0,0,0,1.67,Low
1,0,0,0,1,0,2.19,Low
0,0,0,1,1,0,5.05,Medium
1,0,1,0,0,0,0.95,Low
1,0,0,0,0,0,-1.03,Low
1,0,0,0,0,0,0.74,Low
1,0,0,0,0,0,0.22,Low
0,1,0,0,1,0,5.43,Medium
1,1,0,1,1,0,5.54,High
1,1,0,0,0,0,1.63,Low
0,0,0,0,0,0,1.14,Low
1,1,0,0,0,1,7.07,High
1,0,1,0,0,0,1.93,Low
1,0,0,0,0,0,-0.32,Low
1,0,0,0,0,0,-0.25,Low
1,1,0,0,1,0,3.1,Medium
1,0,0,0,0,0,-0.13,Low
1,0,0,0,0,0,0.39,Low
1,0,0,0,0,0,0.94,Low
0,0,0,0,0,0,1.28,Low
0,1,0,1,1,0,6.65,High
1,0,0,1,0,0,1.19,Low
1,0,0,0,0,0,0.44,Low
1,1,0,0,0,0,1.97,Low
1,0,0,0,0,0,0.79,Low
0,1,0,0,0,0,4.03,Medium
1,0,0,1,1,0,5.29,Medium
1,0,0,0,0,0,-1.27,Low
1,0,0,0,0,0,-1.99,Low
1,0,0,0,0,0,1.08,Low
1,1,0,1,1,0,5.36,Medium
1,0,1,0,0,0,1.11,Low
0,1,0,0,0,0,4.11,Medium
0,0,0,0,0,0,2.26,Low
1,0,0,0,0,0,-0.38,Low
1,0,1,1,1,0,4.24,Medium
0,0,0,1,0,0,3.17,Medium
1,0,1,0,0,0,1.48,Low
1,0,1,0,0,0,1.62,Low
1,0,1,0,1,0,2.8,Medium
0,0,1,0,0,0,2.52,Medium
1,0,0,0,0,0,0.45,Low
1,1,1,0,0,0,1.81,Low
0,0,0,0,0,0,3.56,Medium
0,0,1,0,0,0,3.36,Medium
0,0,0,0,0,0,1.87,Low
1,0,0,0,0,0,0.66,Low
1,0,0,1,0,0,2.5,Medium
1,0,0,0,0,0,0.19,Low
0,0,0,0,0,0,0.49,Low
1,0,0,0,0,0,0.33,Low
1,0,1,0,0,0,2.16,Low
0,0,0,0,0,0,1.56,Low
1,0,0,0,0,0,0.77,Low
1,0,0,0,0,0,0.68,Low
1,0,0,1,0,0,2.24,Low
1,0,0,0,0,0,0.14,Low
1,0,1,0,0,0,1.45,Low
1,0,0,1,0,0,2.33,Low
1,0,0,1,1,0,5.51,High
1,1,0,1,0,0,4.77,Medium
1,0,1,0,0,0,1.57,Low
1,0,0,0,0,0,0.85,Low
0,0,0,0,0,0,2.57,Medium
1,0,0,0,0,0,-1.66,Low
1,0,0,0,0,0,-0.09,Low
0,0,1,0,0,0,2.5,Medium
1,1,0,0,0,0,2.26,Low
0,0,0,0,0,0,1.55,Low
0,1,0,0,0,0,4.47,Medium
1,0,0,0,0,0,-0.34,Low
0,1,0,0,0,0,5.36,Medium
1,0,0,0,0,0,1.32,Low
1,0,0,0,0,0,-1.16,Low
1,0,1,0,0,0,1.26,Low
1,0,0,0,1,0,1.63,Low
0,1,0,0,1,0,6.2,High
1,1,0,0,0,0,2.47,Low
1,0,0,0,0,0,-1.02,Low
1,0,0,0,0,0,-0.78,Low
1,0,0,0,0,0,-0.68,Low
1,0,0,0,0,0,-0.44,Low
1,0,1,0,0,0,0.58,Low
0,1,0,0,0,0,4.64,Medium
1,0,0,1,0,0,2.18,Low
0,1,1,0,0,0,4.3,Medium
1,0,0,0,0,0,-0.26,Low
0,0,0,0,0,0,0.1,Low
1,0,0,0,1,0,3.62,Medium
1,0,0,0,0,0,0.01,Low
1,0,1,0,0,1,5.79,High
0,1,0,0,1,0,6.63,High
1,0,0,0,0,0,-0.03,Low
0,1,0,0,0,0,2.09,Low
1,0,0,0,0,1,3.55,Medium
1,0,0,0,0,0,0.28,Low
1,0,0,1,1,0,4.05,Medium
0,0,0,0,0,0,2.83,Medium
1,0,0,0,0,0,-0.0,Low
0,1,0,0,0,0,5.47,Medium
0,0,0,1,1,1,9.15,High
1,0,0,0,0,0,0.41,Low
1,1,0,0,0,0,1.18,Low
1,0,0,0,1,0,2.73,Medium
1,0,0,0,0,0,-0.6,Low
0,0,0,0,0,0,0.59,Low
1,0,1,1,1,0,3.81,Medium
1,0,0,0,0,0,-0.38,Low
0,0,0,0,0,0,3.25,Medium
1,0,0,1,0,0,2.59,Medium
1,0,0,0,0,0,0.36,Low
1,0,0,0,0,1,3.95,Medium
1,0,1,0,0,0,0.1,Low
1,0,0,0,0,0,-0.75,Low
0,0,0,0,0,0,1.56,Low
1,0,0,0,1,0,1.49,Low
1,1,0,0,0,0,1.47,Low
1,0,1,0,0,1,4.24,Medium
1,0,0,1,0,0,2.0,Low
1,0,1,0,0,0,0.4,Low
0,1,1,0,0,0,5.91,High
1,0,0,0,0,0,0.9,Low
1,0,0,0,0,0,0.48,Low
1,0,0,0,0,0,0.39,Low
1,0,1,0,0,0,-0.24,Low
1,1,0,0,0,0,3.83,Medium
1,1,0,1,1,0,5.77,High
1,1,0,0,0,0,2.63,Medium
1,0,0,0,0,0,0.67,Low
1,1,1,0,0,0,2.17,Low
1,0,0,0,0,0,-0.5,Low
0,0,0,0,0,0,2.32,Low
1,0,0,1,0,0,0.76,Low
1,0,0,0,0,0,-0.07,Low
1,1,0,1,0,0,2.08,Low
1,0,0,0,0,0,0.01,Low
1,0,0,0,0,0,1.1,Low
1,0,0,0,0,0,-0.0,Low
1,1,0,1,0,0,2.83,Medium
1,0,0,0,1,0,1.56,Low
1,1,1,0,0,0,3.49,Medium
1,0,1,0,1,0,3.13,Medium
1,0,0,0,0,0,0.36,Low
1,0,0,0,0,0,-0.14,Low
1,0,1,0,0,0,0.39,Low
1,0,0,0,0,0,0.1,Low
1,0,1,0,0,0,1.05,Low
1,0,1,0,0,0,1.82,Low
0,0,0,0,0,0,1.62,Low
1,0,0,0,0,0,0.04,Low
1,0,0,0,0,0,-0.12,Low
1,0,0,0,0,0,1.82,Low
0,0,1,0,0,0,2.4,Low
1,0,1,0,1,0,2.69,Medium
1,0,0,0,0,0,-0.77,Low
1,0,0,0,0,0,1.04,Low
1,0,0,0,0,0,1.1,Low
1,0,0,0,0,0,-0.17,Low
1,1,0,0,1,0,4.95,Medium
0,0,1,0,0,0,3.26,Medium
0,1,0,0,0,0,4.56,Medium
1,0,0,0,0,1,3.2,Medium
1,0,0,0,0,0,0.13,Low
0,0,0,0,0,1,7.5,High
1,0,0,0,1,0,3.18,Medium
1,0,0,0,0,0,0.64,Low
1,0,0,0,0,0,0.76,Low
1,1,0,0,0,0,3.95,Medium
1,0,0,0,1,1,6.63,High
1,0,0,0,0,0,-0.53,Low
1,0,1,1,1,0,5.97,High
1,0,1,0,0,0,0.94,Low
1,0,0,0,0,1,4.39,Medium
1,0,0,0,0,0,0.09,Low
0,1,1,0,0,0,4.43,Medium
1,0,0,0,0,0,0.25,Low
1,0,0,0,0,0,0.77,Low
0,0,0,1,0,0,4.59,Medium
0,1,0,0,0,0,4.38,Medium
1,0,0,0,0,0,-0.16,Low
1,0,0,0,1,0,0.67,Low
1,0,0,0,1,0,1.96,Low
0,0,1,0,0,0,3.44,Medium
0,0,1,0,1,0,3.27,Medium
0,1,0,0,0,0,3.95,Medium
1,0,0,0,0,0,-0.08,Low
1,0,0,0,0,0,-0.73,Low
1,0,0,0,0,0,0.61,Low
1,0,0,0,0,0,0.76,Low
1,1,0,0,0,0,3.45,Medium
1,0,0,0,0,0,-0.02,Low
1,0,0,0,0,0,1.03,Low
1,0,0,0,0,0,-0.66,Low
1,0,1,0,0,0,0.7,Low
1,0,0,0,0,0,0.54,Low
1,0,1,0,0,0,0.48,Low
1,0,1,0,0,0,0.87,Low
0,0,0,1,1,0,6.67,High
1,0,0,0,0,0,-0.0,Low
0,1,0,0,0,0,3.26,Medium
1,0,0,0,0,0,-0.47,Low
1,0,0,0,0,0,-0.22,Low
1,1,0,0,0,0,2.47,Low
1,0,0,0,0,0,-0.26,Low
0,1,0,0,0,0,2.04,Low
1,0,0,0,0,0,0.63,Low
0,0,0,0,0,0,2.52,Medium
1,0,0,0,0,0,-0.85,Low
0,0,0,0,0,0,1.09,Low
1,1,0,0,0,0,3.08,Medium
0,1,1,1,1,0,8.81,High
1,0,0,0,0,0,0.6,Low
1,0,0,0,0,0,-0.56,Low
1,0,0,0,0,0,0.52,Low
0,1,0,0,0,0,3.26,Medium
1,0,0,0,0,0,0.34,Low
1,0,0,0,0,0,0.29,Low
0,1,1,0,0,1,7.35,High
1,0,0,0,0,0,0.1,Low
1,0,0,0,1,0,1.43,Low
1,0,0,0,0,1,4.87,Medium
1,1,0,0,0,0,2.19,Low
0,1,0,1,0,0,5.8,High
0,0,0,0,0,0,3.22,Medium
1,0,1,0,1,0,1.48,Low
0,0,0,1,0,0,5.54,High
1,0,0,0,0,0,1.5,Low
1,0,0,0,0,0,-0.31,Low
1,0,0,0,1,0,2.71,Medium
1,0,1,1,0,0,3.39,Medium
1,0,0,0,0,0,-1.99,Low
0,1,0,0,0,0,3.91,Medium
0,0,1,1,1,0,5.99,High
1,0,0,0,0,0,-1.08,Low
1,0,0,0,0,0,-0.23,Low
1,0,0,1,0,0,1.8,Low
0,1,0,0,0,0,4.97,Medium
0,0,0,0,0,0,1.4,Low
1,0,0,0,0,0,-0.32,Low
0,0,1,0,1,0,6.09,High
1,0,0,0,0,0,-0.15,Low
1,0,1,0,0,0,0.59,Low
1,0,0,0,0,1,4.69,Medium
1,0,0,0,0,0,0.42,Low
1,0,0,0,0,0,0.08,Low
1,0,1,0,0,0,1.74,Low
1,0,0,0,1,0,1.0,Low
1,0,0,0,0,0,-0.47,Low
1,0,0,0,0,0,1.6,Low
1,0,1,0,0,0,-1.43,Low
1,1,1,0,0,0,2.46,Low
0,0,0,0,0,0,1.05,Low
1,1,0,0,0,0,2.06,Low
1,1,0,0,0,0,2.48,Low
1,0,1,0,0,0,1.89,Low
0,0,0,0,0,0,1.67,Low
0,1,0,0,0,0,3.26,Medium
1,0,1,0,0,0,-0.16,Low
1,0,0,0,0,0,0.04,Low
0,0,0,0,0,0,3.7,Medium
1,1,0,0,0,0,1.53,Low
1,0,0,0,0,0,-0.06,Low
1,0,0,0,0,0,0.11,Low
1,0,0,0,0,0,-0.34,Low
1,0,0,0,0,0,1.14,Low
1,0,0,0,0,0,0.97,Low
1,0,0,0,0,0,0.65,Low
0,1,1,0,0,0,5.77,High
1,0,0,0,1,0,1.45,Low
0,0,0,0,0,0,1.08,Low
1,0,0,0,0,0,-0.54,Low
1,0,0,0,0,0,0.22,Low
1,0,1,0,0,0,0.74,Low
0,0,0,0,0,0,2.46,Low
0,0,0,0,0,0,2.09,Low
1,0,1,0,0,0,-0.07,Low
0,0,0,0,0,0,2.99,Medium
1,0,0,0,0,0,-0.41,Low
0,1,1,0,0,0,5.63,High
1,0,0,0,0,0,-0.68,Low
0,1,0,0,0,0,3.3,Medium
1,0,0,0,0,0,-0.74,Low
1,0,1,0,1,0,1.85,Low
1,0,0,1,1,0,2.87,Medium
1,0,0,0,0,0,0.3,Low
1,0,1,1,0,0,2.26,Low
1,0,0,0,0,0,0.28,Low
1,0,0,0,0,0,0.08,Low
1,0,0,0,0,0,0.7,Low
1,0,0,0,0,0,-0.81,Low
1,0,0,0,1,0,2.85,Medium
0,1,1,0,0,0,4.28,Medium
1,0,0,0,0,0,-2.19,Low
1,1,0,0,0,1,6.15,High
1,0,0,0,0,0,-0.7,Low
1,0,0,0,0,0,1.2,Low
1,0,0,0,0,0,0.24,Low
1,0,0,1,0,0,1.93,Low
1,0,0,0,0,0,0.16,Low
0,0,1,0,0,0,2.6,Medium
1,0,0,0,0,0,1.35,Low
1,0,0,0,0,0,-0.44,Low
1,0,0,0,0,0,0.37,Low
1,0,1,0,0,0,0.34,Low
0,1,1,1,0,0,7.0,High
1,0,0,0,0,0,-0.99,Low
1,0,0,0,0,0,0.18,Low
1,0,0,0,0,0,0.05,Low
1,0,0,0,0,0,0.44,Low
1,0,1,0,0,0,1.37,Low
0,1,0,0,0,0,4.02,Medium
0,0,0,0,0,0,3.63,Medium
0,0,0,0,0,0,1.99,Low
0,0,0,0,1,0,4.03,Medium
1,0,0,1,0,0,1.93,Low
1,1,0,0,0,0,2.16,Low
0,1,0,0,0,0,3.77,Medium
0,0,0,0,0,0,1.71,Low
0,1,0,0,0,0,4.6,Medium
1,1,0,1,0,0,3.96,Medium
1,0,0,0,0,0,0.84,Low
0,0,0,1,0,0,2.48,Low
1,1,1,0,1,0,6.22,High
0,0,1,0,0,0,3.72,Medium
1,0,0,0,0,0,-0.04,Low
1,0,0,0,0,0,-0.06,Low
1,0,0,0,0,0,0.51,Low
0,0,0,1,0,0,3.18,Medium
1,0,0,0,1,0,2.03,Low
1,0,0,0,0,0,0.12,Low
0,0,0,0,0,0,0.36,Low
1,0,1,0,0,0,1.28,Low
0,0,1,0,0,0,1.92,Low
1,0,0,0,0,0,0.87,Low
0,1,0,0,0,0,5.07,Medium
1,0,0,0,0,0,1.21,Low
0,0,0,0,0,0,1.74,Low
0,0,0,0,0,0,1.73,Low
1,0,0,0,0,0,-1.58,Low
1,0,0,0,0,0,0.54,Low
1,0,0,0,1,1,4.79,Medium
1,0,0,0,0,0,-1.16,Low
0,0,1,0,0,0,2.76,Medium
1,0,0,0,0,1,3.12,Medium
1,0,0,0,0,0,-0.77,Low
1,0,0,0,0,0,0.04,Low
0,1,0,0,0,0,4.71,Medium
0,0,1,0,0,0,3.43,Medium
1,0,0,0,1,0,2.15,Low
1,0,0,0,1,0,2.92,Medium
1,0,0,0,0,0,0.1,Low
1,1,1,0,0,0,2.58,Medium
1,0,0,0,0,0,-0.62,Low
1,0,1,0,0,0,1.44,Low
1,0,0,0,0,0,-0.88,Low
1,0,0,0,0,1,4.28,Medium
1,0,0,0,1,0,1.66,Low
1,0,0,0,0,0,-0.67,Low
1,1,0,0,0,0,1.32,Low
0,1,0,0,0,0,4.77,Medium
1,0,0,1,0,0,1.31,Low
1,0,1,1,0,0,2.78,Medium
1,0,0,0,0,0,-0.37,Low
0,0,0,0,1,0,4.85,Medium
0,1,0,0,0,0,5.23,Medium
1,0,0,0,1,0,2.73,Medium
1,0,0,0,0,0,-0.3,Low
1,0,0,0,0,0,0.27,Low
1,0,1,0,0,0,0.27,Low
1,1,0,0,1,0,4.17,Medium
1,1,1,0,0,0,1.59,Low
1,0,0,0,0,0,0.19,Low
1,0,0,1,0,0,1.96,Low
1,1,0,1,0,0,4.35,Medium
1,0,0,0,0,0,-0.01,Low
1,0,0,0,0,0,0.67,Low
1,0,1,0,0,0,0.39,Low
1,1,0,0,0,0,2.61,Medium
0,1,0,1,0,0,6.38,High
1,0,1,0,0,0,1.87,Low
1,1,0,0,0,0,2.93,Medium
0,1,1,0,1,0,6.24,High
1,1,0,0,0,0,2.41,Low
1,0,0,0,0,0,-0.93,Low
1,0,0,1,1,0,4.93,Medium
0,0,0,0,0,0,1.32,Low
0,0,0,0,0,0,1.7,Low
1,0,0,1,1,0,4.17,Medium
1,0,0,0,0,0,0.59,Low
1,0,1,0,0,0,1.3,Low
1,0,0,0,0,0,0.61,Low
1,0,0,1,1,0,4.01,Medium
1,0,1,0,0,1,5.2,Medium
1,0,1,1,0,0,1.59,Low
0,0,0,0,1,0,4.82,Medium
1,0,1,0,0,0,0.77,Low
1,0,0,0,0,0,-0.34,Low
1,0,0,0,0,0,1.55,Low
0,0,0,0,0,0,-0.17,Low
1,0,0,1,0,0,2.08,Low
1,0,0,0,0,0,-1.79,Low
1,0,0,0,0,0,0.27,Low
1,0,0,0,0,0,-0.56,Low
0,0,1,0,0,0,0.65,Low
1,0,0,0,0,0,0.87,Low
1,0,1,1,0,0,1.97,Low
1,0,0,0,0,0,0.76,Low
1,0,1,0,0,0,0.22,Low
0,1,0,0,0,0,3.63,Medium
1,0,1,0,0,0,-0.83,Low
1,0,0,0,0,0,0.34,Low
1,0,0,0,0,0,-0.46,Low
1,1,0,0,0,0,1.71,Low
0,0,0,0,0,0,1.92,Low
1,0,0,1,1,0,2.68,Medium
0,0,0,0,0,0,2.55,Medium
0,0,0,0,0,0,1.55,Low
1,0,0,0,0,0,1.84,Low
1,0,0,0,0,0,-0.38,Low
1,0,0,0,0,0,-0.31,Low
1,0,0,0,0,0,-1.09,Low
1,0,0,1,0,0,0.71,Low
1,0,0,1,0,0,2.7,Medium
1,0,0,0,0,0,0.85,Low
1,1,0,0,0,0,1.55,Low
1,0,1,0,0,0,1.1,Low
1,0,0,1,0,0,2.99,Medium
1,0,1,0,0,0,1.23,Low
1,1,0,0,0,0,2.39,Low
0,0,0,0,0,0,2.07,Low
1,0,0,0,0,0,-0.52,Low
0,1,1,0,0,1,9.31,High
1,0,0,0,1,0,3.49,Medium
1,0,0,0,0,0,-0.42,Low
1,0,0,0,0,0,0.69,Low
1,0,0,0,0,0,0.15,Low
1,0,0,0,0,0,-0.47,Low
1,0,0,0,0,0,0.72,Low
1,0,0,0,0,0,0.62,Low
1,0,1,0,0,0,1.46,Low
1,0,1,0,0,0,2.4,Low
0,0,0,1,0,0,5.47,Medium
1,0,0,0,0,0,0.04,Low
1,0,0,0,0,0,-0.08,Low
1,0,0,0,0,0,-1.14,Low
0,0,0,0,0,0,3.23,Medium
0,1,0,1,1,0,7.94,High
1,0,1,0,0,0,0.51,Low
0,1,1,0,0,0,4.25,Medium
1,0,0,0,0,0,-0.75,Low
1,1,0,0,0,0,3.41,Medium
0,1,1,0,0,0,5.72,High
0,0,1,0,0,0,1.81,Low
1,0,0,0,0,0,-1.16,Low
0,0,0,0,0,0,2.1,Low
1,0,0,0,0,0,-0.81,Low
0,0,0,1,0,0,3.8,Medium
1,0,0,0,0,0,1.24,Low
1,1,1,1,1,1,11.86,High
1,1,0,0,0,0,0.63,Low
1,0,0,0,0,0,-0.81,Low
1,0,0,0,0,0,0.2,Low
1,0,0,0,0,0,0.9,Low
1,0,1,0,0,0,0.34,Low
1,0,0,0,0,0,0.29,Low
1,0,1,0,0,0,0.64,Low
1,0,0,0,0,0,1.4,Low
1,1,0,0,0,0,2.5,Low
1,0,0,0,0,0,-0.15,Low
0,1,0,0,0,0,2.8,Medium
0,0,0,0,0,0,1.15,Low
1,0,1,0,0,0,-1.02,Low
1,1,0,1,0,0,4.22,Medium
1,0,0,0,1,0,2.53,Medium
1,0,0,0,1,0,2.57,Medium
1,0,0,0,0,0,-0.49,Low
0,0,0,0,0,0,3.02,Medium
1,1,1,0,0,0,4.27,Medium
1,0,0,1,1,0,3.47,Medium
1,0,1,0,0,0,1.95,Low
0,0,0,0,0,0,2.11,Low
1,0,0,0,0,0,-0.42,Low
1,0,0,0,0,0,0.98,Low
1,0,0,0,0,0,-0.97,Low
1,0,0,0,0,0,-1.19,Low
1,1,0,0,0,0,1.68,Low
1,0,0,0,0,0,-0.18,Low
0,1,0,0,0,0,2.69,Medium
1,1,0,0,0,0,2.39,Low
1,0,0,0,0,0,-0.62,Low
1,0,0,0,0,0,-1.05,Low
1,0,1,0,1,0,3.52,Medium
1,0,0,0,0,0,-0.34,Low
1,0,0,0,0,0,0.85,Low
1,0,1,0,0,0,1.37,Low
0,0,0,0,0,1,5.84,High
1,0,0,0,1,0,2.88,Medium
1,0,1,0,0,0,1.34,Low
0,1,0,0,0,0,3.98,Medium
1,0,0,0,0,0,0.41,Low
1,0,0,0,0,0,0.44,Low
1,0,0,0,0,0,-0.88,Low
1,0,0,0,0,0,1.89,Low
0,0,0,0,0,0,2.05,Low
1,0,0,0,0,0,0.07,Low
1,1,0,0,0,0,0.59,Low
1,0,0,0,0,0,0.1,Low
1,0,0,0,0,0,0.14,Low
1,0,0,0,0,0,-0.92,Low
1,0,0,0,0,0,-0.83,Low
0,0,0,0,0,0,1.28,Low
0,1,0,0,0,0,3.76,Medium
1,1,0,0,0,0,2.17,Low
1,0,0,0,0,0,-0.18,Low
0,0,0,0,0,0,2.24,Low
1,0,0,0,0,0,0.54,Low
1,0,1,0,0,0,1.43,Low
1,0,0,0,1,0,2.29,Low
0,1,0,0,0,0,4.23,Medium
0,1,0,0,0,0,4.23,Medium
1,1,0,0,0,0,1.88,Low
1,0,0,0,0,0,-0.53,Low
1,0,0,1,1,0,3.93,Medium
1,0,0,0,0,0,0.52,Low
1,0,0,0,0,0,0.52,Low
0,0,1,0,0,0,3.41,Medium
1,0,1,0,0,0,0.62,Low
0,1,0,0,0,0,3.83,Medium
1,0,0,0,0,0,-0.17,Low
1,0,1,0,0,0,0.51,Low
1,0,0,0,0,0,0.72,Low
1,0,0,0,0,0,-1.47,Low
1,0,0,0,0,0,1.62,Low
0,0,0,0,1,0,5.66,High
0,1,1,0,1,0,7.04,High
1,0,0,1,1,0,4.32,Medium
1,0,0,0,0,0,0.68,Low
0,0,0,0,0,0,1.39,Low
1,0,1,0,0,0,1.45,Low
1,1,0,0,0,0,3.06,Medium
1,1,0,0,0,0,0.56,Low
0,0,1,0,0,0,1.85,Low
1,0,0,0,0,0,0.6,Low
1,0,0,1,0,0,1.78,Low
0,0,0,1,0,0,3.69,Medium
1,0,0,0,0,0,-0.26,Low
1,1,0,0,0,0,1.1,Low
1,0,0,0,0,0,-0.33,Low
0,1,0,0,0,0,2.94,Medium
1,0,0,0,0,0,1.05,Low
0,0,0,0,0,0,2.11,Low
1,0,0,0,1,0,2.09,Low
1,0,1,0,0,0,1.53,Low
0,0,0,0,0,0,4.23,Medium
1,0,0,1,0,0,1.16,Low
1,0,0,0,0,0,-1.47,Low
1,0,0,0,0,0,-0.02,Low
1,0,0,0,0,0,-1.46,Low
1,0,0,1,1,0,3.73,Medium
1,0,0,0,0,0,0.7,Low
1,0,0,0,0,0,1.22,Low
0,0,0,0,0,0,0.75,Low
1,1,0,0,0,0,1.25,Low
0,1,0,0,0,0,4.29,Medium
1,0,0,0,0,0,0.6,Low
1,0,0,0,0,1,4.65,Medium
1,1,0,0,0,0,3.18,Medium
1,0,1,0,0,0,1.58,Low
1,0,1,0,0,0,0.9,Low
0,1,0,1,0,0,6.85,High
0,1,0,0,0,0,4.06,Medium
0,0,0,0,0,0,2.22,Low
1,0,0,0,0,0,-0.4,Low
0,0,0,1,0,0,4.13,Medium
1,0,0,0,0,1,2.7,Medium
1,1,0,0,0,0,2.83,Medium
0,1,0,1,0,0,5.19,Medium
1,0,1,0,0,0,0.29,Low
1,0,0,0,0,0,-1.86,Low
1,0,0,0,0,0,-0.66,Low
1,0,0,0,0,0,-0.77,Low
1,0,0,0,0,0,0.17,Low
1,1,1,0,0,0,1.96,Low
0,1,0,0,1,0,5.64,High
1,0,0,0,0,0,-0.54,Low
1,0,0,0,0,0,-1.41,Low
1,0,0,0,1,0,2.19,Low
1,0,0,0,0,0,-0.18,Low
1,0,0,0,0,1,4.03,Medium
1,0,0,0,0,0,0.66,Low
0,0,0,0,0,0,2.01,Low
0,1,0,0,0,0,3.73,Medium
0,0,0,1,0,0,4.74,Medium
0,1,0,0,0,0,3.74,Medium
1,1,0,0,0,0,1.6,Low
0,0,0,0,0,1,6.54,High
1,0,0,0,0,0,-0.62,Low
1,1,0,0,0,0,2.93,Medium
1,0,0,0,0,0,0.13,Low
1,0,0,0,0,0,1.26,Low
1,0,0,1,0,0,1.95,Low
0,0,0,0,0,0,2.76,Medium
1,0,0,0,0,0,-1.31,Low
1,0,1,0,0,0,2.03,Low
1,1,0,0,0,0,2.55,Medium
1,0,0,0,0,0,-0.52,Low
1,0,1,0,0,0,1.69,Low
1,0,1,0,1,0,1.99,Low
1,0,0,0,0,0,-0.4,Low
1,1,1,0,0,0,2.32,Low
0,1,1,0,0,0,5.74,High
1,0,0,0,0,0,1.0,Low
1,1,0,0,0,0,1.64,Low
1,0,0,0,0,0,-1.02,Low
1,0,0,0,0,0,-0.78,Low
0,0,0,0,0,0,2.07,Low
1,0,0,0,0,0,0.02,Low
1,1,0,0,0,0,1.73,Low
0,0,0,1,0,0,3.34,Medium
1,0,1,0,0,0,2.3,Low
1,0,0,0,0,0,-0.5,Low
1,0,0,0,0,0,-0.67,Low
0,0,0,0,0,0,2.92,Medium
0,0,0,0,0,0,1.77,Low
1,0,0,0,0,0,0.41,Low
1,0,0,0,1,0,1.3,Low
1,0,0,0,0,0,0.4,Low
0,0,1,0,0,0,3.59,Medium
0,0,0,0,0,0,1.11,Low
1,0,1,0,0,0,0.57,Low
0,1,0,0,0,0,3.28,Medium
1,0,0,1,1,0,3.58,Medium
1,0,0,0,0,0,1.28,Low
1,0,1,0,0,0,1.21,Low
1,0,0,0,0,0,1.56,Low
0,0,1,0,0,0,4.19,Medium
1,0,1,0,0,0,1.9,Low
1,0,0,0,0,0,1.16,Low
0,0,0,0,0,0,2.93,Medium
0,0,0,1,0,0,5.36,Medium
1,0,0,0,0,0,0.44,Low
1,0,0,1,0,0,2.55,Medium
1,0,0,0,0,0,0.53,Low
1,0,0,1,1,0,3.65,Medium
0,1,0,0,0,0,4.68,Medium
0,1,0,1,0,0,7.01,High
1,1,0,0,0,0,1.52,Low
1,0,1,0,0,1,4.31,Medium
1,0,0,0,1,0,1.56,Low
0,1,0,0,0,0,5.09,Medium
1,0,0,0,0,0,-0.19,Low
1,0,1,0,0,0,0.12,Low
1,0,1,0,1,0,2.17,Low
1,0,0,1,0,0,1.28,Low
1,0,0,0,0,0,-0.57,Low
1,1,0,1,0,0,2.88,Medium
0,0,0,1,0,1,8.48,High
0,0,0,0,0,0,1.85,Low
0,1,0,0,0,0,4.43,Medium
1,0,0,0,0,0,-1.84,Low
1,1,0,0,0,0,2.86,Medium
1,0,0,0,0,1,3.93,Medium
1,0,0,0,0,0,0.4,Low
0,1,0,0,0,0,5.22,Medium
1,0,0,0,1,0,2.29,Low
1,0,0,0,0,0,1.69,Low
0,0,0,0,0,0,0.5,Low
0,0,0,0,1,0,3.75,Medium
1,0,0,0,0,0,-1.44,Low
1,0,1,0,0,0,1.25,Low
1,0,1,0,0,1,5.06,Medium
1,0,0,0,0,0,-0.87,Low
1,0,0,0,0,0,1.74,Low
1,0,0,0,0,0,-0.29,Low
0,1,1,0,0,0,3.24,Medium
1,0,0,1,0,0,2.54,Medium
1,1,0,1,0,0,4.56,Medium
1,0,0,0,1,1,5.62,High
1,1,1,0,0,0,3.63,Medium
0,1,0,0,0,0,3.24,Medium
1,0,0,0,0,0,-0.33,Low
1,0,0,0,0,0,0.31,Low
1,0,0,0,0,0,0.74,Low
0,0,0,0,0,0,1.82,Low
1,0,0,1,1,1,7.61,High
0,1,0,0,1,0,5.97,High
1,0,0,0,0,0,-1.64,Low
1,0,0,0,0,0,-0.22,Low
1,0,0,0,0,0,-1.58,Low
0,0,0,1,0,0,3.33,Medium
0,0,0,1,0,0,2.86,Medium
1,1,0,0,0,0,2.42,Low
1,0,0,0,0,0,-0.58,Low
1,0,0,0,0,0,0.99,Low
1,0,0,0,0,0,-1.48,Low
1,0,0,1,1,0,3.81,Medium
0,0,1,0,0,0,3.07,Medium
0,0,0,0,0,0,2.39,Low
1,0,0,0,0,0,1.72,Low
1,0,0,0,0,0,-1.57,Low
0,0,0,0,0,0,1.39,Low
0,0,0,0,1,0,5.6,High
1,0,0,0,0,0,-0.74,Low
1,1,0,0,0,0,2.35,Low
1,1,0,0,0,0,1.25,Low
1,0,0,1,0,0,0.88,Low
1,0,0,0,1,0,1.35,Low
1,0,0,0,0,0,1.58,Low
1,0,0,0,0,0,-0.93,Low
1,0,0,1,0,0,1.76,Low
1,1,0,0,0,0,1.8,Low
1,0,0,0,0,1,4.73,Medium
0,1,0,0,0,0,4.9,Medium
0,1,1,0,0,0,5.09,Medium
1,0,1,0,0,0,-1.55,Low
1,1,1,0,0,0,2.29,Low
0,1,1,1,0,0,6.04,High
1,1,0,0,0,0,2.93,Medium
1,0,0,0,0,0,-0.74,Low
1,0,0,0,1,0,3.35,Medium
1,0,0,0,0,0,0.33,Low
1,0,0,0,0,0,0.91,Low
0,0,0,0,0,0,3.8,Medium
1,1,1,0,0,1,6.24,High
1,0,0,1,0,0,0.7,Low
0,1,1,0,0,0,5.15,Medium
1,0,0,0,1,0,2.76,Medium
1,0,0,0,0,0,-0.53,Low
1,0,0,0,0,0,0.03,Low
1,0,0,0,0,0,0.97,Low
1,1,0,0,0,0,2.89,Medium
1,0,0,1,0,0,1.53,Low
1,0,0,0,0,0,0.22,Low
1,0,0,0,0,0,-0.75,Low
1,0,0,0,0,0,-1.16,Low
1,0,1,0,0,0,2.09,Low
1,0,0,1,0,0,0.29,Low
1,0,0,0,0,0,0.15,Low
1,0,0,0,0,0,-0.3,Low
0,0,0,1,0,0,4.44,Medium
1,0,0,0,0,0,-0.55,Low
1,0,0,0,0,0,0.91,Low
0,0,1,0,0,0,2.82,Medium
1,1,0,0,0,0,3.16,Medium
1,0,1,0,0,0,1.18,Low
0,0,0,0,0,0,1.16,Low
0,0,0,1,1,0,6.43,High
1,0,0,0,0,0,0.33,Low
1,0,0,0,0,0,-0.09,Low
1,0,0,0,0,0,-0.6,Low
0,0,0,0,0,0,2.69,Medium
1,1,0,0,0,0,1.23,Low
1,1,0,0,0,0,1.31,Low
0,0,0,0,0,0,2.42,Low
1,0,0,0,0,0,-0.17,Low
0,1,0,0,0,0,2.43,Low
1,0,0,1,1,0,3.23,Medium
1,0,0,0,0,0,0.32,Low
1,1,0,0,0,0,1.78,Low
0,1,0,0,0,1,7.92,High
1,0,1,0,0,0,1.21,Low
1,0,0,0,0,1,4.37,Medium
1,0,0,0,0,0,0.09,Low
1,1,0,0,0,0,-0.66,Low
0,1,0,0,0,0,3.96,Medium
1,0,1,0,0,0,0.59,Low
1,0,0,0,1,0,2.02,Low
0,0,0,0,0,0,2.85,Medium
1,0,0,0,0,0,-0.86,Low
1,0,0,0,1,0,2.06,Low
1,0,0,1,0,0,2.38,Low
0,1,1,0,0,0,4.75,Medium
1,0,1,0,0,0,-0.05,Low
1,0,0,0,0,0,-0.96,Low
1,0,0,0,0,0,-0.03,Low
1,0,0,0,0,0,-0.5,Low
1,0,0,1,0,0,0.46,Low
1,0,0,0,0,0,-0.64,Low
1,1,0,0,0,0,0.96,Low
1,0,0,1,0,0,2.6,Medium
1,0,0,1,1,0,2.81,Medium
1,0,0,0,0,0,1.14,Low
0,1,1,0,0,0,6.73,High
0,0,0,0,0,0,1.41,Low
1,0,1,1,0,0,2.51,Medium
1,0,0,0,1,0,2.76,Medium
1,0,0,1,1,0,4.87,Medium
0,1,0,0,0,0,3.61,Medium
0,1,0,0,1,0,5.65,High
0,0,0,0,0,0,1.65,Low
1,0,1,0,0,0,0.32,Low
1,0,0,1,0,0,2.73,Medium
1,0,0,0,0,0,0.12,Low
1,1,0,0,0,0,1.42,Low
1,1,1,0,0,0,3.05,Medium
0,0,0,0,0,0,1.7,Low
1,0,0,0,0,0,2.0,Low
1,0,1,0,0,0,0.8,Low
1,0,0,0,0,0,0.59,Low
0,0,0,0,1,0,4.35,Medium
1,0,0,0,0,0,-0.12,Low
1,0,0,0,0,0,0.35,Low
0,0,1,0,0,0,3.17,Medium
1,0,0,1,0,0,3.99,Medium
1,0,0,0,0,0,-0.08,Low
1,0,1,0,0,0,-1.09,Low
1,0,0,0,0,0,1.75,Low
0,1,1,0,0,0,4.59,Medium
0,0,0,0,0,0,2.07,Low
1,1,0,0,0,0,1.56,Low
1,1,0,0,0,0,1.52,Low
1,0,1,0,0,0,0.11,Low
1,0,0,0,0,0,-1.6,Low
1,1,1,0,0,0,2.43,Low
1,0,0,0,0,0,0.41,Low
1,1,0,0,0,0,0.68,Low
0,1,0,0,0,0,4.4,Medium
1,0,0,0,0,0,1.86,Low
1,0,0,0,0,0,0.23,Low
1,0,1,0,0,0,-0.11,Low
0,1,0,0,1,0,6.32,High
1,0,0,0,0,0,0.77,Low
1,0,1,1,1,0,6.04,High
1,0,0,0,0,0,0.15,Low
1,0,1,0,1,0,3.48,Medium
1,0,0,0,0,0,0.68,Low
0,0,0,0,0,0,2.48,Low
0,1,0,0,0,0,4.25,Medium
0,0,0,0,0,0,1.49,Low
1,0,0,0,0,0,0.76,Low
1,0,1,0,0,0,0.57,Low
1,1,1,0,0,0,5.08,Medium
0,0,0,0,0,0,1.49,Low
1,0,1,1,0,0,3.64,Medium
1,0,0,0,1,0,0.98,Low
1,0,1,0,0,0,0.62,Low
1,0,0,0,0,0,-0.47,Low
1,0,0,0,0,0,-1.09,Low
1,0,0,0,0,0,-0.46,Low
1,0,0,0,0,0,0.29,Low
0,0,0,0,0,0,1.8,Low
1,0,0,0,0,0,0.95,Low
1,0,0,0,0,0,-0.75,Low
1,1,0,0,0,0,2.56,Medium
1,0,1,1,1,0,4.53,Medium
0,1,0,0,0,0,4.9,Medium
1,0,0,1,1,0,4.63,Medium
1,0,0,0,0,0,0.81,Low
1,0,0,0,0,1,3.87,Medium
0,0,0,0,1,0,5.06,Medium
1,0,0,0,0,0,-1.33,Low
1,0,0,0,0,1,4.36,Medium
1,1,0,0,0,0,2.11,Low
1,0,0,0,1,0,2.67,Medium
1,0,1,0,0,0,0.94,Low
0,0,0,0,0,0,1.21,Low
1,0,0,0,0,0,-0.87,Low
0,0,0,1,1,0,5.99,High
1,0,0,0,0,0,-0.21,Low
1,0,0,0,0,0,0.69,Low
1,0,0,0,0,0,0.76,Low
0,1,0,1,1,0,8.04,High
1,1,0,0,0,0,2.02,Low
0,1,0,1,1,0,8.85,High
0,1,0,0,0,0,3.8,Medium
0,0,0,0,0,0,1.84,Low
1,0,0,0,0,0,-1.06,Low
1,1,0,0,0,0,2.7,Medium
0,0,0,0,0,0,1.93,Low
1,0,0,0,0,0,0.91,Low
1,0,0,0,0,0,-0.97,Low
1,0,0,0,0,0,-0.39,Low
1,1,0,0,0,0,2.76,Medium
1,0,0,0,0,0,0.26,Low
1,1,0,0,0,0,1.05,Low
1,0,1,0,0,0,1.74,Low
1,0,0,0,0,0,-1.04,Low
1,0,0,0,0,0,0.66,Low
1,0,0,0,0,0,-0.78,Low
1,0,0,0,0,0,0.97,Low
1,0,0,0,0,0,0.09,Low
1,0,0,0,0,0,0.28,Low
1,0,0,0,1,0,1.94,Low
1,0,0,0,1,0,2.07,Low
1,1,0,0,0,0,2.07,Low
1,0,1,0,0,0,1.56,Low
0,1,1,0,0,0,4.95,Medium
1,0,0,0,0,0,1.17,Low
1,1,0,0,1,0,3.41,Medium
1,0,0,0,0,0,0.69,Low
1,0,0,0,0,0,0.45,Low
1,0,0,0,0,1,4.99,Medium
1,0,0,0,0,0,0.1,Low
1,0,0,0,0,0,0.26,Low
1,1,1,0,0,0,3.25,Medium
1,0,1,0,0,0,0.03,Low
0,0,0,0,0,0,2.32,Low
1,1,1,0,0,0,5.62,High
1,0,0,0,0,0,1.29,Low
1,1,0,0,0,0,1.38,Low
1,1,0,0,0,0,0.56,Low
0,0,0,0,0,0,2.04,Low
1,0,0,0,0,0,0.87,Low
1,0,1,0,0,0,0.97,Low
0,0,0,1,0,0,5.51,High
1,0,0,0,0,0,-0.62,Low
1,0,0,0,0,0,0.18,Low
0,0,0,1,0,0,3.91,Medium
1,0,1,1,1,0,5.59,High
1,0,0,0,0,0,0.64,Low
1,0,0,0,0,0,0.95,Low
1,0,0,0,0,0,-0.1,Low
1,1,0,0,0,0,3.01,Medium
0,0,0,1,1,0,6.28,High
1,0,0,0,0,0,1.09,Low
1,0,1,0,0,0,2.2,Low
0,0,1,0,0,0,3.01,Medium
1,0,1,0,0,0,0.46,Low
1,1,0,1,0,0,4.16,Medium
1,0,1,0,0,0,1.79,Low
0,0,0,0,0,0,0.8,Low
0,0,1,0,0,0,2.6,Medium
1,0,1,0,0,0,1.55,Low
1,0,1,0,0,1,2.93,Medium
1,0,1,0,0,0,0.17,Low
0,0,0,0,0,0,1.51,Low
1,0,0,0,0,0,-0.07,Low
1,0,0,1,0,0,1.74,Low
0,0,0,0,0,0,1.76,Low
1,0,0,0,0,0,-1.06,Low
1,0,0,0,0,1,5.42,Medium
1,0,0,0,0,0,-0.49,Low
1,0,0,0,0,0,-1.52,Low
1,0,1,1,0,0,3.91,Medium
0,0,0,1,0,0,3.38,Medium
1,0,0,0,0,0,-0.97,Low
1,0,0,0,0,0,0.54,Low
1,0,1,0,0,0,0.58,Low
1,0,0,0,0,0,0.13,Low
1,1,0,0,0,0,1.49,Low
1,1,1,0,1,0,4.63,Medium
0,0,0,0,0,0,1.21,Low
1,0,0,0,0,0,-0.97,Low
1,0,0,0,0,0,2.78,Medium
1,0,0,0,0,0,-0.66,Low
0,0,0,0,0,0,0.83,Low
1,1,0,0,0,0,2.9,Medium
0,0,0,0,0,0,2.21,Low
1,0,0,1,1,0,4.01,Medium
0,0,0,0,0,0,1.61,Low
1,0,0,1,0,0,1.67,Low
0,1,1,0,0,0,4.76,Medium
1,0,0,1,1,0,4.91,Medium
1,0,1,0,0,1,4.8,Medium
1,0,0,0,0,0,0.92,Low
0,1,0,0,0,0,3.96,Medium
1,0,0,0,0,0,-0.16,Low
0,1,0,0,0,0,3.18,Medium
0,1,0,0,0,0,5.72,High
1,0,0,0,0,0,0.01,Low
0,0,0,0,0,0,2.0,Low
1,0,0,0,0,0,1.49,Low
1,0,1,0,0,0,1.33,Low
1,0,1,0,0,0,1.42,Low
1,0,0,0,0,0,0.05,Low
1,0,0,0,1,1,5.38,Medium
1,0,0,0,0,0,0.97,Low
1,0,0,0,0,0,-1.13,Low
1,1,0,0,1,0,3.22,Medium
1,1,1,0,0,0,2.38,Low
1,1,1,0,0,0,3.2,Medium
0,0,0,1,0,0,3.99,Medium
1,1,0,0,0,0,0.51,Low
1,0,0,1,0,0,3.85,Medium
1,0,0,0,0,0,0.61,Low
1,0,0,0,0,0,-0.39,Low
0,0,0,0,0,0,2.35,Low
1,0,0,0,0,0,0.36,Low
1,0,1,0,0,0,0.74,Low
1,0,0,0,0,0,0.32,Low
1,0,0,0,0,0,0.32,Low
0,0,1,0,0,0,3.87,Medium
0,1,0,0,0,0,4.06,Medium
1,0,0,0,0,0,0.26,Low
1,0,1,0,0,0,0.83,Low
1,1,1,0,0,0,2.65,Medium
1,0,0,0,0,0,-0.62,Low
0,0,0,1,0,0,3.36,Medium
0,0,0,0,0,0,1.63,Low
1,0,0,0,0,0,-0.19,Low
0,1,0,0,0,0,4.8,Medium
1,0,0,0,0,0,-0.3,Low
1,1,1,0,1,0,4.73,Medium
1,0,0,0,0,0,-0.23,Low
1,0,1,0,0,0,0.96,Low
1,0,0,0,0,0,1.36,Low
1,0,0,0,0,0,-0.3,Low
1,0,1,0,0,0,1.45,Low
1,0,0,0,0,0,0.28,Low
0,0,0,0,0,0,2.05,Low
1,0,0,0,0,0,-0.77,Low
1,0,0,0,0,0,0.42,Low
0,1,0,0,0,0,2.46,Low
0,0,0,0,0,1,5.18,Medium
0,0,0,0,0,0,1.57,Low
1,0,0,0,0,0,-0.18,Low
1,0,0,0,0,0,0.07,Low
1,0,0,0,0,0,1.11,Low
1,0,0,0,1,0,2.5,Medium
0,1,0,0,0,0,4.14,Medium
1,0,0,0,0,0,-0.27,Low
1,0,1,0,0,0,0.74,Low
1,0,0,0,0,0,-0.91,Low
1,0,0,0,0,0,-1.69,Low
0,0,0,0,0,0,0.98,Low
1,0,0,1,0,0,2.94,Medium
1,0,0,1,1,0,3.43,Medium
1,0,0,0,0,0,-0.42,Low
1,0,0,0,0,0,0.82,Low
1,0,0,0,0,0,-2.11,Low
1,0,1,0,0,0,0.53,Low
1,0,0,0,0,0,-0.88,Low
1,1,0,0,0,0,2.23,Low
0,1,0,0,0,0,4.45,Medium
0,0,1,0,0,0,3.46,Medium
0,0,0,0,0,0,3.21,Medium
1,0,0,0,0,0,0.44,Low
1,1,0,0,0,0,2.2,Low
1,0,0,0,0,0,1.95,Low
0,1,0,0,0,0,2.3,Low
0,1,0,1,0,0,7.76,High
0,0,0,0,0,0,3.39,Medium
1,0,0,0,0,0,-0.12,Low
0,0,1,0,0,0,2.43,Low
1,0,1,0,0,0,0.47,Low
1,0,0,0,0,0,-0.23,Low
1,0,0,0,0,0,0.96,Low
1,0,0,0,0,0,-1.97,Low
1,0,0,1,1,0,5.61,High
1,0,0,0,0,0,-0.0,Low
1,0,0,0,0,0,0.94,Low
1,0,1,0,0,0,0.02,Low
0,0,0,0,0,0,2.58,Medium
1,0,0,1,0,0,2.31,Low
1,1,0,0,1,0,4.45,Medium
0,0,0,1,1,0,5.45,Medium
0,0,1,0,0,0,2.69,Medium
1,0,0,1,0,0,1.01,Low
1,0,1,0,0,0,1.61,Low
1,0,0,0,0,0,1.07,Low
1,0,0,0,0,0,0.23,Low
1,0,1,0,1,0,0.86,Low
0,0,0,0,0,0,3.09,Medium
1,0,0,1,0,0,2.1,Low
0,1,0,0,1,0,3.88,Medium
0,1,0,0,0,0,2.64,Medium
0,0,0,1,0,0,3.16,Medium
1,0,0,0,0,0,-0.0,Low
0,1,0,0,0,0,3.18,Medium
1,0,0,0,0,0,-0.71,Low
1,0,1,1,0,1,7.73,High
1,0,0,0,0,0,0.95,Low
1,1,0,0,1,0,4.76,Medium
1,0,0,0,0,0,-1.31,Low
1,0,0,0,0,0,0.75,Low
1,0,0,0,1,0,1.62,Low
1,0,0,0,0,0,1.57,Low
1,0,0,0,1,0,2.21,Low
1,0,0,0,0,0,0.97,Low
0,1,0,0,0,0,4.44,Medium
1,0,0,0,0,0,0.35,Low
1,0,0,0,0,0,-0.29,Low
1,0,0,0,0,0,0.97,Low
1,0,0,0,0,0,0.74,Low
1,0,0,0,0,0,-0.26,Low
1,0,0,0,0,0,-0.35,Low
0,1,0,0,0,0,3.43,Medium
1,0,1,0,0,0,1.65,Low
1,0,0,0,1,0,2.19,Low
1,0,0,0,0,0,0.23,Low
0,1,0,0,1,0,5.71,High
1,0,0,1,0,0,3.17,Medium
1,0,0,0,0,0,-1.19,Low
0,0,1,0,0,0,3.63,Medium
1,0,0,0,1,0,2.79,Medium
1,0,0,0,0,0,-0.25,Low
1,0,0,1,1,0,2.84,Medium
1,0,1,0,0,0,1.31,Low
1,0,0,0,0,0,0.96,Low
1,0,0,0,0,0,1.42,Low
1,0,1,1,0,0,3.53,Medium
1,0,0,1,0,0,1.51,Low
1,0,0,0,0,0,0.55,Low
0,0,1,0,0,0,3.4,Medium
0,1,0,0,0,0,4.26,Medium
1,0,0,0,0,0,-0.71,Low
1,0,1,0,1,0,3.48,Medium
1,0,1,0,0,0,1.38,Low
1,1,0,0,0,0,3.94,Medium
1,0,0,1,1,0,4.07,Medium
0,0,0,0,1,0,5.36,Medium
1,1,0,0,0,0,3.11,Medium
1,0,0,0,0,0,0.04,Low
1,0,1,0,0,0,1.99,Low
1,0,0,0,1,0,1.37,Low
1,0,0,0,1,0,1.85,Low
1,0,0,0,0,0,-0.43,Low
1,0,1,0,0,0,0.87,Low
0,0,0,0,1,0,2.4,Low
1,0,1,0,0,1,6.44,High
0,1,1,0,0,0,4.76,Medium
0,0,1,0,0,0,3.63,Medium
1,0,1,0,0,0,1.2,Low
0,0,1,0,1,0,4.78,Medium
1,0,1,0,0,0,-0.02,Low
0,1,0,1,1,0,7.27,High
1,0,0,0,0,0,-0.19,Low
1,0,0,0,0,0,-0.38,Low
1,0,0,0,0,0,-0.78,Low
1,0,0,0,0,0,-0.55,Low
0,1,0,0,0,0,4.37,Medium
1,0,1,0,0,0,1.7,Low
1,0,0,0,1,0,1.07,Low
1,1,0,0,0,0,1.3,Low
0,0,0,0,0,0,2.17,Low
1,0,0,0,0,0,-0.13,Low
1,0,0,0,0,0,-0.29,Low
1,0,1,0,0,0,1.74,Low
1,0,0,0,0,0,0.15,Low
1,0,0,0,0,0,-1.3,Low
1,0,0,0,0,0,-0.64,Low
1,0,0,0,1,0,0.67,Low
1,0,1,0,0,0,0.86,Low
1,0,0,0,0,0,-1.06,Low
1,0,1,0,0,0,-0.41,Low
1,0,0,0,1,0,0.36,Low
0,0,0,0,1,0,5.59,High
0,0,1,0,0,0,1.91,Low
1,1,1,0,0,0,2.75,Medium
1,0,0,0,0,0,0.05,Low
1,1,0,0,0,0,2.1,Low
1,0,0,0,0,0,0.5,Low
1,0,0,0,1,0,1.96,Low
1,0,0,0,0,0,-0.36,Low
1,0,0,0,0,0,0.18,Low
0,1,0,0,0,0,4.17,Medium
1,0,0,1,0,0,2.04,Low
1,0,0,0,0,0,0.51,Low
1,0,1,0,0,0,0.5,Low
1,0,0,1,0,0,1.84,Low
1,0,0,0,0,0,-1.06,Low
1,0,0,0,0,0,-0.2,Low
1,0,0,1,0,0,1.49,Low
1,0,0,0,1,0,2.84,Medium
0,0,0,0,1,0,2.83,Medium
1,0,0,0,0,0,-0.38,Low
1,0,0,0,0,0,-0.42,Low
1,0,0,0,0,0,0.54,Low
1,0,0,0,0,0,-1.02,Low
1,0,0,0,0,0,0.0,Low
0,0,0,0,0,0,2.06,Low
0,0,0,0,1,0,4.74,Medium
0,0,0,0,1,0,3.32,Medium
1,0,0,0,0,0,-1.05,Low
0,1,0,0,0,0,4.38,Medium
1,0,0,0,0,0,-1.12,Low
1,0,0,0,0,0,-0.42,Low
1,1,0,0,0,0,1.81,Low
0,1,0,0,0,0,4.49,Medium
1,0,1,1,1,0,3.77,Medium
1,1,0,0,0,0,1.76,Low
1,0,0,1,0,0,2.02,Low
1,1,1,0,1,0,4.31,Medium
1,0,0,0,0,0,-0.29,Low
0,0,0,0,0,0,2.71,Medium
1,0,0,1,1,0,3.59,Medium
1,0,0,0,0,0,-0.29,Low
1,0,0,0,0,0,0.71,Low
1,0,0,1,0,0,1.83,Low
1,0,0,0,0,1,5.07,Medium
1,0,0,0,0,1,2.69,Medium
1,0,0,0,0,0,-0.22,Low
1,0,0,0,0,0,0.62,Low
1,1,1,0,0,0,2.42,Low
1,0,0,0,0,0,-0.19,Low
1,0,1,0,0,0,2.01,Low
1,0,0,0,0,0,-0.62,Low
0,0,0,0,0,0,2.39,Low
1,0,0,0,0,0,0.6,Low
1,0,1,0,0,0,1.06,Low
1,0,0,0,0,0,0.03,Low
1,0,0,0,0,0,-0.82,Low
0,0,0,1,1,0,6.58,High
1,0,0,0,0,0,-1.0,Low
1,0,0,0,0,0,0.31,Low
1,0,0,0,0,0,-0.41,Low
1,1,1,0,0,0,2.68,Medium
0,1,1,0,0,0,4.84,Medium
1,0,1,0,0,0,1.4,Low
1,0,0,0,0,0,1.25,Low
1,1,0,0,0,0,2.09,Low
1,0,0,0,0,0,-0.58,Low
0,1,1,1,0,0,5.85,High
1,0,0,0,0,0,0.93,Low
1,1,0,0,1,0,4.14,Medium
1,0,1,0,0,0,0.81,Low
1,0,0,0,1,0,2.05,Low
1,0,0,0,0,0,0.61,Low
1,0,0,0,0,0,-0.33,Low
1,0,0,0,0,0,-0.53,Low
1,0,1,0,0,0,-0.05,Low
1,0,0,1,1,0,3.14,Medium
0,0,0,0,0,0,1.72,Low
1,0,0,0,1,0,2.86,Medium
1,0,0,0,0,0,-0.41,Low
1,0,0,0,0,0,0.21,Low
1,0,0,0,0,0,0.9,Low
1,0,0,1,0,0,2.31,Low
0,0,0,1,0,0,5.58,High
1,0,0,0,0,0,0.05,Low
1,1,0,0,0,0,1.87,Low
1,0,0,1,0,0,1.69,Low
1,0,0,0,0,0,1.59,Low
1,0,0,0,0,0,0.98,Low
1,0,1,0,0,0,-0.17,Low
1,1,0,0,0,0,3.69,Medium
1,0,0,1,0,0,2.4,Low
1,0,0,0,1,0,2.1,Low
1,1,0,0,0,0,2.41,Low
1,0,0,0,1,0,1.23,Low
1,0,0,1,0,0,2.16,Low
1,0,0,0,0,0,-0.25,Low
1,0,0,0,0,0,-0.29,Low
1,1,0,0,0,0,2.77,Medium
1,0,0,0,0,0,-0.21,Low
1,1,0,0,0,0,2.08,Low
1,1,0,0,0,0,2.26,Low
1,0,0,0,0,0,0.75,Low
1,0,0,0,0,0,1.01,Low
1,0,0,0,1,0,2.01,Low
0,0,0,0,0,0,1.7,Low
1,0,1,0,0,0,2.52,Medium
1,0,0,0,0,0,-2.06,Low
1,0,0,0,0,1,4.69,Medium
1,1,1,0,1,0,4.88,Medium
1,0,0,0,0,1,4.46,Medium
1,0,0,0,0,0,0.03,Low
1,1,1,0,0,0,4.03,Medium
1,0,0,0,0,0,0.34,Low
1,0,0,0,0,0,-1.14,Low
1,0,0,0,0,0,-1.17,Low
1,0,1,0,0,0,0.83,Low
1,0,0,0,1,0,2.49,Low
1,0,0,0,1,0,3.05,Medium
1,0,0,0,0,0,-0.54,Low
1,1,0,0,0,0,0.23,Low
1,0,0,0,0,0,0.34,Low
1,0,1,0,0,0,1.03,Low
1,0,0,1,0,0,2.11,Low
0,0,0,0,0,0,1.12,Low
0,0,0,0,0,0,2.95,Medium
1,1,0,0,0,0,1.35,Low
1,0,0,0,0,1,4.25,Medium
1,0,0,1,0,1,6.22,High
1,0,1,1,0,0,3.44,Medium
1,0,0,0,0,0,-0.6,Low
1,0,0,0,0,0,-0.74,Low
0,0,0,0,0,1,6.68,High
1,0,0,0,0,0,0.44,Low
1,0,0,0,0,0,0.27,Low
1,0,0,0,0,0,0.9,Low
0,0,0,0,0,0,2.27,Low
1,0,0,0,0,0,-0.3,Low
1,1,0,0,0,0,2.41,Low
1,0,0,0,0,0,0.36,Low
0,0,1,1,1,0,7.38,High
1,0,1,1,0,0,2.29,Low
0,1,0,0,0,0,3.22,Medium
1,0,0,1,0,0,2.7,Medium
1,0,0,0,1,0,1.88,Low
1,0,0,0,0,0,-1.55,Low
1,0,0,0,0,0,-1.1,Low
1,1,0,0,0,0,0.95,Low
0,0,0,0,0,0,2.85,Medium
1,0,1,0,0,0,0.96,Low
1,0,0,0,0,0,0.03,Low
1,1,0,0,0,0,1.72,Low
1,0,0,0,0,0,-0.85,Low
1,0,0,0,0,0,0.61,Low
1,1,0,0,0,0,2.52,Medium
1,0,0,0,0,0,-0.56,Low
1,0,0,0,0,0,1.12,Low
0,0,0,0,0,0,2.6,Medium
1,1,0,0,0,0,1.32,Low
0,1,0,1,1,0,7.77,High
1,1,0,0,0,0,1.71,Low
1,0,1,0,0,0,1.25,Low
1,1,0,1,0,0,2.86,Medium
1,0,0,0,0,0,-0.56,Low
0,1,0,0,0,0,4.64,Medium
1,0,1,0,0,0,-0.27,Low
1,0,0,0,0,0,-0.16,Low
0,0,0,0,0,0,1.02,Low
1,0,1,0,0,0,1.73,Low
1,1,1,0,0,0,3.27,Medium
1,0,1,0,0,0,-0.17,Low
0,0,0,0,0,0,1.17,Low
1,1,1,0,0,0,3.01,Medium
1,0,0,0,0,0,-1.85,Low
1,0,0,0,0,0,-0.88,Low
0,0,0,0,0,0,1.34,Low
1,0,0,0,0,0,1.03,Low
1,0,0,0,0,0,-0.46,Low
1,0,0,0,1,0,2.53,Medium
0,1,1,0,0,0,4.62,Medium
0,0,0,0,0,0,2.6,Medium
0,1,0,0,0,0,2.76,Medium
1,0,0,1,0,0,1.42,Low
1,0,1,0,0,0,0.91,Low
1,0,0,0,0,0,0.14,Low
0,1,0,0,0,0,4.26,Medium
1,0,0,0,1,0,2.15,Low
1,0,1,0,0,0,1.4,Low
0,1,0,0,0,0,3.99,Medium
1,0,0,0,0,1,4.14,Medium
1,0,0,0,1,0,1.19,Low
1,0,1,0,0,0,-0.29,Low
1,0,0,0,1,0,1.11,Low
1,0,0,0,0,0,-1.35,Low
1,0,0,0,1,0,2.18,Low
1,0,1,0,0,0,1.75,Low
1,0,0,0,0,0,-0.76,Low
1,1,0,0,0,0,2.81,Medium
1,1,0,0,0,0,2.36,Low
1,0,0,0,0,0,-0.44,Low
1,0,0,0,1,0,1.72,Low
1,0,0,0,1,0,2.89,Medium
1,0,1,0,0,0,-0.86,Low
1,1,0,0,0,0,2.89,Medium
0,1,1,0,0,0,5.72,High
1,1,0,0,0,0,1.53,Low
0,0,1,0,0,0,2.93,Medium
1,1,0,0,0,0,3.3,Medium
1,1,0,0,0,0,0.95,Low
1,0,0,0,0,0,-0.15,Low
1,0,0,0,0,0,0.52,Low
1,0,0,0,0,0,0.17,Low
1,0,0,0,0,0,0.04,Low
0,1,0,0,0,1,9.45,High
1,0,0,0,0,0,-0.89,Low
1,0,0,1,1,0,3.15,Medium
0,1,0,0,0,0,1.99,Low
1,0,0,0,1,0,1.14,Low
0,1,0,1,1,0,7.47,High
1,0,0,0,0,0,0.26,Low
0,1,0,0,0,0,4.77,Medium
1,0,0,0,1,0,1.23,Low
1,0,0,0,1,1,5.89,High
1,0,0,0,0,0,1.12,Low
1,1,0,0,0,0,1.85,Low
1,0,0,0,0,0,0.41,Low
1,0,0,0,0,0,0.9,Low
1,0,0,0,0,0,-0.74,Low
1,0,0,0,0,0,-0.91,Low
0,1,0,0,0,0,5.3,Medium
1,0,0,0,0,0,0.46,Low
1,0,0,0,0,0,-1.06,Low
1,0,0,0,0,0,-0.85,Low
1,0,1,0,0,0,0.84,Low
1,0,0,0,1,0,3.11,Medium
0,0,0,0,0,0,2.79,Medium
0,0,0,1,0,0,4.85,Medium
1,1,0,0,0,0,1.65,Low
0,1,0,0,0,0,3.99,Medium
1,0,1,0,0,0,0.36,Low
1,1,0,0,1,0,3.67,Medium
1,1,0,0,0,0,1.1,Low
1,0,0,0,0,0,-0.7,Low
1,0,0,0,0,0,-0.58,Low
1,0,0,0,0,0,-0.12,Low
1,0,0,0,0,0,0.34,Low
1,0,1,0,0,0,2.33,Low
1,0,0,0,0,0,-0.29,Low
0,0,0,0,0,0,2.47,Low
1,0,0,0,0,0,-0.14,Low
1,0,1,0,0,0,1.77,Low
1,0,0,1,0,0,1.0,Low
1,0,0,0,0,0,-0.43,Low
1,0,1,0,0,0,1.53,Low
1,0,0,0,0,0,0.47,Low
1,0,0,0,0,0,0.48,Low
1,0,1,0,0,0,2.13,Low
1,0,0,0,0,0,-1.39,Low
1,0,1,1,1,0,4.0,Medium
1,0,1,0,0,0,1.45,Low
1,0,1,0,1,0,3.65,Medium
0,0,0,0,0,0,2.52,Medium
1,0,0,0,0,0,2.17,Low
0,0,0,1,0,0,3.27,Medium
1,0,0,0,1,0,2.3,Low
0,0,0,0,0,0,1.94,Low
1,0,0,0,0,0,0.5,Low
1,0,1,0,0,0,1.3,Low
0,0,1,0,0,0,2.59,Medium
1,0,0,0,0,0,0.31,Low
1,0,0,0,0,0,0.07,Low
1,0,0,0,1,0,2.1,Low
1,0,0,0,0,0,0.91,Low
0,0,0,1,0,0,5.98,High
1,0,1,0,0,0,-0.53,Low
1,0,0,0,0,0,1.03,Low
1,0,0,0,0,0,0.51,Low
1,0,0,0,0,0,-0.59,Low
1,0,0,0,0,0,-0.29,Low
1,0,0,1,0,0,2.71,Medium
1,0,0,0,0,0,0.04,Low
1,0,1,0,1,1,6.96,High
0,1,0,1,1,0,7.45,High
1,0,0,0,0,0,-0.61,Low
1,0,0,0,0,0,-0.77,Low
1,0,0,0,0,0,-0.41,Low
1,0,0,0,0,0,-0.1,Low
1,0,0,0,0,0,0.28,Low
0,1,0,0,0,0,3.34,Medium
1,0,0,0,0,0,0.6,Low
0,0,0,0,0,0,1.27,Low
1,0,0,0,0,0,0.62,Low
1,1,0,0,0,0,1.31,Low
1,1,0,0,0,0,3.61,Medium
1,0,0,0,0,0,0.52,Low
1,0,0,1,1,0,4.67,Medium
0,0,0,0,0,0,1.86,Low
1,0,0,0,0,1,4.49,Medium
0,0,0,0,0,0,1.0,Low
0,1,0,0,0,0,3.22,Medium
1,0,0,0,1,0,1.75,Low
1,0,0,0,0,0,1.21,Low
1,0,1,1,0,0,3.81,Medium
0,0,0,0,0,0,0.21,Low
1,0,0,0,0,0,-0.79,Low
1,0,0,0,0,0,-0.07,Low
1,0,0,0,0,0,1.01,Low
1,0,0,0,0,0,0.2,Low
1,0,1,0,0,0,-1.03,Low
1,0,1,0,0,0,0.06,Low
1,0,0,0,0,0,0.58,Low
1,0,0,0,0,0,0.16,Low
1,0,0,0,0,0,0.11,Low
1,0,0,0,1,0,2.89,Medium
1,1,0,0,0,0,1.72,Low
1,1,0,0,0,0,2.56,Medium
1,0,0,0,0,0,1.31,Low
1,0,0,1,1,1,8.18,High
1,0,0,0,0,0,-0.72,Low
1,1,0,0,0,0,1.66,Low
1,0,0,0,0,0,-0.72,Low
1,0,0,0,0,0,-1.79,Low
1,0,0,0,0,0,-0.63,Low
0,1,0,0,0,0,4.51,Medium
0,0,0,0,0,0,2.01,Low
0,0,0,1,0,0,5.09,Medium
1,0,0,0,0,0,0.12,Low
1,1,0,0,0,0,2.71,Medium
1,0,1,0,0,0,-0.41,Low
1,1,0,0,0,0,1.65,Low
1,0,0,1,0,0,1.78,Low
1,0,0,0,0,0,-0.66,Low
0,1,0,0,1,0,7.22,High
1,1,0,0,0,0,0.46,Low
1,0,0,1,0,1,5.91,High
1,0,0,0,0,0,0.91,Low
1,0,0,0,0,0,0.61,Low
1,0,0,0,0,0,-0.3,Low
0,0,0,0,0,0,1.28,Low
1,0,0,0,0,0,0.87,Low
0,0,0,0,0,0,1.58,Low
1,0,1,0,0,0,0.34,Low
0,0,0,1,0,0,4.8,Medium
1,0,0,0,0,0,0.25,Low
1,0,1,0,0,0,0.72,Low
1,0,0,0,0,0,0.26,Low
1,0,0,1,0,0,2.36,Low
0,0,0,0,0,0,1.96,Low
1,0,0,0,0,0,0.12,Low
1,0,0,1,0,0,0.27,Low
0,0,0,1,0,0,3.92,Medium
1,0,0,0,0,0,-0.51,Low
1,0,0,1,1,0,3.36,Medium
1,0,1,0,0,0,0.45,Low
1,0,0,0,0,0,-0.4,Low
0,1,0,0,0,0,3.76,Medium
1,0,0,0,1,0,2.13,Low
1,1,0,0,0,0,1.41,Low
1,0,0,0,0,0,0.41,Low
0,0,0,0,0,0,2.59,Medium
1,0,0,0,0,0,0.58,Low
0,1,1,0,0,0,5.75,High
1,1,0,0,0,0,1.55,Low
1,0,0,1,1,0,3.78,Medium
0,0,0,0,0,0,2.2,Low
1,0,0,0,0,0,-0.34,Low
1,0,1,0,0,0,0.07,Low
1,0,0,1,0,0,1.6,Low
1,0,0,0,0,0,1.31,Low
1,1,0,1,1,0,5.41,Medium
0,1,0,0,0,0,3.37,Medium
0,1,1,0,0,0,4.56,Medium
1,0,1,0,0,0,1.45,Low
1,0,0,0,0,0,0.28,Low
1,0,0,0,1,0,2.56,Medium
1,1,0,0,0,0,4.03,Medium
1,0,0,0,1,0,2.66,Medium
0,0,0,0,0,0,2.72,Medium
1,1,0,0,1,0,6.29,High
0,0,0,0,0,0,2.39,Low
1,0,0,0,1,0,1.69,Low
1,0,0,0,0,0,-0.24,Low
1,1,0,0,0,0,2.85,Medium
1,0,0,0,0,0,-1.0,Low
1,0,0,0,0,0,-1.56,Low
0,1,0,0,0,0,3.34,Medium
1,0,1,0,1,0,3.66,Medium
0,1,0,0,0,0,4.47,Medium
1,0,0,0,0,0,-0.13,Low
0,0,0,0,1,0,4.86,Medium
1,1,0,0,0,0,2.49,Low
0,0,0,0,1,0,4.28,Medium
1,0,0,0,1,0,1.99,Low
1,0,0,1,0,0,2.72,Medium
0,1,1,0,0,0,5.6,High
1,1,0,1,1,0,5.78,High
1,0,0,0,0,0,0.65,Low
1,0,0,0,0,0,-0.52,Low
0,0,0,0,0,0,2.19,Low
1,0,0,1,1,0,4.32,Medium
1,0,0,0,0,0,-0.27,Low
1,0,0,0,0,0,0.11,Low
1,0,1,0,0,0,1.49,Low
0,1,0,0,0,0,3.13,Medium
1,0,0,0,0,0,0.15,Low
1,0,0,1,1,0,5.77,High
0,1,0,0,0,0,3.34,Medium
1,0,0,0,0,0,0.82,Low
1,0,0,0,0,0,-0.08,Low
1,0,0,1,0,0,2.95,Medium
1,0,1,0,0,0,0.42,Low
1,0,0,0,0,0,0.0,Low
1,0,1,0,0,0,2.77,Medium
1,0,1,0,0,0,0.86,Low
1,0,0,0,0,0,0.51,Low
1,0,0,1,0,0,2.48,Low
1,1,0,0,0,0,0.38,Low
1,0,1,0,0,0,1.36,Low
1,0,1,0,0,0,0.01,Low
1,0,0,0,0,0,0.51,Low
1,0,0,0,1,0,2.09,Low
1,0,0,0,0,0,-0.89,Low
1,0,1,0,0,0,0.05,Low
1,0,1,0,0,0,0.94,Low
1,0,0,0,0,0,1.98,Low
1,0,0,0,0,0,1.3,Low
1,0,0,0,0,0,0.29,Low
0,1,0,0,1,0,6.41,High
0,0,1,0,0,0,3.48,Medium
1,0,0,0,0,0,-0.43,Low
1,0,0,0,0,0,-0.55,Low
1,0,0,0,0,1,4.68,Medium
1,0,0,0,0,0,-0.48,Low
1,0,0,0,0,0,1.15,Low
1,0,0,0,0,0,-1.08,Low
1,0,0,0,0,0,-0.72,Low
1,0,0,1,0,0,3.13,Medium
1,0,0,0,0,0,-0.23,Low
1,0,0,0,0,0,-0.1,Low
1,0,0,0,0,0,0.52,Low
1,0,0,0,0,0,0.93,Low
1,0,0,0,0,0,0.49,Low
1,0,0,0,0,0,0.23,Low
1,0,1,0,0,0,1.64,Low
1,1,0,0,0,0,2.33,Low
1,0,0,1,0,0,2.87,Medium
1,0,0,0,0,0,2.29,Low
0,1,1,0,1,0,7.4,High
0,0,0,0,0,0,1.31,Low
1,0,0,0,0,0,0.83,Low
1,0,0,0,0,0,-0.12,Low
1,0,0,0,1,0,2.27,Low
0,0,1,0,1,0,5.29,Medium
1,0,1,0,0,0,0.53,Low
0,1,0,0,0,0,3.7,Medium
1,0,0,0,0,0,-1.85,Low
1,0,0,0,0,0,-0.08,Low
0,0,0,0,0,0,2.45,Low
1,0,0,0,0,0,0.01,Low
1,0,0,0,0,0,-0.37,Low
1,1,0,0,0,0,2.3,Low
1,0,1,0,0,0,0.25,Low
1,0,0,0,0,0,-0.85,Low
1,0,0,0,0,0,0.42,Low
1,1,0,0,0,0,2.46,Low
1,0,1,0,0,0,1.41,Low
0,0,1,0,0,0,2.76,Medium
1,0,0,0,0,0,0.87,Low
1,0,1,0,0,0,0.1,Low
1,0,0,0,0,0,-0.24,Low
1,1,0,0,0,0,2.6,Medium
1,1,0,0,0,0,2.69,Medium
0,0,0,1,1,0,5.38,Medium
1,0,0,0,0,0,1.71,Low
1,1,0,0,0,0,1.9,Low
1,0,0,0,0,0,0.07,Low
1,0,0,0,0,0,0.78,Low
0,0,0,0,0,0,3.24,Medium
1,0,0,0,0,0,0.05,Low
1,0,0,1,0,0,2.94,Medium
1,1,0,0,0,1,5.64,High
1,0,0,0,0,0,1.33,Low
1,0,1,1,0,0,3.03,Medium
1,0,1,0,1,0,3.25,Medium
1,0,0,0,1,0,1.72,Low
1,0,0,0,0,0,0.17,Low
1,0,0,0,0,0,-0.58,Low
0,0,0,0,0,0,1.95,Low
0,0,0,0,0,0,2.01,Low
1,0,0,0,1,0,1.16,Low
1,0,1,0,0,0,0.54,Low
1,0,0,0,1,0,0.32,Low
1,0,0,0,0,0,-0.99,Low
1,0,1,0,0,0,0.99,Low
1,0,0,0,0,0,0.77,Low
0,1,1,0,0,0,4.71,Medium
0,0,0,0,0,1,5.98,High
1,0,0,0,0,0,0.93,Low
1,0,0,0,0,0,0.67,Low
1,0,0,0,0,0,0.65,Low
1,0,0,0,1,0,2.1,Low
1,0,0,0,0,0,-0.39,Low
1,0,0,0,0,0,0.32,Low
0,1,1,0,0,0,6.03,High
1,0,1,1,1,0,6.45,High
1,0,0,0,1,0,3.92,Medium
1,0,0,0,0,0,1.22,Low
1,0,0,1,1,0,4.03,Medium
1,0,0,0,0,0,-0.96,Low
0,0,0,0,0,0,2.48,Low
1,1,1,0,1,0,5.88,High
1,0,1,1,0,0,0.96,Low
1,1,0,0,1,0,2.82,Medium
1,0,0,0,0,0,-0.37,Low
0,1,0,0,0,1,7.38,High
1,0,0,0,0,1,2.71,Medium
0,0,0,0,0,0,2.3,Low
1,0,0,0,1,0,2.99,Medium
1,0,0,0,0,0,-0.15,Low
1,0,0,0,0,0,-1.33,Low
1,0,0,0,0,0,0.17,Low
1,1,0,0,0,0,1.11,Low
0,0,0,0,0,0,1.19,Low
1,0,0,0,0,0,0.77,Low
1,0,1,0,0,0,1.96,Low
1,1,1,0,0,0,2.77,Medium
1,0,0,0,0,0,0.58,Low
1,0,0,0,0,0,-0.86,Low
1,0,0,1,0,0,2.42,Low
1,0,0,0,0,0,-0.31,Low
1,1,0,0,0,0,0.94,Low
1,0,1,0,0,0,0.27,Low
1,0,1,0,0,0,1.33,Low
1,0,0,0,1,0,0.82,Low
1,0,0,0,0,0,-0.23,Low
0,0,0,0,1,0,4.85,Medium
1,0,0,0,0,0,-0.39,Low
1,0,0,1,0,0,0.77,Low
1,0,0,0,0,0,-0.22,Low
1,0,1,0,0,0,1.54,Low
0,0,0,0,0,0,0.96,Low
1,1,0,0,0,0,2.95,Medium
0,1,0,0,0,0,4.61,Medium
0,0,1,0,0,0,3.28,Medium
1,0,1,0,0,0,1.46,Low
1,0,0,0,0,0,0.1,Low
1,0,1,0,0,0,1.27,Low
1,0,0,0,0,0,0.06,Low
1,0,0,0,0,0,0.71,Low
1,0,0,0,0,0,1.03,Low
1,0,0,0,0,0,-0.66,Low
1,0,0,0,0,0,-0.56,Low
1,0,1,0,0,0,0.69,Low
0,0,0,0,0,0,1.51,Low
1,0,0,0,0,0,0.91,Low
0,1,0,0,1,1,8.8,High
1,0,0,0,0,0,0.43,Low
1,0,0,0,1,0,3.11,Medium
1,0,0,0,0,0,-0.46,Low
1,0,0,0,0,0,1.18,Low
1,0,0,0,0,0,0.93,Low
1,0,0,0,0,0,-0.28,Low
0,1,0,1,0,0,6.66,High
1,0,0,0,0,0,-0.66,Low
1,0,0,0,0,0,-0.88,Low
0,1,0,0,0,0,3.63,Medium
1,0,0,0,0,0,1.08,Low
1,1,0,0,1,0,3.63,Medium
1,0,0,0,0,0,0.03,Low
0,0,1,0,0,0,2.2,Low
1,0,0,1,1,0,4.69,Medium
1,0,0,0,0,0,0.67,Low
1,1,0,0,0,0,1.44,Low
0,0,1,0,0,0,1.15,Low
1,0,0,0,0,0,-0.29,Low
0,1,0,0,0,0,4.35,Medium
1,0,0,1,0,0,1.99,Low
0,1,0,0,0,0,4.06,Medium
1,0,0,1,1,0,4.28,Medium
1,0,1,0,0,0,0.59,Low
0,0,0,0,0,0,1.0,Low
1,0,0,0,0,0,0.59,Low
1,0,0,0,0,0,-0.71,Low
1,1,0,0,0,1,5.04,Medium
1,0,1,0,0,0,1.4,Low
1,0,0,0,0,0,-0.88,Low
1,0,0,0,0,0,-0.65,Low
1,0,0,0,1,0,3.26,Medium
1,0,0,0,0,0,1.27,Low
1,1,0,0,0,0,2.95,Medium
1,0,0,0,0,0,0.61,Low
1,1,0,0,0,0,2.93,Medium
1,0,1,0,0,0,2.57,Medium
1,0,0,0,0,0,0.88,Low
0,0,1,1,0,0,5.2,Medium
1,0,0,1,1,0,4.7,Medium
0,0,0,0,0,0,1.63,Low
0,0,0,0,0,0,2.12,Low
0,1,1,0,0,0,5.15,Medium
1,1,0,1,1,1,9.89,High
0,0,0,0,0,0,1.75,Low
0,0,0,1,1,0,7.03,High
1,0,0,1,1,0,3.24,Medium
1,0,1,0,0,0,1.12,Low
1,0,0,0,0,0,-1.03,Low
1,0,1,0,0,0,-0.61,Low
1,0,1,0,0,0,1.96,Low
1,0,0,0,0,0,1.03,Low
1,1,0,0,0,0,1.61,Low
1,1,0,0,0,0,2.04,Low
1,0,0,0,0,0,-0.23,Low
1,0,0,0,0,0,-0.23,Low
0,0,0,0,0,0,1.61,Low
1,0,0,0,0,0,0.37,Low
1,0,0,0,0,0,-0.3,Low
1,0,1,0,0,0,1.33,Low
1,0,0,0,0,0,1.33,Low
1,0,0,0,0,0,0.31,Low
0,0,0,0,0,0,2.1,Low
1,0,0,0,1,0,1.54,Low
0,0,0,0,0,0,1.99,Low
1,0,0,0,1,0,0.66,Low
1,0,0,0,1,0,3.23,Medium
1,0,0,0,0,0,-0.77,Low
0,1,0,0,0,0,2.47,Low
1,0,0,0,0,0,-0.08,Low
1,0,0,0,0,0,0.28,Low
0,1,0,0,0,0,5.06,Medium
1,0,0,0,0,0,0.2,Low
1,1,0,0,0,0,2.74,Medium
0,0,0,0,0,0,2.74,Medium
1,0,0,0,0,0,0.67,Low
1,0,0,1,1,0,3.09,Medium
1,0,0,1,0,0,2.41,Low
1,0,0,0,0,0,-1.11,Low
1,0,0,0,0,0,1.6,Low
1,0,0,0,0,0,0.56,Low
1,0,0,1,0,0,1.5,Low
1,0,0,0,0,0,0.3,Low
0,1,1,1,0,0,6.19,High
0,0,0,0,0,0,0.76,Low
1,0,0,0,0,0,0.7,Low
1,0,0,0,0,0,-0.78,Low
0,1,1,0,0,0,4.86,Medium
1,0,0,0,1,0,2.16,Low
1,0,1,0,0,0,0.85,Low
0,1,1,0,0,0,4.18,Medium
0,0,0,0,1,0,4.05,Medium
1,0,0,0,1,0,2.12,Low
1,0,1,0,0,0,1.7,Low
1,0,0,0,0,0,1.96,Low
1,0,0,0,0,0,-1.58,Low
1,0,0,0,0,0,-0.64,Low
1,0,0,0,0,0,0.18,Low
1,0,0,0,0,0,0.81,Low
0,0,0,1,1,0,6.28,High
0,0,0,0,0,0,2.9,Medium
1,1,1,0,0,0,1.82,Low
0,1,0,0,0,0,3.75,Medium
0,0,1,0,0,0,4.17,Medium
1,0,0,0,0,0,-0.69,Low
1,1,0,0,0,0,-0.32,Low
1,0,0,0,0,0,-0.65,Low
1,0,0,0,0,0,0.35,Low
1,0,1,0,0,0,0.94,Low
1,0,0,0,0,0,-1.03,Low
1,0,1,0,0,0,0.42,Low
1,0,0,0,0,0,-1.06,Low
0,0,0,0,0,1,5.03,Medium
1,0,0,0,0,0,-0.7,Low
1,0,0,0,0,0,0.08,Low
1,0,0,0,0,0,-1.91,Low
1,0,0,0,0,1,5.09,Medium
0,1,0,0,0,0,3.92,Medium
1,1,0,0,0,0,1.11,Low
1,0,0,0,0,0,-0.78,Low
0,0,0,0,0,0,1.49,Low
1,1,1,0,0,0,3.0,Medium
1,0,0,0,1,0,2.12,Low
1,0,0,1,0,0,1.84,Low
0,0,0,0,0,0,1.4,Low
1,1,0,0,1,0,3.99,Medium
1,0,0,0,0,0,-1.66,Low
1,0,1,0,0,0,0.03,Low
1,0,1,0,0,0,0.46,Low
0,1,0,0,0,0,2.93,Medium
1,0,0,0,0,0,-0.17,Low
1,1,0,0,0,0,0.93,Low
1,0,1,0,0,0,2.37,Low
0,0,0,0,0,0,0.83,Low
1,0,0,0,0,0,1.21,Low
0,0,1,0,1,0,3.4,Medium
0,0,0,0,0,0,3.6,Medium
1,1,0,0,0,1,6.47,High
1,0,1,0,0,0,1.63,Low
1,1,1,0,0,0,1.91,Low
0,1,0,0,0,0,3.74,Medium
1,0,0,0,0,0,-0.21,Low
1,0,0,0,1,0,1.92,Low
0,0,1,0,0,0,4.02,Medium
1,0,1,0,0,0,1.55,Low
1,0,0,0,0,0,-0.13,Low
1,0,0,0,0,0,0.8,Low
1,0,0,0,1,1,6.95,High
0,0,0,0,1,1,7.55,High
1,1,0,0,0,1,5.52,High
1,0,0,1,1,0,5.73,High
0,1,0,0,0,0,3.81,Medium
1,0,0,0,0,0,-0.51,Low
0,1,1,0,1,0,6.88,High
0,1,0,1,0,0,6.86,High
1,1,0,0,0,0,2.57,Medium
1,0,0,0,0,0,-0.1,Low
1,0,0,0,0,0,0.49,Low
1,0,0,0,0,0,0.2,Low
1,0,0,0,0,0,-0.11,Low
1,0,0,1,1,0,3.76,Medium
1,0,0,0,0,0,0.12,Low
0,0,0,1,1,0,5.67,High
1,1,0,0,0,0,2.06,Low
1,0,0,0,0,0,-0.04,Low
1,0,0,0,0,0,-1.16,Low
0,0,0,0,0,0,1.58,Low
1,0,0,0,0,0,-0.21,Low
0,0,0,0,0,0,3.49,Medium
1,0,0,0,0,0,-0.13,Low
1,1,0,0,0,0,2.22,Low
1,0,1,0,0,0,2.72,Medium
1,0,0,1,1,0,2.74,Medium
1,0,0,0,0,0,-1.23,Low
1,0,0,0,0,0,-0.62,Low
1,1,0,1,0,0,3.73,Medium
0,1,0,0,0,0,3.81,Medium
1,1,0,0,0,0,1.59,Low
0,0,1,0,0,0,2.01,Low
1,0,0,0,0,0,0.78,Low
1,0,0,0,1,0,1.64,Low
1,0,0,0,0,0,0.95,Low
1,0,0,0,0,0,-0.81,Low
1,1,0,0,0,0,3.57,Medium
1,0,0,0,0,0,-1.33,Low
1,1,1,0,0,0,2.99,Medium
1,1,1,0,1,0,4.2,Medium
1,1,0,0,0,0,2.03,Low
0,0,0,0,0,0,1.22,Low
1,0,0,0,0,0,-1.72,Low
1,0,0,0,0,0,-0.62,Low
1,0,0,0,0,0,1.28,Low
1,0,0,0,0,0,-0.8,Low
1,0,1,0,0,0,1.41,Low
1,0,0,0,0,0,0.0,Low
1,0,0,0,0,1,3.64,Medium
1,0,0,0,0,0,1.63,Low
1,1,0,0,0,0,1.75,Low
1,0,0,1,0,0,2.14,Low
1,0,0,0,0,0,0.07,Low
0,0,0,1,1,0,7.26,High
1,0,1,0,0,0,-0.2,Low
1,0,1,0,1,0,4.8,Medium
0,0,0,1,1,0,7.22,High
0,1,0,0,0,0,4.32,Medium
1,0,0,0,1,0,2.49,Low
1,0,1,0,0,1,4.82,Medium
0,1,0,0,0,0,4.12,Medium
1,0,0,0,0,0,0.34,Low
0,0,0,0,1,0,3.27,Medium
1,0,0,0,0,0,1.22,Low
1,1,0,1,0,1,8.18,High
1,0,0,0,0,0,0.11,Low
1,0,0,0,1,0,1.31,Low
0,1,0,0,0,0,4.94,Medium
0,1,0,0,0,0,3.96,Medium
1,0,0,0,0,0,-0.42,Low
1,0,0,0,0,0,-0.87,Low
0,0,0,0,1,0,3.87,Medium
1,0,0,0,0,0,-0.94,Low
1,0,0,0,1,0,2.28,Low
1,0,0,0,0,0,0.62,Low
1,0,0,0,0,0,-0.31,Low
0,0,0,0,0,0,2.19,Low
1,0,1,0,0,0,1.98,Low
1,0,0,0,0,0,-0.14,Low
0,0,0,0,0,0,1.92,Low
1,0,1,0,0,0,1.0,Low
1,0,0,1,1,0,3.65,Medium
1,0,0,0,0,0,-0.28,Low
1,0,0,0,0,0,-0.62,Low
1,1,1,0,0,0,3.34,Medium
1,0,0,0,0,0,-0.06,Low
1,0,0,0,0,0,0.48,Low
1,1,0,0,1,0,4.82,Medium
1,1,1,0,0,0,2.16,Low
1,0,0,0,0,0,-0.67,Low
1,0,0,0,0,0,0.55,Low
1,0,0,0,0,0,-0.2,Low
1,0,0,0,0,0,0.06,Low
1,0,0,0,0,0,0.07,Low
0,1,1,0,0,0,4.24,Medium
0,0,0,0,1,0,4.4,Medium
1,0,0,0,0,0,0.2,Low
0,0,0,0,0,0,1.19,Low
1,0,0,0,0,0,-0.13,Low
0,0,0,1,0,0,3.91,Medium
1,0,1,0,0,0,1.6,Low
1,0,0,0,0,0,0.94,Low
1,0,0,0,0,0,-0.01,Low
1,1,0,0,0,0,0.66,Low
0,1,0,0,0,0,4.58,Medium
1,0,0,0,0,0,1.76,Low
1,1,0,0,0,0,2.57,Medium
1,0,0,0,0,0,-0.22,Low
1,0,0,0,0,0,0.32,Low
1,0,0,0,0,0,0.64,Low
1,0,0,0,0,0,0.09,Low
0,0,0,0,0,0,3.05,Medium
1,0,0,1,0,0,1.09,Low
1,0,1,1,1,1,8.68,High
0,1,0,0,0,0,4.37,Medium
1,0,0,0,0,0,0.56,Low
1,0,1,0,0,0,0.56,Low
1,0,0,0,0,0,-0.36,Low
0,1,0,0,0,0,3.47,Medium
1,0,0,0,0,0,-0.6,Low
0,0,0,0,0,0,2.42,Low
0,0,0,0,0,0,1.97,Low
1,0,0,1,1,0,5.04,Medium
1,0,0,0,0,0,-0.87,Low
1,0,0,0,0,0,-0.13,Low
1,0,0,0,0,0,0.59,Low
0,0,0,0,0,0,2.28,Low
0,1,0,1,1,0,7.12,High
1,0,1,0,0,0,1.92,Low
1,0,0,0,0,0,0.08,Low
1,0,0,0,1,0,3.53,Medium
1,0,1,0,0,0,0.89,Low
1,0,0,0,1,0,2.93,Medium
1,1,0,0,0,0,1.71,Low
1,0,1,0,0,0,0.81,Low
1,0,1,0,0,0,1.4,Low
1,0,0,0,0,0,-1.36,Low
0,0,0,0,0,0,0.38,Low
0,1,0,0,0,0,3.46,Medium
1,0,1,0,0,0,-0.04,Low
1,0,1,0,0,0,-0.8,Low
1,1,0,0,0,0,2.59,Medium
1,1,0,0,1,0,3.37,Medium
1,0,1,1,1,0,4.73,Medium
1,0,0,0,0,0,0.11,Low
1,0,0,1,1,0,4.4,Medium
1,0,0,0,0,0,0.23,Low
1,1,0,0,0,0,2.16,Low
1,0,1,0,0,0,1.38,Low
1,0,1,0,0,0,0.6,Low
0,0,0,0,0,0,1.43,Low
1,0,0,0,0,0,-1.85,Low
1,0,0,0,0,0,0.51,Low
1,0,0,0,0,0,-0.55,Low
0,0,0,0,0,0,3.59,Medium
1,0,0,1,0,0,2.59,Medium
1,1,0,0,0,0,2.76,Medium
0,0,0,1,1,0,6.56,High
1,0,0,0,0,1,4.42,Medium
1,0,1,0,0,0,1.38,Low
1,0,0,1,0,0,2.46,Low
1,0,0,0,0,0,0.14,Low
1,0,0,0,0,0,-0.49,Low
1,0,0,0,0,0,-0.94,Low
1,0,0,0,0,0,0.34,Low
1,0,0,0,0,0,1.03,Low
1,0,1,0,0,1,4.9,Medium
1,1,0,1,0,0,4.12,Medium
1,0,0,0,0,0,-1.05,Low
0,1,0,0,1,0,5.64,High
1,0,0,0,0,0,-0.98,Low
1,0,0,1,0,0,1.07,Low
1,0,1,0,0,0,1.08,Low
1,0,0,1,1,0,3.95,Medium
1,0,0,0,0,0,0.63,Low
1,0,0,0,0,0,0.61,Low
1,0,1,0,0,0,0.3,Low
1,0,0,0,0,0,-1.55,Low
0,1,0,0,0,0,3.24,Medium
1,0,0,0,0,0,-0.57,Low
1,0,0,0,0,0,0.44,Low
1,0,0,0,0,0,0.49,Low
1,0,0,0,0,0,-0.04,Low
1,0,0,0,0,0,0.59,Low
1,0,0,0,0,0,2.05,Low
1,0,0,0,0,0,-0.09,Low
1,0,0,0,0,0,-0.19,Low
0,1,0,0,1,0,5.33,Medium
1,0,0,0,0,0,0.26,Low
1,0,0,0,0,0,0.91,Low
0,1,0,0,0,0,3.6,Medium
1,0,0,0,0,0,-0.31,Low
1,0,0,0,0,0,-0.42,Low
1,0,0,1,0,0,1.08,Low
1,0,0,0,0,0,0.11,Low
1,0,0,0,0,0,0.14,Low
1,0,0,0,0,0,-0.03,Low
1,0,0,0,0,0,1.47,Low
1,0,0,0,0,0,0.32,Low
0,0,0,0,0,1,5.11,Medium
1,0,0,1,1,0,4.51,Medium
1,0,0,0,0,0,-0.27,Low
1,0,0,0,0,0,-0.26,Low
1,0,1,0,0,0,0.86,Low
0,0,0,0,0,0,1.77,Low
1,0,0,0,0,0,0.22,Low
1,0,0,0,0,0,1.69,Low
1,0,1,0,1,0,2.71,Medium
1,0,0,0,0,0,0.07,Low
1,0,0,0,0,0,0.19,Low
1,0,0,0,0,0,-0.41,Low
1,0,1,0,0,0,0.68,Low
1,0,1,0,0,0,1.79,Low
1,0,0,0,0,0,-0.41,Low
1,0,0,1,0,0,1.29,Low
0,1,0,1,1,0,9.43,High
0,0,0,0,0,0,1.04,Low
0,0,0,0,0,0,2.71,Medium
0,0,1,1,0,0,4.84,Medium
1,0,0,0,0,0,-0.97,Low
1,0,0,0,0,0,-0.3,Low
1,0,0,0,0,0,-0.18,Low
0,1,0,1,1,0,6.7,High
1,0,0,0,0,0,0.34,Low
0,0,0,0,0,0,2.26,Low
1,0,0,1,1,0,3.72,Medium
0,0,0,1,1,0,6.38,High
1,0,0,0,0,0,0.16,Low
1,0,0,1,1,0,5.03,Medium
0,0,1,1,0,0,4.14,Medium
1,1,0,0,0,0,1.77,Low
0,0,0,0,0,0,2.8,Medium
1,0,0,0,0,0,0.43,Low
1,0,0,0,0,0,-1.84,Low
1,0,0,1,1,0,2.66,Medium
1,0,0,0,0,0,0.0,Low
1,0,1,0,0,0,2.31,Low
1,0,0,1,0,0,1.65,Low
1,0,0,1,1,0,4.52,Medium
1,0,0,0,0,0,0.07,Low
1,0,0,1,0,0,2.46,Low
1,0,0,0,0,0,0.86,Low
1,0,0,0,0,0,0.76,Low
1,0,0,0,0,0,0.73,Low
1,0,0,0,0,0,-0.49,Low
1,0,0,0,1,0,1.88,Low
1,0,0,0,0,0,0.41,Low
1,1,0,0,0,0,2.39,Low
0,0,0,1,0,0,4.48,Medium
0,1,0,0,0,0,2.59,Medium
1,0,0,0,0,0,0.96,Low
1,1,0,0,0,0,0.64,Low
0,0,1,0,0,0,2.4,Low
1,0,0,0,0,0,0.16,Low
1,1,0,0,1,0,3.98,Medium
1,0,1,1,0,0,4.13,Medium
1,0,0,1,0,0,1.06,Low
0,1,0,0,0,0,3.71,Medium
1,0,0,0,0,0,-1.58,Low
1,0,0,0,0,0,0.11,Low
1,0,0,0,0,0,-0.17,Low
0,0,0,0,0,0,1.01,Low
0,0,0,0,0,0,3.05,Medium
1,0,0,0,0,0,0.86,Low
1,1,0,0,0,0,2.06,Low
1,0,0,0,0,0,0.91,Low
0,1,0,0,0,0,3.93,Medium
0,0,0,0,0,0,2.57,Medium
1,0,1,0,0,0,1.69,Low
1,0,0,0,0,0,-0.85,Low
1,1,0,0,0,1,6.35,High
1,0,1,0,0,0,1.13,Low
1,0,1,0,0,0,0.18,Low
1,0,0,0,0,0,-1.02,Low
1,0,0,0,0,0,0.4,Low
1,0,0,1,0,0,1.77,Low
1,0,0,0,0,0,-1.17,Low
1,0,0,0,1,0,2.46,Low
1,1,0,0,0,0,2.75,Medium
1,0,0,0,0,0,-0.94,Low
1,0,0,0,0,0,-0.0,Low
1,1,0,0,0,0,3.21,Medium
1,0,0,0,0,0,-0.73,Low
0,0,0,0,0,0,3.37,Medium
1,1,0,0,0,0,1.74,Low
0,0,0,0,0,0,1.94,Low
1,0,0,0,1,0,0.88,Low
1,0,0,0,0,0,-1.09,Low
1,0,1,0,0,0,0.48,Low
1,0,0,0,0,0,0.71,Low
1,0,0,0,0,0,1.87,Low
1,0,1,0,0,0,3.08,Medium
0,0,0,0,0,0,1.9,Low
1,0,1,0,0,0,0.71,Low
0,1,0,0,0,0,3.21,Medium
0,1,0,0,0,0,4.89,Medium
1,0,0,1,1,0,3.42,Medium
1,0,1,1,0,0,2.81,Medium
1,0,1,1,1,0,5.4,Medium
0,1,0,1,1,0,8.36,High
1,0,0,0,0,0,-0.49,Low
0,0,0,0,0,0,1.92,Low
1,1,0,0,0,0,1.53,Low
0,0,0,1,1,0,5.33,Medium
1,0,0,0,0,0,-0.82,Low
1,0,0,0,0,0,-1.18,Low
0,0,0,0,0,0,2.29,Low
0,0,0,0,0,0,1.81,Low
1,0,0,1,0,1,5.09,Medium
1,0,0,0,0,0,-0.98,Low
1,0,1,0,0,0,0.01,Low
0,1,0,0,0,0,3.51,Medium
0,1,0,1,1,0,8.9,High
0,0,0,0,0,0,1.45,Low
1,0,1,0,0,0,1.45,Low
1,1,0,0,0,0,3.25,Medium
1,0,0,0,0,0,0.13,Low
0,0,1,0,0,0,2.39,Low
1,1,0,0,0,0,1.93,Low
0,0,0,0,0,0,1.97,Low
1,1,0,0,0,0,3.38,Medium
1,0,1,0,0,0,-0.39,Low
1,0,0,0,0,0,0.89,Low
1,0,0,1,1,0,2.61,Medium
1,0,0,0,0,0,0.65,Low
1,0,0,0,0,0,-0.33,Low
1,0,1,0,0,0,2.46,Low
0,0,0,0,0,0,2.54,Medium
1,0,0,0,0,0,0.46,Low
1,0,1,0,0,0,0.25,Low
1,0,0,0,0,0,1.44,Low
1,0,0,0,1,0,4.25,Medium
0,1,0,0,0,0,5.61,High
1,1,0,1,0,0,3.2,Medium
0,0,0,0,0,0,1.85,Low
1,0,0,0,0,0,-0.95,Low
1,0,0,0,0,0,-0.49,Low
1,0,0,0,0,0,0.23,Low
1,0,0,0,0,0,0.58,Low
1,0,0,0,0,0,0.43,Low
1,1,0,1,0,0,2.62,Medium
1,0,0,0,0,0,-0.03,Low
1,1,0,0,0,0,2.41,Low
1,0,1,0,0,0,1.76,Low
1,0,1,0,0,0,1.34,Low
1,0,0,0,0,0,0.39,Low
1,0,1,0,0,0,0.81,Low
1,0,1,0,0,0,1.22,Low
1,0,0,0,1,0,4.07,Medium
1,1,0,0,0,0,2.97,Medium
0,0,1,0,0,0,3.29,Medium
1,0,0,0,1,1,6.58,High
1,0,0,0,0,0,0.06,Low
0,1,0,0,0,0,4.06,Medium
1,0,0,1,0,0,2.76,Medium
1,0,0,0,0,0,-0.48,Low
1,0,0,0,1,0,1.9,Low
1,0,0,0,0,0,-1.1,Low
1,1,0,0,0,0,2.62,Medium
0,0,1,0,0,0,3.86,Medium
1,0,0,0,0,0,0.48,Low
0,0,0,0,0,0,1.81,Low
1,0,0,0,1,0,1.96,Low
1,0,0,0,0,0,0.12,Low
1,0,1,1,0,0,3.88,Medium
0,0,0,0,0,0,2.83,Medium
0,0,0,0,0,0,0.85,Low
1,0,0,0,0,0,-0.7,Low
0,1,0,0,0,0,4.35,Medium
1,1,0,0,0,0,0.93,Low
1,0,0,0,0,0,0.73,Low
1,0,0,1,0,0,1.78,Low
1,0,0,0,0,0,0.57,Low
1,1,1,0,1,0,5.03,Medium
1,0,0,0,0,0,-0.08,Low
1,0,0,0,0,0,-0.87,Low
1,0,1,0,0,0,0.56,Low
1,0,1,0,1,0,2.91,Medium
0,1,0,0,0,0,3.88,Medium
1,1,1,0,0,0,3.58,Medium
1,1,0,0,0,0,1.49,Low
1,1,0,0,0,1,5.98,High
1,1,0,0,0,0,3.2,Medium
0,0,0,0,0,0,2.66,Medium
1,0,0,0,0,0,0.08,Low
0,0,0,0,0,0,0.83,Low
1,1,0,1,0,0,2.9,Medium
1,0,1,1,0,1,7.51,High
1,0,0,0,0,0,0.59,Low
1,0,0,0,0,0,-1.56,Low
1,0,0,0,0,0,0.56,Low
1,0,0,0,0,0,-0.45,Low
1,0,0,0,0,0,-0.32,Low
1,0,0,1,0,0,2.71,Medium
0,0,0,1,1,0,6.59,High
1,0,0,0,1,0,1.92,Low
1,0,0,0,0,0,0.55,Low
1,1,0,0,0,0,1.71,Low
1,0,0,0,0,0,-0.63,Low
1,0,0,0,1,0,3.01,Medium
0,0,1,0,0,0,4.06,Medium
0,0,0,0,0,0,1.49,Low
1,0,1,0,0,1,4.57,Medium
1,0,0,0,1,0,2.71,Medium
1,0,0,0,0,0,-0.55,Low
1,0,0,0,0,0,0.64,Low
1,0,0,0,0,1,3.18,Medium
1,0,1,0,0,0,0.77,Low
1,0,1,0,0,0,1.78,Low
1,1,0,0,1,0,3.22,Medium
1,0,0,0,0,0,-0.47,Low
1,0,1,0,0,0,1.3,Low
1,0,0,1,0,0,0.56,Low
1,0,1,0,0,0,1.06,Low
0,0,1,1,1,0,7.93,High
1,0,0,0,0,0,0.69,Low
0,0,0,0,0,0,1.96,Low
1,0,0,0,1,0,2.02,Low
1,0,0,0,0,0,1.19,Low
1,0,0,0,0,0,1.1,Low
1,0,0,0,0,0,-0.08,Low
0,1,0,0,0,0,3.5,Medium
1,0,1,0,0,0,1.69,Low
1,0,0,0,0,0,0.9,Low
1,0,0,0,1,0,3.1,Medium
0,1,0,0,0,0,4.47,Medium
1,0,0,0,0,0,-0.28,Low
0,0,0,0,1,0,2.66,Medium
0,0,0,0,0,0,3.55,Medium
1,0,0,0,1,0,3.28,Medium
0,0,0,1,1,0,5.39,Medium
0,0,1,0,0,0,3.15,Medium
1,0,0,0,0,0,-0.18,Low
1,0,0,0,0,0,0.05,Low
1,0,1,0,0,0,0.68,Low
1,0,1,1,1,0,5.55,High
1,0,0,0,0,0,-0.91,Low
1,0,0,0,1,0,1.68,Low
1,0,0,0,0,0,0.7,Low
1,0,0,0,0,0,-1.58,Low
1,0,0,0,0,0,0.25,Low
0,1,0,1,1,0,7.56,High
1,0,0,0,0,0,1.29,Low
1,0,0,0,0,0,0.26,Low
1,0,0,0,1,0,1.37,Low
1,0,0,0,0,0,1.16,Low
0,0,0,0,0,0,2.02,Low
1,0,0,0,0,0,0.11,Low
1,1,1,0,0,0,3.71,Medium
0,1,0,0,0,0,3.52,Medium
0,1,0,0,0,0,5.16,Medium
1,0,0,0,0,0,0.46,Low
0,1,0,1,0,0,5.49,Medium
1,0,0,0,0,0,-0.35,Low
1,0,0,0,0,0,-1.01,Low
1,0,0,0,0,0,0.25,Low
1,0,0,1,0,0,1.86,Low
0,1,1,0,0,0,5.25,Medium
1,0,0,0,0,0,-1.36,Low
1,0,0,0,0,0,-0.42,Low
0,0,0,1,0,0,3.21,Medium
1,0,0,0,0,0,0.39,Low
0,1,0,0,1,0,5.52,High
0,1,0,0,0,0,4.38,Medium
1,0,0,0,0,0,-0.43,Low
1,0,0,0,0,0,1.3,Low
1,0,0,0,0,0,0.04,Low
1,0,0,0,0,0,0.73,Low
1,0,0,0,0,0,-0.09,Low
1,0,0,0,0,0,0.74,Low
0,1,1,0,0,0,4.38,Medium
1,0,0,1,1,0,3.97,Medium
1,0,0,0,0,0,-0.37,Low
1,0,0,0,0,0,1.49,Low
1,0,0,1,0,0,1.05,Low
0,0,0,0,0,0,3.66,Medium
1,0,0,0,1,0,0.9,Low
1,0,0,0,0,0,0.59,Low
1,0,0,0,0,0,-0.5,Low
1,1,1,0,0,0,3.2,Medium
1,1,0,1,0,0,3.86,Medium
1,0,0,0,0,1,3.34,Medium
1,0,0,0,0,0,0.06,Low
0,0,0,0,0,0,1.67,Low
0,0,0,0,0,0,2.46,Low
1,0,0,0,0,0,-0.8,Low
0,0,0,0,0,0,2.38,Low
1,0,0,0,0,0,0.69,Low
1,0,0,0,0,0,-0.09,Low
1,0,0,0,0,0,-1.06,Low
1,1,0,0,0,0,3.39,Medium
1,0,0,0,0,0,0.37,Low
1,1,0,0,0,0,1.42,Low
1,0,0,0,0,0,0.4,Low
0,1,0,1,0,0,4.66,Medium
1,0,0,0,0,0,0.94,Low
1,0,0,0,0,0,1.7,Low
0,0,0,0,0,0,2.66,Medium
1,0,0,0,0,0,-0.8,Low
1,0,1,0,0,1,3.41,Medium
0,0,0,0,0,0,3.09,Medium
1,0,0,1,1,0,3.88,Medium
1,0,0,1,0,0,1.69,Low
1,0,0,0,0,0,0.93,Low
0,1,0,0,0,0,3.53,Medium
1,0,0,0,0,0,0.61,Low
0,0,0,0,0,0,2.02,Low
1,0,0,0,0,0,0.2,Low
1,1,0,0,0,0,3.3,Medium
0,0,1,0,1,0,4.61,Medium
1,0,0,0,0,0,-0.46,Low
1,0,0,0,1,0,1.84,Low
1,0,0,0,0,0,-0.96,Low
0,0,1,0,1,0,5.75,High
1,0,0,0,0,0,0.64,Low
1,1,0,1,1,0,5.99,High
1,0,1,0,0,0,0.26,Low
0,1,1,0,0,0,2.8,Medium
1,1,0,0,0,0,1.33,Low
1,0,0,0,0,0,-0.18,Low
1,0,0,0,0,0,-1.52,Low
1,0,0,0,0,0,2.0,Low
1,1,0,0,0,0,2.33,Low
1,0,0,0,0,0,0.44,Low
1,0,0,0,0,0,-0.12,Low
0,1,0,0,1,0,6.59,High
0,1,0,0,0,0,3.76,Medium
1,0,0,0,0,0,-0.13,Low
0,0,0,0,0,0,3.12,Medium
1,0,0,1,0,0,2.88,Medium
0,1,0,0,0,0,3.99,Medium
1,0,0,0,0,0,1.62,Low
1,1,1,0,0,0,2.93,Medium
0,0,1,0,0,0,2.6,Medium
0,1,0,0,0,0,4.1,Medium
1,0,0,0,0,0,0.24,Low
1,0,0,0,0,0,-0.95,Low
1,0,0,0,0,0,0.39,Low
1,0,0,0,0,0,1.69,Low
1,0,0,0,0,0,0.76,Low
1,0,0,0,0,0,0.53,Low
0,0,0,1,0,0,4.38,Medium
1,0,1,0,0,0,0.2,Low
1,0,0,0,0,0,-0.8,Low
1,0,1,0,1,0,3.13,Medium
1,0,0,0,0,0,-0.34,Low
1,0,0,0,0,0,-1.16,Low
1,0,0,0,0,0,-0.28,Low
0,0,0,0,0,0,2.36,Low
0,1,1,0,0,0,5.46,Medium
1,0,1,0,0,0,0.33,Low
1,0,0,0,0,0,-0.04,Low
1,0,0,1,1,0,4.33,Medium
0,0,0,0,0,0,0.99,Low
0,0,0,0,0,0,1.38,Low
1,0,0,0,0,0,-0.01,Low
1,0,0,0,0,0,-0.73,Low
0,0,1,0,0,0,2.74,Medium
1,0,0,0,0,0,2.0,Low
1,0,0,0,0,0,-1.21,Low
0,0,1,0,0,0,4.14,Medium
1,0,0,0,0,0,0.27,Low
1,1,0,0,0,0,1.02,Low
1,0,0,0,0,0,0.54,Low
1,0,0,0,0,0,0.03,Low
1,0,1,1,1,0,5.96,High
1,0,1,0,0,0,1.53,Low
1,0,0,0,0,0,0.16,Low
1,0,0,0,0,0,-0.25,Low
0,0,0,0,0,1,6.94,High
1,0,0,1,0,0,1.69,Low
1,0,1,0,0,0,-0.12,Low
1,0,1,0,0,0,-0.52,Low
1,0,0,0,0,0,-0.99,Low
1,0,0,0,1,0,2.64,Medium
1,1,0,0,0,0,1.71,Low
0,0,0,0,0,0,1.38,Low
1,1,0,0,0,0,1.65,Low
0,0,1,0,0,1,7.66,High
0,0,0,0,1,0,4.51,Medium
1,0,1,0,0,0,1.13,Low
1,0,0,1,0,0,1.52,Low
0,1,0,0,0,0,3.69,Medium
0,0,0,0,0,0,1.89,Low
1,1,1,0,0,0,2.28,Low
1,0,0,1,1,0,3.91,Medium
1,0,0,0,1,0,1.24,Low
0,1,0,0,0,0,4.29,Medium
1,0,0,0,0,0,0.38,Low
1,0,1,0,1,0,3.89,Medium
0,1,0,0,0,0,4.21,Medium
1,1,1,0,0,0,3.18,Medium
1,0,0,0,0,0,-0.67,Low
1,0,0,0,0,0,-0.04,Low
0,0,0,0,0,0,1.18,Low
1,1,1,0,0,0,1.64,Low
1,0,0,0,0,0,-0.21,Low
1,1,0,0,0,0,1.6,Low
1,0,0,1,1,0,4.49,Medium
1,0,0,0,1,0,1.23,Low
1,0,0,0,0,0,2.25,Low
1,0,0,0,1,0,1.62,Low
0,0,1,0,0,0,2.94,Medium
0,0,0,0,0,0,1.55,Low
1,0,0,0,0,0,0.62,Low
1,0,1,0,1,0,2.83,Medium
1,0,0,0,0,0,-0.78,Low
0,1,0,0,0,0,2.53,Medium
1,0,1,0,1,1,7.46,High
1,0,1,0,0,0,1.52,Low
1,0,0,0,0,0,0.27,Low
1,0,0,0,0,0,-0.17,Low
1,0,0,0,0,0,-0.26,Low
1,0,1,0,0,0,1.62,Low
1,0,0,0,0,0,-0.08,Low
1,0,0,0,0,0,0.9,Low
1,0,0,0,0,0,-0.08,Low
1,0,0,0,0,0,-0.11,Low
1,0,0,1,1,1,8.3,High
1,1,0,0,0,0,3.11,Medium
1,0,0,1,1,0,4.94,Medium
1,0,1,0,0,0,0.96,Low
1,0,0,0,0,0,-0.3,Low
1,0,0,0,0,0,-0.97,Low
1,0,1,0,0,0,1.55,Low
1,0,0,0,0,0,-1.43,Low
0,1,0,0,1,0,7.36,High
1,0,1,1,1,0,5.67,High
1,1,0,0,0,0,1.4,Low
1,0,1,0,0,0,1.98,Low
1,0,0,0,0,0,0.44,Low
1,0,0,0,0,0,0.37,Low
1,0,0,0,0,0,-0.21,Low
1,0,0,0,0,0,0.44,Low
1,1,1,0,0,0,1.87,Low
1,1,0,0,1,0,4.05,Medium
0,1,0,0,0,0,3.46,Medium
0,1,0,0,0,0,3.77,Medium
1,1,0,0,0,0,1.45,Low
1,0,0,0,0,0,-0.51,Low
1,1,0,0,0,0,3.03,Medium
1,0,1,0,0,0,-0.15,Low
1,0,0,0,0,0,0.33,Low
1,1,0,0,0,0,1.1,Low
1,1,0,0,0,0,3.06,Medium
1,0,1,0,0,0,1.34,Low
1,0,0,0,0,0,-1.12,Low
1,0,0,1,0,0,2.27,Low
0,0,0,1,0,0,3.44,Medium
1,0,0,0,0,0,0.18,Low
1,0,0,0,1,0,0.94,Low
1,0,0,0,0,0,0.98,Low
1,0,0,0,0,0,-1.6,Low
1,0,0,0,0,1,3.35,Medium
1,0,0,0,0,0,-0.87,Low
1,0,0,0,0,0,0.3,Low
1,0,0,0,0,0,-0.39,Low
1,0,0,0,0,0,-0.15,Low
1,0,0,0,0,0,-0.51,Low
1,0,0,1,1,1,6.91,High
1,0,0,0,0,0,-0.18,Low
1,0,0,0,1,0,0.96,Low
1,0,0,1,0,0,0.53,Low
0,1,0,0,0,0,4.5,Medium
1,0,1,0,0,0,0.01,Low
1,0,1,0,0,0,2.17,Low
1,0,1,0,0,1,6.13,High
0,0,0,0,0,0,2.71,Medium
0,0,0,0,0,0,1.09,Low
1,0,1,0,0,0,2.7,Medium
1,0,0,0,0,0,-1.88,Low
1,0,0,0,0,0,-0.71,Low
1,0,0,0,0,0,0.67,Low
1,0,0,0,0,0,0.6,Low
1,0,1,1,0,0,2.42,Low
1,1,0,1,1,0,5.37,Medium
1,0,0,0,0,0,-0.17,Low
0,0,1,0,0,0,2.93,Medium
1,0,0,0,0,0,-0.38,Low
1,1,0,1,0,0,5.33,Medium
1,0,0,0,0,0,-0.55,Low
0,1,0,0,0,0,5.17,Medium
0,1,0,0,1,0,6.32,High
1,0,0,0,1,0,2.82,Medium
1,0,1,0,0,0,-0.2,Low
0,0,0,0,0,1,6.82,High
1,1,0,0,0,0,2.79,Medium
1,1,0,0,0,0,1.47,Low
0,0,0,0,1,0,4.68,Medium
1,1,0,0,0,0,0.82,Low
1,0,1,0,0,0,0.62,Low
0,1,0,0,0,0,4.93,Medium
1,0,0,1,0,0,1.85,Low
1,0,0,0,0,0,-0.21,Low
1,0,0,0,0,0,1.12,Low
1,0,0,0,0,0,-1.56,Low
1,0,0,0,0,0,-0.14,Low
1,0,0,0,0,0,-0.05,Low
1,1,0,0,0,0,1.36,Low
1,0,0,1,1,0,5.1,Medium
1,1,0,0,0,0,1.27,Low
1,0,0,0,0,0,-0.72,Low
0,1,0,0,0,0,2.02,Low
1,0,0,0,0,0,0.89,Low
1,0,1,0,0,0,0.74,Low
1,1,0,0,0,0,1.74,Low
1,0,0,0,0,0,-0.17,Low
1,0,0,1,0,0,2.95,Medium
1,0,0,0,0,0,1.29,Low
1,0,0,0,0,0,-1.39,Low
1,1,1,1,0,0,4.63,Medium
1,0,0,0,0,0,-0.91,Low
1,1,0,0,0,0,1.82,Low
1,0,0,0,0,0,-0.07,Low
1,0,0,1,0,0,0.63,Low
1,0,0,0,0,0,0.29,Low
1,0,0,0,1,0,1.64,Low
1,0,0,0,0,1,4.62,Medium
1,0,0,1,0,0,2.02,Low
1,0,1,0,0,0,-0.37,Low
1,0,0,0,0,1,4.49,Medium
0,1,0,0,0,0,2.93,Medium
0,0,0,0,0,0,1.01,Low
1,0,0,0,0,1,3.75,Medium
1,0,0,0,0,0,-0.23,Low
1,0,0,0,1,0,0.6,Low
1,0,0,0,0,0,-0.12,Low
1,0,0,0,0,0,-0.07,Low
1,0,0,0,0,0,-0.1,Low
1,0,1,0,0,0,-0.35,Low
0,0,0,0,0,0,2.12,Low
1,1,0,0,0,0,2.5,Low
0,1,0,0,0,0,2.92,Medium
0,0,0,0,0,0,1.14,Low
1,0,0,0,0,0,0.63,Low
1,0,0,0,0,0,1.26,Low
1,0,0,1,1,0,3.87,Medium
1,0,1,0,0,0,0.64,Low
1,0,0,0,0,0,0.16,Low
1,0,0,0,0,0,1.09,Low
1,0,0,0,0,0,-0.68,Low
0,1,0,0,0,0,3.61,Medium
1,0,1,0,0,1,4.59,Medium
0,0,0,0,1,0,2.87,Medium
1,0,0,0,0,0,0.68,Low
0,1,1,0,0,0,5.21,Medium
1,0,1,0,0,0,-0.61,Low
1,0,0,0,0,0,-0.01,Low
0,0,1,1,0,0,6.33,High
1,0,0,0,0,0,0.22,Low
1,0,0,0,0,0,1.28,Low
1,1,0,0,0,0,1.55,Low
1,0,0,0,0,0,0.77,Low
1,0,0,1,0,0,3.05,Medium
1,1,1,1,0,0,4.94,Medium
1,1,0,0,0,0,1.67,Low
1,0,1,0,0,0,1.88,Low
0,0,0,0,0,0,2.43,Low
1,0,0,0,1,0,2.76,Medium
1,0,0,0,0,0,0.33,Low
1,1,0,0,0,0,1.94,Low
1,0,0,0,0,0,-0.07,Low
1,0,0,0,0,0,-0.28,Low
1,0,0,0,0,0,0.32,Low
1,1,1,0,0,0,2.86,Medium
1,1,0,0,0,0,2.2,Low
1,1,0,0,0,0,1.37,Low
0,0,0,1,1,0,5.32,Medium
1,0,0,0,0,0,0.47,Low
1,0,0,0,0,0,0.31,Low
0,0,0,1,0,0,3.66,Medium
1,0,1,0,0,0,2.1,Low
0,0,0,0,0,0,1.34,Low
1,1,0,0,0,0,2.35,Low
0,1,1,1,0,0,7.37,High
1,0,1,0,1,0,3.04,Medium
1,0,1,0,0,0,2.01,Low
1,0,0,0,0,0,1.3,Low
1,1,0,0,0,0,1.08,Low
0,0,0,0,1,0,2.18,Low
1,0,1,0,0,0,0.61,Low
1,0,1,0,0,0,0.21,Low
1,0,0,0,0,0,-0.35,Low
1,0,0,0,0,0,1.46,Low
1,0,0,0,0,0,2.16,Low
1,0,0,0,0,0,-0.76,Low
1,0,0,0,0,0,0.18,Low
1,1,0,0,0,0,2.16,Low
0,1,1,0,0,0,5.28,Medium
1,0,0,0,0,0,-1.1,Low
1,1,0,0,0,0,2.99,Medium
0,0,0,0,0,0,2.72,Medium
1,0,0,0,0,0,-0.38,Low
1,0,0,0,0,0,0.98,Low
1,0,1,0,0,0,-0.15,Low
1,1,0,0,0,0,0.65,Low
1,0,0,0,1,0,2.21,Low
1,1,0,0,0,0,2.34,Low
1,0,0,0,0,1,3.87,Medium
1,0,0,0,0,0,0.89,Low
1,1,0,0,1,0,3.47,Medium
0,0,0,0,0,0,2.96,Medium
1,1,0,0,0,0,2.63,Medium
1,0,0,0,0,0,1.49,Low
1,0,1,0,0,0,-0.42,Low
0,1,0,0,0,0,3.61,Medium
1,0,0,0,0,0,-0.72,Low
1,1,0,0,0,0,2.62,Medium
0,1,0,0,0,0,5.26,Medium
1,1,0,0,0,0,1.7,Low
0,0,1,0,0,0,3.48,Medium
1,0,0,0,0,0,1.15,Low
1,1,0,0,0,0,2.26,Low
0,0,1,0,0,0,3.56,Medium
1,0,0,0,0,0,-1.59,Low
1,1,0,0,0,0,3.25,Medium
1,0,0,0,0,0,-0.24,Low
0,1,0,0,0,0,6.14,High
1,0,0,0,0,0,-0.68,Low
1,0,0,0,0,0,0.38,Low
1,0,0,0,0,0,0.66,Low
1,0,0,0,0,0,-2.0,Low
1,0,0,0,0,0,1.42,Low
1,0,0,0,0,0,0.59,Low
1,1,0,0,0,0,0.8,Low
1,0,0,0,0,0,0.3,Low
1,0,0,0,0,0,0.29,Low
1,0,0,0,0,0,-0.11,Low
0,1,0,0,0,0,3.52,Medium
0,1,0,0,0,0,3.95,Medium
1,0,0,0,0,0,0.69,Low
1,0,0,1,1,0,4.66,Medium
1,0,0,0,0,0,0.01,Low
1,0,0,1,0,0,2.18,Low
1,0,1,0,0,0,0.9,Low
1,0,1,0,0,0,0.22,Low
1,0,1,0,0,0,0.95,Low
0,1,1,1,0,0,6.41,High
1,0,0,0,1,0,1.2,Low
1,0,0,0,0,0,-1.94,Low
1,0,0,0,0,0,-0.33,Low
0,1,0,0,0,0,4.63,Medium
1,1,0,0,0,0,2.98,Medium
1,0,0,1,1,0,4.36,Medium
1,1,0,0,0,0,0.96,Low
1,0,0,0,0,0,-0.12,Low
1,0,0,1,1,0,3.08,Medium
1,0,0,0,0,0,1.53,Low
1,0,0,0,0,0,-0.31,Low
1,0,1,0,1,0,2.6,Medium
1,0,1,0,0,0,1.74,Low
0,0,0,0,0,0,1.97,Low
1,0,0,0,0,0,0.86,Low
1,0,1,1,1,0,4.1,Medium
1,0,0,0,0,0,0.07,Low
1,1,1,0,0,0,3.41,Medium
1,0,0,0,0,0,-2.09,Low
1,0,0,0,1,0,1.45,Low
0,0,0,0,0,0,1.51,Low
0,0,0,0,0,0,2.04,Low
1,0,0,0,0,0,-0.25,Low
1,0,0,0,0,0,0.24,Low
1,0,0,0,0,0,-0.19,Low
1,0,0,0,0,1,4.92,Medium
1,0,0,0,0,0,1.69,Low
1,0,0,0,0,0,-1.2,Low
0,1,0,0,0,0,4.02,Medium
1,0,0,0,0,0,0.87,Low
0,0,0,0,0,0,1.44,Low
0,1,0,0,0,0,4.22,Medium
0,0,0,0,0,0,1.7,Low
1,0,0,0,0,0,-0.8,Low
1,0,0,0,0,0,-0.81,Low
1,0,1,0,0,0,-0.98,Low
1,0,1,0,0,0,1.13,Low
1,0,0,0,0,0,0.19,Low
0,1,0,0,0,0,3.24,Medium
1,0,0,0,0,0,-0.22,Low
0,0,0,0,0,0,0.85,Low
0,1,0,0,0,1,8.43,High
1,0,1,0,0,0,0.68,Low
1,0,0,0,0,0,0.62,Low
1,0,0,0,0,0,-0.26,Low
1,0,0,0,0,0,-0.79,Low
0,0,0,0,0,0,1.57,Low
1,0,0,0,0,0,1.21,Low
1,1,0,0,0,0,3.68,Medium
1,0,0,0,1,0,0.79,Low
1,0,0,0,0,0,0.72,Low
1,0,0,0,0,0,-0.89,Low
0,1,0,0,0,0,3.39,Medium
1,0,0,0,0,0,0.17,Low
1,0,0,0,0,0,0.39,Low
1,0,0,0,0,0,-0.58,Low
1,0,0,0,0,0,0.49,Low
1,0,1,0,0,0,1.95,Low
0,0,0,0,0,0,2.58,Medium
1,0,0,1,0,0,1.23,Low
1,1,0,1,0,0,3.64,Medium
1,0,0,0,0,0,0.7,Low
1,0,0,0,0,0,1.24,Low
1,0,0,1,0,0,0.98,Low
1,0,0,0,0,0,0.24,Low
1,0,0,0,0,0,0.59,Low
0,1,0,0,0,0,2.88,Medium
1,0,0,0,1,0,2.82,Medium
1,0,0,0,0,0,1.69,Low
1,0,0,0,0,0,0.53,Low
1,0,0,0,0,0,0.45,Low
0,0,0,0,0,0,1.4,Low
0,1,0,1,0,0,5.61,High
1,0,0,0,1,0,1.48,Low
0,1,0,0,0,0,3.29,Medium
0,1,0,0,0,0,3.81,Medium
0,1,0,0,0,0,4.25,Medium
1,0,0,0,0,0,-0.69,Low
1,0,1,0,0,0,0.72,Low
1,1,0,0,0,0,2.26,Low
0,1,0,1,1,0,6.31,High
1,1,0,0,0,0,2.76,Medium
1,0,0,0,0,0,0.17,Low
1,0,0,0,0,0,0.18,Low
1,1,0,0,0,0,2.93,Medium
1,0,1,0,0,0,1.75,Low
0,1,0,0,0,0,4.49,Medium
1,0,0,0,0,0,0.22,Low
0,1,0,0,0,0,3.99,Medium
1,0,0,0,0,1,3.54,Medium
1,0,0,0,0,0,-0.77,Low
1,0,0,0,0,0,0.31,Low
1,0,1,0,0,0,1.32,Low
1,0,0,0,0,0,0.11,Low
1,0,0,1,0,0,0.92,Low
1,0,0,0,0,0,-2.12,Low
1,0,1,0,0,0,1.04,Low
1,0,0,0,0,0,-1.47,Low
1,0,1,0,0,0,1.25,Low
1,0,0,0,0,0,1.56,Low
1,0,0,0,0,0,0.26,Low
1,0,0,0,1,0,1.65,Low
1,0,1,1,0,1,6.16,High
1,0,0,0,0,0,-0.46,Low
1,1,0,0,0,0,1.97,Low
1,0,0,0,0,0,0.86,Low
1,0,0,0,0,0,0.11,Low
1,0,0,1,1,0,3.77,Medium
1,0,1,1,1,0,5.54,High
0,1,0,0,0,0,5.18,Medium
1,0,0,0,0,0,0.25,Low
1,0,0,0,0,0,0.15,Low
1,0,0,0,0,0,-1.33,Low
1,0,0,0,0,0,-1.09,Low
1,0,1,1,0,0,1.81,Low
1,1,1,0,0,0,2.85,Medium
0,1,0,0,0,0,3.33,Medium
0,0,0,1,0,0,3.6,Medium
1,0,0,0,0,0,-0.68,Low
1,0,0,0,0,0,-0.61,Low
1,0,1,0,0,0,-0.48,Low
1,1,0,0,0,0,2.18,Low
1,0,0,0,0,0,0.56,Low
1,0,0,1,0,0,2.06,Low
1,0,0,0,0,0,0.29,Low
1,0,0,1,1,0,4.37,Medium
0,0,1,0,0,0,3.34,Medium
1,0,0,0,0,0,0.68,Low
0,0,1,0,0,0,3.95,Medium
0,0,0,0,0,0,3.26,Medium
1,0,0,0,1,0,0.46,Low
1,0,0,1,1,0,4.37,Medium
1,0,0,0,0,0,-0.97,Low
1,0,0,0,0,0,1.12,Low
1,0,0,0,0,0,0.05,Low
1,0,0,0,0,0,0.22,Low
1,0,0,0,0,1,4.09,Medium
1,0,0,1,0,0,2.17,Low
1,0,0,0,0,0,1.32,Low
1,0,1,0,0,1,5.99,High
1,0,1,0,0,0,2.28,Low
1,0,0,0,0,0,-0.16,Low
1,0,0,0,0,0,-1.7,Low
1,0,0,0,0,0,0.6,Low
1,0,0,0,0,0,-0.89,Low
1,0,0,0,0,0,-0.29,Low
0,0,0,1,0,0,3.95,Medium
1,0,0,0,0,0,0.0,Low
1,0,0,0,1,0,2.52,Medium
1,0,0,0,0,0,-0.74,Low
0,1,0,1,1,0,8.5,High
1,0,0,1,0,0,1.85,Low
1,1,0,1,0,0,6.08,High
1,0,0,0,0,0,-1.27,Low
1,0,0,0,0,0,0.1,Low
1,0,1,0,0,0,1.49,Low
1,0,0,0,0,0,-0.33,Low
0,0,0,1,1,0,5.54,High
1,0,0,0,0,0,1.06,Low
1,1,0,0,1,0,4.67,Medium
1,0,0,0,0,0,-0.64,Low
1,1,0,0,0,0,0.81,Low
0,0,0,1,0,0,4.47,Medium
1,0,0,0,0,0,0.26,Low
1,0,0,0,0,0,0.46,Low
1,0,0,0,0,0,-0.1,Low
0,1,0,0,0,0,4.69,Medium
1,1,0,0,0,0,3.28,Medium
1,0,0,0,0,0,1.22,Low
1,0,0,0,0,0,-0.66,Low
1,0,0,1,0,0,4.0,Medium
0,1,0,0,0,1,8.53,High
1,0,1,0,0,0,-0.14,Low
1,0,0,1,1,0,4.35,Medium
1,0,0,0,0,0,0.18,Low
1,0,0,0,0,0,-0.09,Low
1,0,0,0,0,0,-0.16,Low
0,0,0,0,0,0,2.56,Medium
1,0,0,1,0,0,2.56,Medium
0,1,0,0,0,0,3.53,Medium
1,0,0,0,0,1,3.57,Medium
1,1,0,0,0,0,1.54,Low
1,1,1,0,0,0,2.86,Medium
1,0,0,0,0,0,0.71,Low
0,1,0,1,0,0,6.96,High
0,0,0,1,0,0,3.83,Medium
1,0,0,0,0,0,0.88,Low
1,0,0,0,0,0,0.35,Low
1,1,1,0,0,0,3.11,Medium
0,0,0,0,0,0,3.49,Medium
0,1,0,0,0,0,4.26,Medium
0,1,0,0,0,0,3.89,Medium
1,0,0,0,0,0,0.67,Low
1,0,0,0,0,0,-0.98,Low
1,0,0,0,0,0,-0.18,Low
1,0,0,0,0,0,0.21,Low
1,0,1,1,1,0,5.58,High
1,0,0,0,0,0,0.19,Low
1,0,1,0,0,0,-0.03,Low
0,0,0,0,0,0,1.29,Low
0,0,0,0,0,0,1.66,Low
1,0,0,0,0,0,0.19,Low
1,0,0,0,0,0,-1.04,Low
1,0,0,0,0,0,1.13,Low
1,0,0,0,0,0,0.25,Low
0,1,0,0,0,0,4.23,Medium
0,0,0,0,0,0,1.86,Low
1,0,0,0,0,0,-1.15,Low
1,1,1,0,0,0,3.07,Medium
1,0,0,0,0,0,0.6,Low
1,0,0,0,0,0,-0.12,Low
1,0,1,0,0,0,1.86,Low
0,0,0,0,0,0,1.95,Low
1,1,0,0,0,0,2.56,Medium
1,0,0,0,0,0,-0.09,Low
1,0,1,0,0,0,1.3,Low
0,1,0,0,0,0,4.69,Medium
1,0,0,0,0,0,-0.86,Low
1,0,0,1,0,0,2.52,Medium
1,0,1,0,0,0,1.84,Low
1,0,1,0,0,0,2.75,Medium
1,0,0,0,0,0,0.06,Low
1,0,1,0,0,0,-0.68,Low
1,0,0,0,0,0,-1.42,Low
0,0,0,0,0,0,1.29,Low
1,0,1,1,1,0,6.03,High
1,0,0,0,0,0,1.76,Low
0,1,0,0,0,0,3.67,Medium
1,0,0,0,0,0,0.04,Low
1,1,0,0,0,0,-0.06,Low
0,0,1,0,0,0,3.52,Medium
1,0,1,0,0,0,1.11,Low
1,0,0,0,0,0,-0.2,Low
1,0,1,0,0,0,0.23,Low
1,0,0,0,0,0,-0.28,Low
1,0,0,0,0,0,-1.08,Low
0,0,0,0,0,0,1.31,Low
1,1,0,0,0,0,0.98,Low
1,0,0,1,1,0,3.19,Medium
0,0,0,0,0,0,1.08,Low
1,0,0,0,0,0,0.46,Low
1,0,0,0,0,0,-0.92,Low
1,0,0,0,0,0,-0.04,Low
1,0,0,0,0,0,-0.87,Low
1,0,0,0,0,0,-0.84,Low
1,0,0,0,0,0,-0.87,Low
0,0,0,0,0,0,2.78,Medium
0,0,0,0,0,0,1.85,Low
0,1,0,0,0,0,3.4,Medium
0,0,1,0,0,1,6.2,High
1,0,0,0,0,0,-1.08,Low
1,0,0,0,0,0,-0.57,Low
0,1,1,0,0,0,3.85,Medium
1,0,0,0,0,0,-0.35,Low
0,0,1,0,0,0,2.43,Low
1,1,0,0,0,0,1.38,Low
1,0,0,0,0,0,0.99,Low
1,1,0,0,0,0,1.8,Low
0,0,0,0,0,0,1.85,Low
1,0,1,0,0,0,2.03,Low
1,0,1,0,0,0,-0.09,Low
1,0,1,0,0,0,0.61,Low
1,0,1,0,0,0,-0.24,Low
0,1,1,0,0,0,5.06,Medium
1,0,0,0,1,0,2.49,Low
1,0,1,0,0,0,-0.94,Low
1,0,0,0,0,0,0.69,Low
1,1,0,0,0,0,2.25,Low
1,1,0,0,0,0,2.03,Low
1,1,1,0,0,0,2.01,Low
1,0,0,0,0,0,0.62,Low
0,0,1,0,0,0,4.35,Medium
1,0,0,0,0,0,-0.33,Low
1,0,0,0,0,0,-0.25,Low
1,0,1,1,1,0,5.02,Medium
1,0,0,0,0,0,-0.32,Low
1,1,1,0,0,0,2.86,Medium
1,0,0,0,0,0,0.82,Low
1,1,0,0,0,1,5.95,High
1,0,1,0,0,0,1.23,Low
1,0,0,0,0,0,1.63,Low
1,0,0,0,0,0,1.17,Low
1,0,0,0,0,0,-0.84,Low
1,1,0,0,0,0,3.4,Medium
1,0,0,0,0,0,1.1,Low
0,1,0,0,0,0,5.2,Medium
1,0,1,0,1,0,2.5,Low
1,0,0,0,0,0,0.17,Low
1,0,0,0,0,0,-0.31,Low
0,0,1,0,0,1,7.1,High
1,0,1,0,0,0,2.4,Low
0,0,0,1,0,0,4.11,Medium
1,0,0,0,0,0,-1.38,Low
0,0,0,0,0,0,1.7,Low
0,1,0,0,0,0,3.48,Medium
0,0,0,0,0,0,3.43,Medium
1,0,0,0,0,0,-0.65,Low
1,0,0,0,0,0,-0.33,Low
1,0,0,0,0,1,3.7,Medium
1,0,0,0,0,0,1.28,Low
0,1,0,0,0,0,4.77,Medium
1,0,0,1,0,0,2.45,Low
1,0,1,1,0,0,3.19,Medium
1,0,0,0,0,0,0.17,Low
1,0,0,0,1,0,2.06,Low
1,0,0,0,0,0,1.64,Low
0,1,0,0,0,0,2.99,Medium
1,0,0,0,0,0,-2.21,Low
1,0,0,1,0,0,2.35,Low
1,0,0,0,0,0,1.12,Low
1,0,1,0,0,0,1.15,Low
1,1,0,0,0,0,0.42,Low
1,1,0,0,0,0,2.6,Medium
1,1,0,0,0,0,1.15,Low
1,0,0,0,0,0,-1.03,Low
1,0,0,0,0,0,-0.78,Low
1,0,0,1,1,0,2.71,Medium
0,0,0,1,0,0,4.16,Medium
0,0,0,0,0,0,1.48,Low
0,1,0,0,0,0,2.94,Medium
1,1,0,0,0,0,3.9,Medium
0,1,0,0,0,0,3.57,Medium
0,1,1,0,0,0,5.04,Medium
0,1,0,0,1,0,7.24,High
1,1,0,0,0,0,2.54,Medium
1,0,1,0,0,0,2.53,Medium
0,0,0,0,0,0,1.44,Low
1,0,0,0,0,0,0.84,Low
1,0,0,1,1,0,4.39,Medium
0,0,0,1,0,0,4.8,Medium
1,0,1,0,0,0,1.68,Low
1,1,0,0,0,0,1.38,Low
1,0,0,0,0,0,2.26,Low
0,0,0,0,0,0,0.19,Low
1,0,0,0,0,0,-0.69,Low
1,1,0,0,0,0,2.54,Medium
1,1,0,0,0,0,2.23,Low
0,0,0,0,0,0,2.11,Low
1,1,0,0,0,0,2.57,Medium
0,0,0,0,0,0,1.33,Low
0,1,1,0,0,0,5.67,High
1,0,1,0,0,0,0.9,Low
1,0,1,0,0,0,2.12,Low
1,0,0,0,0,0,-0.24,Low
1,0,0,0,0,0,0.37,Low
1,1,0,0,0,0,2.51,Medium
0,1,0,0,1,0,6.72,High
0,0,0,0,0,0,2.03,Low
1,0,0,0,0,0,-0.23,Low
1,0,0,0,0,1,3.38,Medium
1,1,0,0,0,0,2.39,Low
1,0,0,0,0,0,-1.52,Low
1,1,0,0,0,0,2.25,Low
0,0,0,0,0,0,2.31,Low
0,0,0,0,0,0,3.5,Medium
1,0,0,0,0,0,-0.53,Low
0,0,0,0,0,1,6.15,High
1,0,0,0,0,1,4.13,Medium
1,0,0,0,0,0,-0.88,Low
1,0,0,0,1,0,2.0,Low
1,0,0,0,0,0,-1.07,Low
0,1,0,0,0,0,4.77,Medium
1,0,1,0,0,0,1.47,Low
1,0,0,0,0,0,0.35,Low
1,0,0,0,0,0,-0.51,Low
1,0,0,0,0,0,1.14,Low
1,0,0,0,0,0,-0.87,Low
1,1,0,0,0,0,2.04,Low
1,1,0,0,0,0,1.06,Low
1,0,0,0,0,0,-0.15,Low
1,0,0,0,0,1,5.02,Medium
1,0,0,0,0,0,0.38,Low
1,0,0,0,0,0,-0.74,Low
1,1,0,0,1,0,3.58,Medium
0,1,1,0,0,1,8.7,High
1,1,0,0,0,0,1.33,Low
1,0,0,0,0,0,0.22,Low
1,1,0,0,0,0,3.75,Medium
1,0,0,0,0,0,-0.45,Low
1,0,0,0,0,0,1.54,Low
1,0,1,0,0,0,1.0,Low
1,0,0,0,0,0,0.26,Low
1,0,0,0,0,0,0.21,Low
0,0,1,0,0,0,1.64,Low
1,0,1,0,0,0,1.36,Low
1,1,0,0,1,0,2.05,Low
1,0,0,0,0,0,0.17,Low
0,0,0,0,0,0,2.13,Low
1,0,0,0,0,0,-1.23,Low
1,0,1,1,0,0,3.05,Medium
1,1,0,0,0,0,1.77,Low
1,0,0,0,0,0,-0.12,Low
1,0,0,0,0,0,-0.11,Low
0,1,0,0,0,1,7.53,High
1,1,0,0,0,0,2.06,Low
1,0,1,0,0,0,1.69,Low
1,0,0,0,0,0,-0.19,Low
1,0,0,0,0,0,-0.04,Low
1,0,0,0,0,0,0.52,Low
1,0,0,0,0,0,1.82,Low
1,1,0,0,0,0,1.85,Low
1,0,0,0,0,0,-1.36,Low
1,0,0,1,0,0,1.28,Low
1,0,0,0,0,0,0.48,Low
1,0,0,0,0,0,1.21,Low
1,1,0,0,0,0,1.24,Low
1,0,0,0,0,0,-0.03,Low
1,0,0,1,1,0,4.02,Medium
1,0,0,1,1,0,3.38,Medium
1,0,0,0,0,0,1.23,Low
0,1,0,0,0,0,4.93,Medium
1,0,1,1,1,0,5.28,Medium
1,0,0,1,0,0,1.66,Low
0,1,0,0,0,0,4.76,Medium
1,0,0,0,0,0,0.41,Low
1,0,1,0,1,0,2.65,Medium
0,0,0,0,0,0,2.78,Medium
1,1,0,1,0,0,4.3,Medium
1,0,0,0,0,1,2.67,Medium
1,0,0,0,0,0,-0.79,Low
1,1,0,0,0,0,0.94,Low
1,0,1,0,0,0,1.82,Low
1,0,1,0,0,0,0.44,Low
0,1,0,0,0,0,4.5,Medium
0,0,0,0,0,0,3.74,Medium
0,0,0,0,0,0,2.64,Medium
0,0,0,0,0,0,1.66,Low
0,0,0,0,0,0,1.41,Low
1,0,0,0,0,0,-0.25,Low
1,0,0,0,0,0,-0.82,Low
1,0,0,0,0,0,-0.92,Low
0,1,0,0,0,0,3.36,Medium
1,0,0,0,0,0,0.43,Low
1,0,0,0,0,0,-0.42,Low
1,0,0,1,0,0,1.82,Low
1,0,0,0,0,0,0.38,Low
1,0,0,0,0,0,0.58,Low
1,1,1,0,0,0,1.46,Low
1,0,0,0,0,0,-1.38,Low
1,0,0,0,0,0,-0.31,Low
1,0,0,0,0,0,-0.89,Low
1,0,0,0,0,0,0.68,Low
1,0,0,1,1,1,7.63,High
1,0,0,0,1,0,3.44,Medium
1,1,0,0,0,0,1.61,Low
0,0,0,0,0,0,2.25,Low
1,1,0,0,0,0,1.47,Low
1,1,0,0,0,0,2.39,Low
1,1,0,0,1,0,4.41,Medium
1,0,0,0,0,0,0.71,Low
0,1,0,0,0,0,3.89,Medium
1,0,0,0,0,0,1.02,Low
1,0,1,0,0,0,1.24,Low
1,0,0,0,0,0,-0.51,Low
0,1,0,1,1,0,7.49,High
0,0,0,0,1,0,4.58,Medium
1,0,0,0,1,0,3.01,Medium
1,0,1,1,0,0,2.1,Low
0,0,0,1,0,0,4.6,Medium
1,0,0,0,0,0,-1.19,Low
0,1,0,0,1,0,5.51,High
1,0,0,0,0,0,0.39,Low
1,1,0,0,0,0,1.32,Low
1,0,0,0,0,0,1.17,Low
1,1,0,0,0,0,2.49,Low
1,0,0,0,0,0,-0.95,Low
0,0,0,0,0,0,2.52,Medium
1,0,1,0,0,0,-0.06,Low
1,0,0,0,1,0,2.0,Low
1,0,0,0,0,0,0.7,Low
1,0,1,0,0,0,1.57,Low
0,1,0,0,0,0,3.93,Medium
0,0,0,0,0,0,1.72,Low
1,0,0,0,0,0,-0.93,Low
0,0,0,0,0,0,2.15,Low
0,0,0,0,0,0,2.64,Medium
0,0,0,0,1,0,5.65,High
1,0,0,0,0,0,-0.36,Low
0,1,0,0,1,0,6.68,High
1,0,0,0,0,0,0.61,Low
1,0,0,0,0,0,-0.38,Low
0,0,0,0,0,0,2.58,Medium
1,0,0,0,0,0,-0.65,Low
1,0,0,0,0,0,0.21,Low
0,0,1,0,0,0,2.83,Medium
0,0,0,0,0,0,2.35,Low
1,1,0,0,0,0,2.42,Low
0,1,0,0,0,0,3.58,Medium
1,0,0,0,0,0,-0.01,Low
1,0,0,0,0,0,-0.1,Low
0,1,0,1,0,0,5.13,Medium
1,0,0,0,0,0,-0.3,Low
1,0,1,0,0,0,0.54,Low
1,0,0,0,0,0,-0.9,Low
1,0,0,0,0,0,-0.64,Low
1,1,0,1,0,0,3.79,Medium
0,0,0,0,0,0,2.04,Low
0,0,0,0,0,0,1.01,Low
1,0,0,0,0,0,0.96,Low
0,1,1,1,1,0,9.49,High
1,0,0,0,0,0,-0.07,Low
1,0,0,0,0,0,-0.98,Low
0,0,0,0,0,0,1.83,Low
1,0,0,0,0,0,-0.22,Low
1,0,0,0,1,0,1.14,Low
1,0,0,0,1,0,1.07,Low
1,0,0,0,1,0,2.61,Medium
0,0,0,0,0,0,1.74,Low
1,0,1,0,0,0,1.71,Low
1,0,0,0,0,0,-0.01,Low
1,0,0,0,0,0,0.6,Low
1,1,1,0,0,0,3.57,Medium
1,0,1,1,0,1,7.37,High
1,1,0,0,0,0,2.95,Medium
0,1,0,0,1,0,6.08,High
0,0,0,0,0,0,0.8,Low
1,0,0,0,0,0,-1.07,Low
1,0,0,0,1,0,1.48,Low
1,0,1,0,0,0,1.59,Low
0,1,0,0,1,0,5.68,High
0,0,0,0,0,0,2.16,Low
1,0,0,0,0,0,0.43,Low
1,0,1,1,1,0,5.13,Medium
1,1,0,0,0,0,0.17,Low
1,0,0,0,0,1,3.05,Medium
1,0,0,0,0,0,1.41,Low
1,0,0,0,0,0,0.26,Low
1,0,0,0,0,0,-2.16,Low
1,0,0,0,0,0,0.06,Low
1,0,0,0,0,0,1.44,Low
1,0,0,0,0,0,0.22,Low
1,0,1,0,0,0,1.04,Low
1,0,1,1,0,0,1.54,Low
1,0,0,0,0,0,-0.22,Low
1,0,0,0,0,0,-1.31,Low
1,0,0,0,0,0,-0.98,Low
1,0,1,0,0,0,-0.16,Low
1,0,0,0,0,1,5.39,Medium
1,0,0,0,0,0,0.58,Low
1,0,0,0,0,0,1.12,Low
1,0,0,0,0,0,-1.06,Low
0,0,0,0,0,0,2.15,Low
1,0,0,0,0,0,-0.81,Low
1,0,0,0,0,0,-0.72,Low
1,0,0,0,0,0,0.38,Low
1,0,0,0,0,0,0.14,Low
1,1,1,0,0,0,3.23,Medium
1,0,0,0,0,1,3.0,Medium
1,0,0,0,0,0,0.1,Low
0,1,0,0,0,0,4.28,Medium
1,0,1,0,0,0,0.46,Low
1,1,0,0,0,0,1.78,Low
1,0,0,0,0,0,-1.32,Low
0,1,0,0,0,0,2.28,Low
0,1,1,0,0,0,6.61,High
1,0,0,0,0,0,0.16,Low
0,1,0,0,0,0,3.71,Medium
1,0,0,0,0,0,0.64,Low
0,0,0,0,0,0,1.3,Low
0,1,0,0,0,0,4.09,Medium
1,0,1,0,0,0,1.89,Low
1,0,0,0,0,0,-0.88,Low
1,0,1,0,0,0,0.61,Low
1,0,0,0,0,1,2.9,Medium
1,0,1,0,0,0,1.67,Low
1,0,0,1,1,0,4.16,Medium
1,0,0,0,1,0,2.94,Medium
1,0,0,0,0,0,0.67,Low
1,1,0,0,0,0,1.79,Low
1,0,0,0,0,0,0.33,Low
1,0,0,0,0,0,0.34,Low
1,0,0,0,0,0,0.59,Low
1,0,0,0,0,0,1.17,Low
1,0,0,0,0,0,-0.87,Low
1,0,0,0,0,0,-1.5,Low
0,1,1,0,0,0,4.16,Medium
1,0,1,0,0,0,1.38,Low
1,0,0,0,0,0,0.33,Low
1,0,0,0,0,0,-0.46,Low
1,0,0,0,0,0,-0.22,Low
1,0,0,1,0,0,1.33,Low
1,0,0,0,0,0,-0.09,Low
1,0,0,0,0,0,-0.55,Low
0,0,0,0,0,0,3.31,Medium
1,0,0,0,1,1,7.06,High
1,0,0,0,0,0,0.58,Low
0,1,1,0,0,0,5.02,Medium
1,0,0,0,0,0,0.91,Low
1,0,0,0,0,0,0.08,Low
1,0,0,0,1,0,2.13,Low
1,0,0,0,0,0,-1.38,Low
1,0,0,0,1,0,2.21,Low
1,0,0,0,0,0,-1.03,Low
0,1,0,0,0,0,3.68,Medium
0,0,0,1,0,0,4.14,Medium
0,1,0,0,0,0,3.28,Medium
0,0,0,0,0,0,2.38,Low
1,0,0,0,1,0,2.84,Medium
1,0,0,0,0,0,-0.71,Low
1,0,0,0,0,0,0.09,Low
1,1,0,0,0,0,1.0,Low
0,1,0,0,0,0,3.07,Medium
1,0,0,0,0,0,0.25,Low
0,0,0,0,0,0,2.57,Medium
0,0,1,0,0,0,1.79,Low
0,0,1,0,0,0,4.64,Medium
0,1,0,0,0,0,3.6,Medium
1,0,0,0,0,0,0.17,Low
1,1,0,1,0,1,7.57,High
1,0,0,0,0,0,-0.23,Low
1,0,0,0,0,0,1.21,Low
1,0,0,0,0,0,1.2,Low
0,1,0,0,0,0,2.68,Medium
0,0,0,0,0,0,1.55,Low
1,0,0,1,0,0,4.36,Medium
1,1,0,0,1,0,3.65,Medium
1,0,1,0,0,1,5.34,Medium
1,0,0,0,0,0,0.91,Low
1,0,0,0,0,0,0.68,Low
1,1,1,1,0,0,2.75,Medium
1,1,0,0,0,0,2.27,Low
1,0,0,0,1,0,3.4,Medium
1,0,0,0,0,0,0.02,Low
1,0,0,0,0,0,-0.83,Low
1,0,0,0,0,0,-0.82,Low
1,1,0,0,0,1,5.84,High
1,1,0,0,0,0,2.54,Medium
0,0,0,0,0,0,4.31,Medium
1,0,0,1,1,0,3.77,Medium
1,0,1,0,0,0,1.45,Low
1,0,0,0,0,0,-1.24,Low
1,0,0,0,0,0,-1.35,Low
0,0,0,0,0,0,1.6,Low
1,0,0,0,0,0,0.36,Low
1,0,0,0,0,0,-0.07,Low
1,0,0,0,0,0,0.04,Low
1,1,1,0,0,0,2.78,Medium
1,1,1,0,0,0,2.98,Medium
1,0,0,0,0,0,-0.24,Low
1,0,0,0,0,0,-1.08,Low
1,0,0,0,0,0,-1.19,Low
1,1,1,0,0,1,8.09,High
1,0,1,0,1,0,2.34,Low
1,0,0,0,0,0,-0.19,Low
1,0,0,0,0,0,0.95,Low
1,0,0,0,1,0,1.78,Low
1,0,0,1,1,0,4.7,Medium
1,0,1,1,1,0,4.29,Medium
1,0,0,1,0,0,3.24,Medium
1,1,0,0,0,0,2.18,Low
1,0,0,0,0,0,-0.02,Low
0,0,1,1,0,0,4.87,Medium
1,0,0,0,0,0,0.61,Low
1,0,0,1,0,0,2.19,Low
1,0,0,0,0,0,-2.56,Low
0,0,1,1,1,0,6.64,High
1,0,0,0,0,0,0.26,Low
0,1,1,0,0,0,4.23,Medium
0,1,1,0,0,0,4.6,Medium
1,0,0,0,0,0,-0.31,Low
0,0,0,0,1,0,5.28,Medium
1,0,0,1,0,0,2.48,Low
0,1,0,0,0,0,4.26,Medium
1,0,0,0,0,0,-0.93,Low
1,0,0,0,0,0,-0.55,Low
1,0,0,0,0,0,0.68,Low
0,0,0,0,0,0,2.53,Medium
1,0,0,0,0,0,-1.14,Low
1,0,0,0,0,0,1.12,Low
1,1,0,0,0,0,1.31,Low
1,0,0,0,0,0,0.29,Low
1,0,1,0,0,0,3.19,Medium
1,0,0,0,0,0,-0.33,Low
1,1,0,0,0,0,2.13,Low
1,0,0,0,0,0,-0.45,Low
1,0,0,0,0,0,0.14,Low
1,0,0,0,0,0,1.14,Low
1,1,0,0,0,0,1.84,Low
0,0,1,0,0,0,2.76,Medium
1,0,0,1,0,0,2.88,Medium
0,1,0,0,0,0,2.99,Medium
1,1,0,0,0,0,2.07,Low
1,0,1,0,0,0,0.42,Low
1,1,0,1,0,0,3.81,Medium
0,0,1,0,0,0,2.29,Low
1,0,0,0,0,0,-1.14,Low
1,0,0,0,0,0,-1.77,Low
1,0,1,1,1,0,4.64,Medium
1,0,0,0,0,0,0.18,Low
0,0,0,0,0,0,2.65,Medium
1,0,0,0,1,0,0.93,Low
1,0,0,0,0,0,0.12,Low
1,0,1,0,0,0,1.45,Low
1,0,1,0,0,0,1.29,Low
1,1,0,1,0,0,4.21,Medium
1,0,0,0,0,0,-1.73,Low
0,1,0,0,0,1,7.9,High
1,0,0,1,1,0,3.93,Medium
0,1,0,0,0,0,4.44,Medium
1,0,0,0,0,0,1.11,Low
1,1,1,0,0,0,2.79,Medium
1,0,0,1,0,1,5.72,High
1,0,0,0,0,0,0.1,Low
1,0,0,0,0,0,0.02,Low
1,0,0,0,1,0,2.35,Low
1,0,1,0,0,0,1.42,Low
1,0,0,1,0,0,1.86,Low
1,0,0,0,0,0,0.4,Low
1,0,0,0,0,0,-0.18,Low
1,0,1,0,0,0,-0.16,Low
1,0,0,0,0,0,-0.92,Low
1,0,0,0,0,0,-1.87,Low
1,0,0,0,0,0,1.33,Low
0,0,0,1,1,0,7.03,High
0,0,1,0,0,0,3.83,Medium
1,0,0,0,0,0,-0.17,Low
1,1,0,0,0,0,2.78,Medium
1,0,0,0,0,0,0.72,Low
0,0,1,0,0,0,1.84,Low
1,0,0,0,0,0,-0.63,Low
1,0,1,0,0,0,1.43,Low
1,0,0,0,1,0,1.61,Low
1,0,1,0,0,0,0.43,Low
1,0,1,1,0,1,7.66,High
1,0,0,0,1,0,1.34,Low
1,1,0,1,0,0,5.99,High
1,0,0,0,0,0,1.28,Low
1,0,0,0,0,0,-0.17,Low
1,0,0,1,0,0,3.0,Medium
1,0,0,0,0,0,0.15,Low
0,0,0,0,0,1,5.67,High
1,0,0,0,0,0,1.58,Low
1,0,0,0,0,0,0.31,Low
1,1,1,0,0,0,2.28,Low
0,0,1,0,1,0,5.37,Medium
0,1,0,0,0,0,5.34,Medium
1,0,0,1,1,0,4.0,Medium
1,0,0,1,0,1,6.17,High
1,0,0,0,0,0,-0.24,Low
1,0,0,0,0,0,0.28,Low
1,0,0,0,1,0,1.22,Low
0,0,0,0,1,0,3.36,Medium
1,0,0,0,0,0,-0.27,Low
0,0,0,0,0,1,6.13,High
0,1,0,0,0,0,4.89,Medium
1,0,0,0,0,0,-0.12,Low
0,0,0,0,0,1,6.66,High
1,0,0,0,0,0,-0.35,Low
1,0,0,0,0,0,0.47,Low
1,0,0,0,0,0,0.96,Low
1,0,1,0,0,0,0.91,Low
1,0,0,0,0,0,0.28,Low
1,0,0,0,0,0,-0.47,Low
1,0,0,1,0,0,2.47,Low
1,0,0,0,0,0,-2.24,Low
1,0,0,1,0,0,0.7,Low
0,0,1,0,0,0,3.46,Medium
1,0,0,0,0,0,-1.31,Low
1,0,1,0,0,0,0.61,Low
1,0,1,0,0,0,2.12,Low
1,0,0,0,0,0,0.69,Low
1,1,0,1,0,0,5.92,High
1,0,0,0,1,0,2.06,Low
1,0,0,0,0,0,-0.07,Low
1,0,1,0,0,0,1.01,Low
0,0,0,0,0,0,1.26,Low
1,0,0,0,0,0,-0.17,Low
1,0,0,0,0,0,-1.01,Low
1,0,0,0,0,0,0.94,Low
1,0,0,0,0,0,0.59,Low
1,1,1,0,0,0,2.07,Low
1,0,0,0,0,0,-0.53,Low
1,0,1,0,0,0,1.31,Low
1,0,0,0,0,0,0.22,Low
1,1,0,0,0,0,1.16,Low
0,1,0,0,0,0,4.05,Medium
1,0,0,0,1,0,2.46,Low
1,0,0,0,0,0,0.48,Low
1,0,1,0,0,0,2.35,Low
1,0,0,1,0,0,2.2,Low
1,0,0,1,0,0,1.01,Low
1,0,0,0,0,0,-0.85,Low
1,0,0,0,0,0,1.0,Low
1,0,0,0,0,0,1.29,Low
1,0,0,0,0,0,-0.03,Low
0,0,1,0,0,0,3.31,Medium
1,1,0,0,0,0,2.07,Low
1,1,0,0,0,0,1.76,Low
0,0,0,0,0,0,0.81,Low
1,1,0,1,1,0,6.38,High
1,0,0,0,0,0,1.43,Low
1,0,1,0,0,1,5.14,Medium
1,0,1,1,0,0,2.76,Medium
1,0,0,0,0,0,-0.35,Low
1,0,0,1,0,0,2.4,Low
1,0,0,0,0,0,0.92,Low
1,0,1,1,1,0,5.43,Medium
1,0,1,1,0,0,1.5,Low
0,1,0,0,0,0,5.39,Medium
1,1,0,0,0,0,2.67,Medium
1,0,1,0,0,0,0.86,Low
1,0,0,0,0,0,-0.42,Low
1,0,1,0,0,0,0.64,Low
1,0,0,0,0,0,0.69,Low
1,0,0,0,0,0,-1.58,Low
0,0,0,0,0,0,2.41,Low
1,0,0,0,0,0,0.22,Low
1,0,1,0,0,0,1.21,Low
1,1,0,1,1,1,9.07,High
1,0,0,0,0,0,-1.36,Low
1,0,0,0,0,0,1.8,Low
1,0,0,0,0,0,0.11,Low
0,1,0,1,1,0,9.55,High
1,0,0,0,0,0,0.72,Low
1,0,0,0,0,0,0.09,Low
1,0,0,0,0,0,0.19,Low
1,0,1,0,0,0,1.86,Low
1,0,0,0,0,0,0.95,Low
0,1,0,0,0,0,4.38,Medium
0,0,1,0,1,0,5.87,High
1,0,0,0,0,0,0.91,Low
1,0,0,0,0,0,0.26,Low
0,0,0,0,0,0,1.52,Low
1,0,0,0,0,0,0.4,Low
1,0,0,0,1,0,1.4,Low
1,0,1,0,0,0,0.7,Low
1,0,0,0,0,0,0.32,Low
1,0,1,0,0,0,0.94,Low
0,1,0,0,0,0,5.05,Medium
0,1,0,0,0,0,3.47,Medium
1,0,0,0,0,0,-1.7,Low
1,0,0,1,1,0,5.05,Medium
0,0,1,0,0,0,3.04,Medium
1,1,0,0,0,0,2.08,Low
1,0,1,0,0,0,0.37,Low
1,0,0,0,0,0,-1.51,Low
1,0,0,0,0,0,-0.66,Low
1,0,1,0,0,0,1.46,Low
1,0,0,0,0,0,-0.16,Low
1,0,0,1,0,0,1.73,Low
0,1,0,0,0,0,2.64,Medium
1,0,1,0,0,0,2.45,Low
1,0,0,1,0,0,1.95,Low
1,0,1,0,0,0,2.87,Medium
1,0,1,0,0,0,1.29,Low
1,0,0,1,0,0,3.24,Medium
1,0,0,0,0,0,-0.57,Low
1,1,0,0,0,0,0.79,Low
1,0,0,0,0,0,-0.15,Low
0,1,0,0,0,0,4.45,Medium
1,0,0,0,0,0,0.53,Low
1,0,0,0,0,0,0.32,Low
1,0,0,0,0,0,1.83,Low
1,0,1,0,0,0,1.31,Low
0,1,1,1,0,0,6.75,High
0,0,0,1,1,0,5.81,High
1,0,0,0,0,0,-0.64,Low
1,0,0,0,0,0,0.23,Low
1,0,0,0,1,0,2.87,Medium
1,0,1,0,0,0,2.13,Low
1,0,0,0,0,0,-0.24,Low
1,0,0,1,1,0,3.96,Medium
0,1,0,0,0,0,3.49,Medium
1,0,0,0,0,0,0.77,Low
1,0,0,0,0,0,-0.99,Low
1,0,0,0,0,0,-0.58,Low
1,0,0,0,0,0,-3.33,Low
1,0,0,0,0,0,-0.94,Low
1,0,0,0,0,0,-0.47,Low
1,0,0,0,0,0,-0.41,Low
1,0,1,0,0,0,-0.04,Low
0,0,0,0,0,0,1.1,Low
1,0,0,1,1,0,5.01,Medium
1,1,1,0,0,0,2.38,Low
1,0,1,0,0,0,-0.45,Low
0,1,0,0,0,0,3.17,Medium
1,0,0,0,0,0,-0.82,Low
1,1,1,0,0,0,2.94,Medium
0,0,0,0,0,0,2.29,Low
1,1,1,0,0,0,1.92,Low
1,0,0,0,0,0,0.24,Low
1,0,1,0,0,0,2.12,Low
0,0,0,0,1,0,4.81,Medium
1,1,0,0,0,0,2.46,Low
1,0,0,0,0,0,0.33,Low
1,0,1,0,0,0,0.75,Low
0,1,0,0,0,0,5.14,Medium
1,0,0,0,0,0,0.34,Low
1,0,0,0,0,0,-0.64,Low
0,0,1,0,1,0,4.88,Medium
1,1,0,0,1,0,3.46,Medium
0,1,0,0,0,0,3.89,Medium
0,0,0,0,0,0,2.97,Medium
0,0,1,0,0,1,6.86,High
1,0,0,0,0,0,-0.64,Low
1,0,0,0,0,0,0.83,Low
0,0,0,0,0,0,3.02,Medium
0,0,0,0,0,0,1.37,Low
1,0,0,0,0,0,1.18,Low
0,1,0,0,1,0,6.77,High
1,1,0,0,0,0,1.56,Low
1,0,0,0,0,0,0.98,Low
1,1,0,0,0,0,1.01,Low
0,1,0,0,0,0,3.61,Medium
1,0,1,0,0,0,0.12,Low
1,0,0,0,0,0,-0.78,Low
0,1,0,0,0,0,4.68,Medium
1,0,0,0,0,0,-0.01,Low
1,0,0,0,0,0,-0.89,Low
1,0,0,0,0,0,-0.47,Low
1,0,1,0,0,0,0.47,Low
1,0,0,0,1,0,2.2,Low
0,1,0,0,0,0,5.82,High
1,0,0,0,0,0,0.16,Low
0,0,0,0,0,0,2.22,Low
1,0,0,0,0,0,1.23,Low
1,0,1,0,1,0,2.57,Medium
1,1,0,0,0,0,3.07,Medium
1,0,0,0,0,0,-0.34,Low
1,0,1,0,0,0,0.71,Low
1,0,0,0,0,0,-0.26,Low
1,0,0,0,0,0,-0.09,Low
1,0,0,0,0,0,-0.14,Low
1,0,1,0,0,0,1.29,Low
1,0,0,0,0,0,-0.34,Low
0,0,1,0,0,0,3.08,Medium
1,0,0,0,0,0,-1.29,Low
1,1,0,0,0,0,2.63,Medium
0,0,0,0,0,0,2.91,Medium
0,1,0,0,0,0,4.18,Medium
1,0,0,0,0,0,0.6,Low
1,0,0,1,0,0,1.33,Low
1,0,0,0,0,0,1.21,Low
1,0,0,0,0,0,0.15,Low
0,0,1,0,0,0,1.72,Low
1,0,1,0,0,0,1.97,Low
1,0,0,0,0,0,0.57,Low
0,0,1,0,0,0,4.5,Medium
1,0,0,0,1,0,3.33,Medium
1,0,0,1,1,0,5.07,Medium
0,1,0,1,0,0,6.38,High
1,1,1,0,0,0,3.57,Medium
0,0,0,0,0,0,1.14,Low
0,0,0,0,0,0,1.78,Low
1,0,0,0,0,0,2.39,Low
1,0,0,1,1,0,2.62,Medium
1,1,0,0,0,0,2.25,Low
1,0,0,0,0,0,-0.03,Low
1,0,0,0,0,0,0.68,Low
1,0,1,1,0,0,3.16,Medium
0,0,0,0,0,0,2.97,Medium
1,1,0,0,0,0,2.01,Low
1,0,0,0,0,0,0.62,Low
1,0,0,0,0,0,0.29,Low
0,0,0,1,1,0,5.77,High
1,0,0,0,0,0,-0.35,Low
1,0,0,0,0,0,1.02,Low
0,1,0,1,0,0,6.5,High
1,0,0,0,1,0,2.8,Medium
1,0,0,0,0,0,1.0,Low
0,1,1,0,0,0,4.59,Medium
1,0,0,0,0,0,-0.22,Low
0,1,0,0,0,0,3.73,Medium
1,0,0,0,1,0,2.82,Medium
1,0,0,0,0,0,0.07,Low
0,0,0,1,0,0,4.15,Medium
1,0,0,0,0,0,-0.84,Low
1,0,1,0,0,0,1.66,Low
0,1,0,1,0,0,6.69,High
0,1,0,0,0,0,4.45,Medium
0,0,0,0,0,0,2.13,Low
1,0,0,0,0,0,0.83,Low
1,1,0,0,0,0,1.96,Low
1,0,0,0,1,0,3.14,Medium
1,0,0,1,0,0,2.57,Medium
0,0,0,0,0,0,0.99,Low
1,0,0,0,0,0,-0.11,Low
1,0,0,0,1,0,2.26,Low
1,0,0,0,0,0,-0.56,Low
1,0,0,0,0,0,0.86,Low
0,0,0,0,0,0,0.42,Low
1,0,0,0,0,0,0.64,Low
1,0,0,0,0,0,0.55,Low
0,0,0,0,0,0,0.41,Low
1,0,0,0,1,0,2.08,Low
1,0,0,0,0,0,-0.35,Low
1,0,0,0,0,0,1.13,Low
1,1,0,0,0,0,1.33,Low
1,0,0,0,0,0,0.64,Low
0,0,0,0,0,1,6.8,High
1,1,0,0,0,0,1.69,Low
0,1,0,0,0,0,5.04,Medium
0,1,0,0,0,0,3.67,Medium
1,0,1,1,0,0,4.07,Medium
1,0,1,0,0,1,7.08,High
1,0,0,0,0,0,0.74,Low
1,0,0,0,0,0,0.49,Low
0,0,0,0,0,0,1.62,Low
1,0,0,0,0,0,1.49,Low
1,0,0,0,0,0,0.71,Low
1,0,0,0,0,0,-0.37,Low
1,0,0,0,0,0,1.2,Low
1,0,0,0,0,0,0.09,Low
1,0,0,0,0,0,0.54,Low
1,0,1,1,0,0,2.67,Medium
1,0,0,0,0,0,-0.75,Low
1,0,0,0,0,0,-0.71,Low
1,0,0,0,1,0,1.69,Low
1,0,0,1,0,0,2.41,Low
1,1,0,0,1,0,3.76,Medium
1,0,1,0,0,0,0.37,Low
1,0,0,0,0,0,-0.76,Low
0,0,1,0,0,0,4.01,Medium
1,0,0,0,0,0,-0.1,Low
1,0,0,0,0,0,-1.57,Low
0,1,0,0,0,0,3.99,Medium
0,1,0,0,0,0,3.67,Medium
1,0,0,0,0,0,0.16,Low
1,1,0,0,0,0,1.55,Low
1,0,1,0,0,0,2.03,Low
1,0,0,0,0,0,-0.12,Low
0,1,0,0,0,0,3.83,Medium
1,0,0,0,1,0,1.75,Low
1,0,0,0,0,0,0.38,Low
1,0,0,0,0,0,0.32,Low
1,0,0,0,0,0,-0.31,Low
1,0,0,0,0,0,0.02,Low
0,1,0,0,0,1,7.8,High
1,0,1,1,1,0,5.68,High
1,0,0,1,1,0,2.97,Medium
1,0,0,0,0,0,-0.27,Low
1,0,0,0,0,0,-0.16,Low
1,0,0,0,0,0,1.12,Low
0,0,1,0,0,0,3.94,Medium
1,0,0,0,0,1,4.31,Medium
0,0,0,0,0,0,1.2,Low
1,0,0,0,0,0,0.05,Low
1,1,0,0,0,0,3.5,Medium
1,0,0,0,0,0,-0.12,Low
1,0,0,0,0,0,0.1,Low
0,0,0,0,0,0,2.15,Low
1,0,0,0,0,0,-0.68,Low
1,0,0,0,0,0,-0.65,Low
1,0,0,0,1,0,1.35,Low
0,1,0,0,0,0,3.76,Medium
1,0,0,1,1,0,4.35,Medium
1,0,0,0,0,0,0.14,Low
1,1,0,0,0,0,2.41,Low
1,1,0,0,0,0,3.73,Medium
1,0,0,0,0,0,2.08,Low
0,1,0,0,0,0,4.08,Medium
1,0,0,0,0,0,0.74,Low
1,0,1,0,0,0,1.53,Low
1,0,0,0,0,0,0.86,Low
1,0,0,0,0,0,0.83,Low
1,1,0,0,0,0,1.58,Low
0,0,1,0,0,0,4.59,Medium
0,1,0,0,0,0,5.22,Medium
0,1,1,0,0,0,5.77,High
0,1,0,0,0,0,4.55,Medium
1,0,1,1,0,0,3.32,Medium
1,0,1,1,0,0,3.16,Medium
1,0,0,0,0,0,0.63,Low
1,0,0,0,0,0,0.2,Low
1,0,0,0,1,0,2.3,Low
1,0,1,0,0,0,1.02,Low
1,0,1,0,0,0,0.89,Low
0,0,0,0,0,0,3.53,Medium
1,0,0,1,0,0,2.17,Low
0,0,1,1,1,0,6.77,High
1,0,0,0,0,0,0.23,Low
1,1,1,0,0,0,2.13,Low
1,0,1,0,0,0,1.85,Low
1,0,1,0,0,0,1.11,Low
1,0,0,0,0,0,-0.16,Low
1,0,0,0,0,0,-0.24,Low
1,0,0,0,0,0,-1.16,Low
1,0,1,1,1,0,6.56,High
1,0,0,0,1,0,2.26,Low
1,0,0,0,0,0,1.55,Low
1,1,0,0,0,0,1.9,Low
1,0,0,0,0,0,0.47,Low
1,0,1,0,0,0,1.7,Low
1,0,0,0,0,0,0.5,Low
1,1,0,0,0,0,1.75,Low
1,0,0,0,0,0,-1.31,Low
0,1,1,0,0,0,6.91,High
1,0,0,0,0,0,-0.48,Low
1,0,0,0,0,0,2.14,Low
1,0,0,0,0,0,-0.38,Low
1,0,0,0,0,0,1.21,Low
1,0,0,0,0,0,0.57,Low
1,1,0,0,0,0,2.61,Medium
1,0,0,0,0,0,-0.4,Low
1,0,0,0,0,0,-0.22,Low
1,0,0,0,0,0,-0.21,Low
1,0,1,0,0,0,1.22,Low
1,0,0,0,0,0,-0.07,Low
1,0,0,0,0,0,-0.33,Low
1,0,0,0,0,0,-0.65,Low
0,0,1,0,1,0,4.43,Medium
0,0,0,0,0,0,2.43,Low
1,1,1,0,0,0,2.44,Low
1,0,0,0,0,0,-0.88,Low
1,1,0,0,0,0,2.11,Low
1,0,0,0,0,0,-1.75,Low
0,1,0,0,1,0,5.99,High
0,1,0,1,0,1,10.06,High
1,0,0,0,0,0,0.45,Low
1,1,0,0,0,0,2.27,Low
1,0,0,0,0,0,-1.02,Low
1,0,1,0,0,0,0.85,Low
0,0,0,0,0,0,2.52,Medium
0,0,0,0,0,0,2.33,Low
1,1,0,0,0,0,1.37,Low
1,0,0,0,0,0,0.33,Low
1,0,0,0,0,1,4.73,Medium
1,0,0,1,0,0,1.22,Low
0,1,0,1,1,0,6.43,High
1,0,0,0,0,0,1.42,Low
1,0,0,0,0,0,0.25,Low
1,0,0,0,0,0,-0.37,Low
0,0,0,0,0,1,5.61,High
1,1,0,1,0,0,4.12,Medium
0,1,1,0,0,1,9.83,High
0,1,0,0,0,0,2.79,Medium
0,1,0,0,0,0,3.68,Medium
1,0,0,0,0,0,1.32,Low
1,0,0,0,0,0,0.66,Low
